Effective_Date,Symbol
2019-09-27,THOMASCOOK
2019-09-27,BERGEPAINT
2019-09-27,DHFL
2019-09-27,EXIDEIND
2019-09-27,DISHTV
2019-09-27,FINCABLES
2019-09-27,JMFINANCIL
2019-09-27,KIOCL
2019-09-27,TATACHEM
2019-09-27,ADANIENSOL
2019-09-27,RELCAPITAL
2019-09-27,RELINFRA
2019-09-27,RPOWER
2019-09-27,SPARC
2019-09-27,ALBK
2019-09-27,ORIENTBANK
2019-09-27,PNB
2019-09-27,PFC
2019-09-27,IDBI
2019-09-27,ABBOTINDIA
2019-09-27,MUTHOOTFIN
2019-09-27,FCONSUMER
2019-09-27,GRAPHITE
2019-09-27,HEG
2019-09-27,INDIANB
2019-09-27,IGL
2019-09-27,NAUKRI
2019-09-27,KRBL
2019-09-27,EIHOTEL
2019-09-27,ENGINERSIN
2019-09-27,NBCC
2019-09-27,STRTECH
2019-09-27,TORNTPHARM
2019-09-27,VARROC
2019-09-27,ALKEM
2019-09-27,BLUEDART
2019-09-27,CENTRALBK
2019-09-27,MAHINDCIE
2019-09-27,BEL
2019-09-27,DBL
2019-09-27,VGUARD
2019-09-27,QUESS
2019-09-27,UCOBANK
2019-09-27,APOLLOHOSP
2019-09-27,EDELWEISS
2019-09-27,PIIND
2019-09-27,FRETAIL
2019-09-27,HUDCO
2019-09-27,TATACONSUM
2019-09-27,ERIS
2019-09-27,MRF
2019-09-27,NATIONALUM
2019-09-27,NLCINDIA
2019-09-27,SHRIRAMCIT
2019-09-27,SYMPHONY
2019-09-27,ZFCVINDIA
2019-09-27,JUBLFOOD
2019-09-27,MRPL
2019-09-27,PNBHOUSING
2019-09-27,JINDALSTEL
2019-09-27,SJVN
2019-09-27,GMRAIRPORT
2019-09-27,ARE&M
2019-09-27,CASTROLIND
2019-09-27,CHOLAFIN
2019-09-27,CUB
2019-09-27,DHANI
2019-09-27,SAIL
2019-09-27,ATGL
2019-09-27,GILLETTE
2019-09-27,MOTILALOFS
2019-09-27,RBLBANK
2019-09-27,SRF
2019-09-27,TTKPRESTIG
2019-09-27,APOLLOTYRE
2019-09-27,IOB
2019-09-27,MGL
2019-09-27,LTM
2019-09-27,EMAMILTD
2019-09-27,CORPBANK
2019-09-27,THERMAX
2019-09-27,MANAPPURAM
2019-09-27,MPHASIS
2019-09-27,PVRINOX
2019-09-27,APLLTD
2019-09-27,CANBK
2019-09-27,GSPL
2019-09-27,HATSUN
2019-09-27,RAJESHEXPO
2019-09-27,RECLTD
2019-09-27,VBL
2019-09-27,AAVAS
2019-09-27,NAM-INDIA
2019-09-27,TRENT
2019-09-27,TVSMOTOR
2019-09-27,CROMPTON
2019-09-27,PFIZER
2019-09-27,NATCOPHARM
2019-09-27,SANOFI
2019-09-27,RELAXO
2019-09-27,UNIONBANK
2019-09-27,WHIRLPOOL
2019-09-27,ATUL
2019-09-27,GLENMARK
2019-09-27,BHEL
2019-09-27,ISEC
2019-09-27,JSWENERGY
2019-09-27,KANSAINER
2019-09-27,CUMMINSIND
2019-09-27,VINATIORGA
2019-09-27,BAYERCROP
2019-09-27,INDHOTEL
2019-09-27,SKFINDIA
2019-09-27,SUNDRMFAST
2019-09-27,ABFRL
2019-09-27,SOLARINDS
2019-09-27,SUNTV
2019-09-27,RAMCOCEM
2019-09-27,HAL
2019-09-27,BATAINDIA
2019-09-27,M&MFIN
2019-09-27,GODREJIND
2019-09-27,BALKRISIND
2019-09-27,FEDERALBNK
2019-09-27,VOLTAS
2019-09-27,AIAENG
2019-09-27,OBEROIRLTY
2019-09-27,TORNTPOWER
2019-09-27,3MINDIA
2019-09-27,PRESTIGE
2019-09-27,COROMANDEL
2019-09-27,GODREJPROP
2019-09-27,CRISIL
2019-09-27,PHOENIXLTD
2019-09-27,BANKINDIA
2019-09-27,IDFCFIRSTB
2019-09-27,GUJGASLTD
2019-09-27,360ONE
2019-09-27,SUPREMEIND
2019-09-27,AJANTPHARM
2019-09-27,SUNDARMFIN
2019-09-27,LTTS
2019-09-27,ENDURANCE
2019-09-27,MFSL
2019-09-27,AUBANK
2019-09-27,GLAXO
2019-09-27,SYNGENE
2019-09-27,ASTRAL
2019-09-27,BHARATFORG
2019-09-27,HONAUT
2019-09-27,ABCAPITAL
2019-09-27,IPCALAB
2019-09-27,LICHSGFIN
2019-09-27,OIL
2019-09-27,DALBHARAT
2019-09-27,CESC
2019-09-27,FORTIS
2019-09-27,ESCORTS
2019-12-27,GSPL
2019-12-27,ORIENTBANK
2019-12-27,TATACHEM
2019-12-27,ADANIENSOL
2019-12-27,ABBOTINDIA
2019-12-27,ENGINERSIN
2019-12-27,MAHINDCIE
2019-12-27,GRAPHITE
2019-12-27,HEG
2019-12-27,INDIANB
2019-12-27,IGL
2019-12-27,NAUKRI
2019-12-27,KRBL
2019-12-27,HUDCO
2019-12-27,FCONSUMER
2019-12-27,ALBK
2019-12-27,APOLLOHOSP
2019-12-27,NBCC
2019-12-27,ALKEM
2019-12-27,JUBLFOOD
2019-12-27,BLUEDART
2019-12-27,CENTRALBK
2019-12-27,EIHOTEL
2019-12-27,IDBI
2019-12-27,TORNTPHARM
2019-12-27,IOB
2019-12-27,QUESS
2019-12-27,TATACONSUM
2019-12-27,EDELWEISS
2019-12-27,ERIS
2019-12-27,FRETAIL
2019-12-27,PNBHOUSING
2019-12-27,STRTECH
2019-12-27,MUTHOOTFIN
2019-12-27,CORPBANK
2019-12-27,PVRINOX
2019-12-27,MOTILALOFS
2019-12-27,SYMPHONY
2019-12-27,ZFCVINDIA
2019-12-27,GILLETTE
2019-12-27,JINDALSTEL
2019-12-27,PIIND
2019-12-27,SJVN
2019-12-27,SAIL
2019-12-27,VGUARD
2019-12-27,GMRAIRPORT
2019-12-27,ARE&M
2019-12-27,CASTROLIND
2019-12-27,CHOLAFIN
2019-12-27,CUB
2019-12-27,NLCINDIA
2019-12-27,VARROC
2019-12-27,SHRIRAMCIT
2019-12-27,MRF
2019-12-27,NATIONALUM
2019-12-27,MGL
2019-12-27,RBLBANK
2019-12-27,SRF
2019-12-27,TTKPRESTIG
2019-12-27,AARTIIND
2019-12-27,ATGL
2019-12-27,APOLLOTYRE
2019-12-27,BEL
2019-12-27,EXIDEIND
2019-12-27,GLENMARK
2019-12-27,HAL
2019-12-27,MANAPPURAM
2019-12-27,MPHASIS
2019-12-27,APLLTD
2019-12-27,MRPL
2019-12-27,LTM
2019-12-27,DHANI
2019-12-27,CANBK
2019-12-27,VINATIORGA
2019-12-27,HATSUN
2019-12-27,M&MFIN
2019-12-27,VBL
2019-12-27,AAVAS
2019-12-27,NAM-INDIA
2019-12-27,TRENT
2019-12-27,TVSMOTOR
2019-12-27,SANOFI
2019-12-27,CROMPTON
2019-12-27,RAJESHEXPO
2019-12-27,RELAXO
2019-12-27,WHIRLPOOL
2019-12-27,ATUL
2019-12-27,BATAINDIA
2019-12-27,LALPATHLAB
2019-12-27,PFIZER
2019-12-27,BHEL
2019-12-27,RECLTD
2019-12-27,ISEC
2019-12-27,JSWENERGY
2019-12-27,UCOBANK
2019-12-27,RAMCOCEM
2019-12-27,UNIONBANK
2019-12-27,BAYERCROP
2019-12-27,INDHOTEL
2019-12-27,GUJGASLTD
2019-12-27,SUNDRMFAST
2019-12-27,ABFRL
2019-12-27,EMAMILTD
2019-12-27,SOLARINDS
2019-12-27,SUNTV
2019-12-27,CUMMINSIND
2019-12-27,SYNGENE
2019-12-27,SKFINDIA
2019-12-27,GODREJIND
2019-12-27,BHARATFORG
2019-12-27,KANSAINER
2019-12-27,AUBANK
2019-12-27,AIAENG
2019-12-27,OBEROIRLTY
2019-12-27,TORNTPOWER
2019-12-27,360ONE
2019-12-27,THERMAX
2019-12-27,COROMANDEL
2019-12-27,GODREJPROP
2019-12-27,CRISIL
2019-12-27,PHOENIXLTD
2019-12-27,BANKINDIA
2019-12-27,AJANTPHARM
2019-12-27,IDFCFIRSTB
2019-12-27,3MINDIA
2019-12-27,ENDURANCE
2019-12-27,FEDERALBNK
2019-12-27,VOLTAS
2019-12-27,SUPREMEIND
2019-12-27,PRESTIGE
2019-12-27,BALKRISIND
2019-12-27,GLAXO
2019-12-27,ASTRAL
2019-12-27,ESCORTS
2019-12-27,SUNDARMFIN
2019-12-27,LTTS
2019-12-27,ABCAPITAL
2019-12-27,IPCALAB
2019-12-27,LICHSGFIN
2019-12-27,OIL
2019-12-27,DALBHARAT
2019-12-27,FORTIS
2019-12-27,POLYCAB
2019-12-27,SCHAEFFLER
2019-12-27,NATCOPHARM
2019-12-27,MFSL
2019-12-27,HONAUT
2020-03-27,GRAPHITE
2020-03-27,ABBOTINDIA
2020-03-27,ENGINERSIN
2020-03-27,HEG
2020-03-27,FCONSUMER
2020-03-27,INDIANB
2020-03-27,STRTECH
2020-03-27,NAUKRI
2020-03-27,KRBL
2020-03-27,MAHINDCIE
2020-03-27,MUTHOOTFIN
2020-03-27,NBCC
2020-03-27,TORNTPHARM
2020-03-27,IGL
2020-03-27,ADANIENSOL
2020-03-27,ERIS
2020-03-27,ADANIGREEN
2020-03-27,IDBI
2020-03-27,MRPL
2020-03-27,IOB
2020-03-27,PNBHOUSING
2020-03-27,QUESS
2020-03-27,TATACONSUM
2020-03-27,CENTRALBK
2020-03-27,HATSUN
2020-03-27,APOLLOHOSP
2020-03-27,EDELWEISS
2020-03-27,FRETAIL
2020-03-27,HUDCO
2020-03-27,JUBLFOOD
2020-03-27,UCOBANK
2020-03-27,BLUEDART
2020-03-27,VARROC
2020-03-27,MRF
2020-03-27,LTM
2020-03-27,NLCINDIA
2020-03-27,ZFCVINDIA
2020-03-27,JINDALSTEL
2020-03-27,PIIND
2020-03-27,SAIL
2020-03-27,VGUARD
2020-03-27,SJVN
2020-03-27,SYMPHONY
2020-03-27,ARE&M
2020-03-27,CHOLAFIN
2020-03-27,CUB
2020-03-27,DHANI
2020-03-27,GILLETTE
2020-03-27,GMRAIRPORT
2020-03-27,EIHOTEL
2020-03-27,CASTROLIND
2020-03-27,SHRIRAMCIT
2020-03-27,MGL
2020-03-27,BEL
2020-03-27,RBLBANK
2020-03-27,SRF
2020-03-27,TTKPRESTIG
2020-03-27,AARTIIND
2020-03-27,ATGL
2020-03-27,APOLLOTYRE
2020-03-27,GLENMARK
2020-03-27,HAL
2020-03-27,MANAPPURAM
2020-03-27,MPHASIS
2020-03-27,PVRINOX
2020-03-27,APLLTD
2020-03-27,CANBK
2020-03-27,NATIONALUM
2020-03-27,MOTILALOFS
2020-03-27,ALKEM
2020-03-27,GSPL
2020-03-27,EXIDEIND
2020-03-27,NATCOPHARM
2020-03-27,NAM-INDIA
2020-03-27,TRENT
2020-03-27,TVSMOTOR
2020-03-27,CROMPTON
2020-03-27,PFIZER
2020-03-27,RAJESHEXPO
2020-03-27,AAVAS
2020-03-27,RECLTD
2020-03-27,VINATIORGA
2020-03-27,WHIRLPOOL
2020-03-27,ATUL
2020-03-27,BATAINDIA
2020-03-27,BHEL
2020-03-27,ISEC
2020-03-27,GODREJPROP
2020-03-27,M&MFIN
2020-03-27,LALPATHLAB
2020-03-27,RELAXO
2020-03-27,BAYERCROP
2020-03-27,KANSAINER
2020-03-27,RAMCOCEM
2020-03-27,INDHOTEL
2020-03-27,UNIONBANK
2020-03-27,SKFINDIA
2020-03-27,GUJGASLTD
2020-03-27,ABFRL
2020-03-27,EMAMILTD
2020-03-27,SOLARINDS
2020-03-27,SUNTV
2020-03-27,CUMMINSIND
2020-03-27,SYNGENE
2020-03-27,SUNDRMFAST
2020-03-27,JSWENERGY
2020-03-27,GODREJIND
2020-03-27,BHARATFORG
2020-03-27,VBL
2020-03-27,GLAXO
2020-03-27,AIAENG
2020-03-27,OBEROIRLTY
2020-03-27,TORNTPOWER
2020-03-27,360ONE
2020-03-27,THERMAX
2020-03-27,COROMANDEL
2020-03-27,PHOENIXLTD
2020-03-27,BANKINDIA
2020-03-27,AJANTPHARM
2020-03-27,IDFCFIRSTB
2020-03-27,3MINDIA
2020-03-27,PRESTIGE
2020-03-27,SUPREMEIND
2020-03-27,BALKRISIND
2020-03-27,FEDERALBNK
2020-03-27,VOLTAS
2020-03-27,ENDURANCE
2020-03-27,CRISIL
2020-03-27,LTTS
2020-03-27,HONAUT
2020-03-27,ASTRAL
2020-03-27,ESCORTS
2020-03-27,SUNDARMFIN
2020-03-27,ABCAPITAL
2020-03-27,IPCALAB
2020-03-27,OIL
2020-03-27,AUBANK
2020-03-27,FORTIS
2020-03-27,POLYCAB
2020-03-27,SCHAEFFLER
2020-03-27,SANOFI
2020-03-27,LICHSGFIN
2020-03-27,MFSL
2020-03-27,DALBHARAT
2020-06-26,FCONSUMER
2020-06-26,KRBL
2020-06-26,GRAPHITE
2020-06-26,HEG
2020-06-26,INDIANB
2020-06-26,IGL
2020-06-26,NAUKRI
2020-06-26,MAHINDCIE
2020-06-26,ALKEM
2020-06-26,NBCC
2020-06-26,STRTECH
2020-06-26,TORNTPHARM
2020-06-26,VARROC
2020-06-26,ADANIGREEN
2020-06-26,SYMPHONY
2020-06-26,ENGINERSIN
2020-06-26,MUTHOOTFIN
2020-06-26,AAVAS
2020-06-26,TATACONSUM
2020-06-26,CENTRALBK
2020-06-26,ZFCVINDIA
2020-06-26,PNBHOUSING
2020-06-26,UCOBANK
2020-06-26,APOLLOHOSP
2020-06-26,EDELWEISS
2020-06-26,IDBI
2020-06-26,ERIS
2020-06-26,BLUEDART
2020-06-26,HUDCO
2020-06-26,MRPL
2020-06-26,MRF
2020-06-26,NATIONALUM
2020-06-26,NLCINDIA
2020-06-26,SHRIRAMCIT
2020-06-26,FRETAIL
2020-06-26,EIHOTEL
2020-06-26,JUBLFOOD
2020-06-26,ABBOTINDIA
2020-06-26,MOTILALOFS
2020-06-26,APOLLOTYRE
2020-06-26,PIIND
2020-06-26,JINDALSTEL
2020-06-26,SJVN
2020-06-26,SAIL
2020-06-26,VGUARD
2020-06-26,ARE&M
2020-06-26,CASTROLIND
2020-06-26,TTKPRESTIG
2020-06-26,GMRAIRPORT
2020-06-26,DHANI
2020-06-26,GILLETTE
2020-06-26,MGL
2020-06-26,LTM
2020-06-26,IOB
2020-06-26,RBLBANK
2020-06-26,CHOLAFIN
2020-06-26,CUB
2020-06-26,SAMMAANCAP
2020-06-26,SRF
2020-06-26,AARTIIND
2020-06-26,BEL
2020-06-26,EXIDEIND
2020-06-26,GLENMARK
2020-06-26,HAL
2020-06-26,IRCTC
2020-06-26,MANAPPURAM
2020-06-26,ATGL
2020-06-26,SANOFI
2020-06-26,MPHASIS
2020-06-26,APLLTD
2020-06-26,CANBK
2020-06-26,GSPL
2020-06-26,HATSUN
2020-06-26,NATCOPHARM
2020-06-26,IIFLWAM
2020-06-26,PVRINOX
2020-06-26,ABB
2020-06-26,VBL
2020-06-26,QUESS
2020-06-26,NAM-INDIA
2020-06-26,TVSMOTOR
2020-06-26,RAJESHEXPO
2020-06-26,RECLTD
2020-06-26,RELAXO
2020-06-26,VINATIORGA
2020-06-26,WHIRLPOOL
2020-06-26,IDEA
2020-06-26,TORNTPOWER
2020-06-26,ATUL
2020-06-26,LALPATHLAB
2020-06-26,ISEC
2020-06-26,JSWENERGY
2020-06-26,KANSAINER
2020-06-26,SUMICHEM
2020-06-26,RAMCOCEM
2020-06-26,BATAINDIA
2020-06-26,BHEL
2020-06-26,UNIONBANK
2020-06-26,PFIZER
2020-06-26,BAYERCROP
2020-06-26,CROMPTON
2020-06-26,CUMMINSIND
2020-06-26,SUNDRMFAST
2020-06-26,ABFRL
2020-06-26,EMAMILTD
2020-06-26,SOLARINDS
2020-06-26,SUNTV
2020-06-26,GUJGASLTD
2020-06-26,AIAENG
2020-06-26,M&MFIN
2020-06-26,GODREJIND
2020-06-26,BALKRISIND
2020-06-26,FEDERALBNK
2020-06-26,VOLTAS
2020-06-26,OBEROIRLTY
2020-06-26,INDHOTEL
2020-06-26,SYNGENE
2020-06-26,360ONE
2020-06-26,COFORGE
2020-06-26,SKFINDIA
2020-06-26,IPCALAB
2020-06-26,CRISIL
2020-06-26,PHOENIXLTD
2020-06-26,BANKINDIA
2020-06-26,AJANTPHARM
2020-06-26,IDFCFIRSTB
2020-06-26,3MINDIA
2020-06-26,ESCORTS
2020-06-26,GODREJPROP
2020-06-26,PRESTIGE
2020-06-26,ENDURANCE
2020-06-26,LTTS
2020-06-26,MFSL
2020-06-26,AUBANK
2020-06-26,GLAXO
2020-06-26,HONAUT
2020-06-26,COROMANDEL
2020-06-26,BHARATFORG
2020-06-26,ASTRAL
2020-06-26,SUPREMEIND
2020-06-26,THERMAX
2020-06-26,SUNDARMFIN
2020-06-26,OIL
2020-06-26,LICHSGFIN
2020-06-26,DALBHARAT
2020-06-26,FORTIS
2020-06-26,POLYCAB
2020-06-26,ABCAPITAL
2020-06-26,AKZOINDIA
2020-06-26,SCHAEFFLER
2020-06-26,JKCEMENT
2020-06-26,LTF
2020-06-26,UNOMINDA
2020-06-26,TRENT
2020-06-26,TATACOMM
2020-06-26,NIACL
2020-06-26,ASHOKLEY
2020-06-26,CREDITACC
2020-09-25,IDBI
2020-09-25,ADANIGREEN
2020-09-25,ALKEM
2020-09-25,BLUEDART
2020-09-25,EIHOTEL
2020-09-25,IOB
2020-09-25,ERIS
2020-09-25,PNBHOUSING
2020-09-25,TATACONSUM
2020-09-25,UCOBANK
2020-09-25,ADANIENT
2020-09-25,APOLLOHOSP
2020-09-25,EDELWEISS
2020-09-25,PFIZER
2020-09-25,FRETAIL
2020-09-25,JUBLFOOD
2020-09-25,HUDCO
2020-09-25,PIIND
2020-09-25,CASTROLIND
2020-09-25,NLCINDIA
2020-09-25,QUESS
2020-09-25,SFL
2020-09-25,SHRIRAMCIT
2020-09-25,SYMPHONY
2020-09-25,ZFCVINDIA
2020-09-25,YESBANK
2020-09-25,IIFLWAM
2020-09-25,NATIONALUM
2020-09-25,SAMMAANCAP
2020-09-25,JMFINANCIL
2020-09-25,SJVN
2020-09-25,SAIL
2020-09-25,VGUARD
2020-09-25,GMRAIRPORT
2020-09-25,ARE&M
2020-09-25,JINDALSTEL
2020-09-25,MRPL
2020-09-25,CHOLAFIN
2020-09-25,SANOFI
2020-09-25,DHANI
2020-09-25,MGL
2020-09-25,LTM
2020-09-25,MOTILALOFS
2020-09-25,SRF
2020-09-25,TTKPRESTIG
2020-09-25,ZYDUSWELL
2020-09-25,RBLBANK
2020-09-25,ITI
2020-09-25,ATGL
2020-09-25,BEL
2020-09-25,EXIDEIND
2020-09-25,AARTIIND
2020-09-25,GLENMARK
2020-09-25,HAL
2020-09-25,IRCTC
2020-09-25,NAVINFLUOR
2020-09-25,APOLLOTYRE
2020-09-25,MANAPPURAM
2020-09-25,GILLETTE
2020-09-25,CROMPTON
2020-09-25,PVRINOX
2020-09-25,ABB
2020-09-25,APLLTD
2020-09-25,CANBK
2020-09-25,GSPL
2020-09-25,HATSUN
2020-09-25,NATCOPHARM
2020-09-25,MPHASIS
2020-09-25,PAGEIND
2020-09-25,VBL
2020-09-25,AAVAS
2020-09-25,NAM-INDIA
2020-09-25,SHRIRAMFIN
2020-09-25,TRENT
2020-09-25,TVSMOTOR
2020-09-25,CUB
2020-09-25,METROPOLIS
2020-09-25,MRF
2020-09-25,CENTRALBK
2020-09-25,SOLARINDS
2020-09-25,COROMANDEL
2020-09-25,VINATIORGA
2020-09-25,WHIRLPOOL
2020-09-25,ATUL
2020-09-25,BATAINDIA
2020-09-25,BHEL
2020-09-25,LALPATHLAB
2020-09-25,ISEC
2020-09-25,RELAXO
2020-09-25,JSWENERGY
2020-09-25,SUMICHEM
2020-09-25,RAMCOCEM
2020-09-25,UNIONBANK
2020-09-25,IDEA
2020-09-25,ZEEL
2020-09-25,BAYERCROP
2020-09-25,SKFINDIA
2020-09-25,KANSAINER
2020-09-25,THERMAX
2020-09-25,INDHOTEL
2020-09-25,SUNDRMFAST
2020-09-25,RAJESHEXPO
2020-09-25,CUMMINSIND
2020-09-25,ABFRL
2020-09-25,EMAMILTD
2020-09-25,SUNTV
2020-09-25,GUJGASLTD
2020-09-25,OBEROIRLTY
2020-09-25,NHPC
2020-09-25,M&MFIN
2020-09-25,BALKRISIND
2020-09-25,FEDERALBNK
2020-09-25,VOLTAS
2020-09-25,AIAENG
2020-09-25,TATACHEM
2020-09-25,TORNTPOWER
2020-09-25,SYNGENE
2020-09-25,GODREJIND
2020-09-25,ESCORTS
2020-09-25,360ONE
2020-09-25,DALBHARAT
2020-09-25,PHOENIXLTD
2020-09-25,BANKINDIA
2020-09-25,AJANTPHARM
2020-09-25,IDFCFIRSTB
2020-09-25,3MINDIA
2020-09-25,SUPREMEIND
2020-09-25,BHARATFORG
2020-09-25,CRISIL
2020-09-25,ENDURANCE
2020-09-25,MFSL
2020-09-25,AUBANK
2020-09-25,GLAXO
2020-09-25,HONAUT
2020-09-25,ASTRAL
2020-09-25,GODREJPROP
2020-09-25,SUNDARMFIN
2020-09-25,LTTS
2020-09-25,ABCAPITAL
2020-09-25,PRESTIGE
2020-09-25,LICHSGFIN
2020-09-25,FORTIS
2020-09-25,IPCALAB
2020-09-25,SCHAEFFLER
2020-09-25,AKZOINDIA
2020-09-25,ASHOKLEY
2020-09-25,CREDITACC
2020-09-25,OIL
2020-09-25,JKCEMENT
2020-09-25,UNOMINDA
2020-09-25,POLYCAB
2020-09-25,TIINDIA
2020-09-25,TATACOMM
2020-09-25,NIACL
2020-09-25,ASTRAZEN
2020-09-25,RECLTD
2020-09-25,LTF
2020-09-25,COFORGE
2021-03-31,ADANIENT
2021-03-31,APOLLOHOSP
2021-03-31,EDELWEISS
2021-03-31,ERIS
2021-03-31,FRETAIL
2021-03-31,HUDCO
2021-03-31,JUBLFOOD
2021-03-31,IIFLWAM
2021-03-31,NLCINDIA
2021-03-31,NATIONALUM
2021-03-31,SFL
2021-03-31,SHRIRAMCIT
2021-03-31,SYMPHONY
2021-03-31,ZFCVINDIA
2021-03-31,YESBANK
2021-03-31,IDBI
2021-03-31,MRPL
2021-03-31,SAMMAANCAP
2021-03-31,PIIND
2021-03-31,CHOLAFIN
2021-03-31,MRF
2021-03-31,PGHL
2021-03-31,SJVN
2021-03-31,SAIL
2021-03-31,VGUARD
2021-03-31,GMRAIRPORT
2021-03-31,ARE&M
2021-03-31,RBLBANK
2021-03-31,JINDALSTEL
2021-03-31,CUB
2021-03-31,DHANI
2021-03-31,GILLETTE
2021-03-31,ITI
2021-03-31,MGL
2021-03-31,LTM
2021-03-31,MOTILALOFS
2021-03-31,CASTROLIND
2021-03-31,SRF
2021-03-31,MANAPPURAM
2021-03-31,TTKPRESTIG
2021-03-31,AARTIIND
2021-03-31,ATGL
2021-03-31,APOLLOTYRE
2021-03-31,BEL
2021-03-31,HATSUN
2021-03-31,GLENMARK
2021-03-31,IRCTC
2021-03-31,ZYDUSWELL
2021-03-31,HAL
2021-03-31,MPHASIS
2021-03-31,PVRINOX
2021-03-31,ABB
2021-03-31,APLLTD
2021-03-31,CANBK
2021-03-31,GSPL
2021-03-31,ATUL
2021-03-31,BATAINDIA
2021-03-31,EXIDEIND
2021-03-31,WHIRLPOOL
2021-03-31,INDIAMART
2021-03-31,PAGEIND
2021-03-31,SANOFI
2021-03-31,VBL
2021-03-31,AAVAS
2021-03-31,NAM-INDIA
2021-03-31,SHRIRAMFIN
2021-03-31,TRENT
2021-03-31,TVSMOTOR
2021-03-31,CROMPTON
2021-03-31,PFIZER
2021-03-31,PFC
2021-03-31,RAJESHEXPO
2021-03-31,RECLTD
2021-03-31,RELAXO
2021-03-31,VINATIORGA
2021-03-31,SUVENPHAR
2021-03-31,NATCOPHARM
2021-03-31,JMFINANCIL
2021-03-31,METROPOLIS
2021-03-31,NAVINFLUOR
2021-03-31,BANKINDIA
2021-03-31,JSWENERGY
2021-03-31,KANSAINER
2021-03-31,LAURUSLABS
2021-03-31,NHPC
2021-03-31,SUMICHEM
2021-03-31,RAMCOCEM
2021-03-31,BHEL
2021-03-31,ISEC
2021-03-31,MAXHEALTH
2021-03-31,ZEEL
2021-03-31,INDHOTEL
2021-03-31,SKFINDIA
2021-03-31,SUNDRMFAST
2021-03-31,TATACHEM
2021-03-31,ABFRL
2021-03-31,EMAMILTD
2021-03-31,UNIONBANK
2021-03-31,HINDZINC
2021-03-31,BAYERCROP
2021-03-31,SOLARINDS
2021-03-31,CUMMINSIND
2021-03-31,DEEPAKNTR
2021-03-31,GUJGASLTD
2021-03-31,SYNGENE
2021-03-31,M&MFIN
2021-03-31,GODREJIND
2021-03-31,FEDERALBNK
2021-03-31,CRISIL
2021-03-31,AIAENG
2021-03-31,OBEROIRLTY
2021-03-31,TORNTPOWER
2021-03-31,360ONE
2021-03-31,THERMAX
2021-03-31,COROMANDEL
2021-03-31,SUNTV
2021-03-31,GODREJPROP
2021-03-31,VOLTAS
2021-03-31,IDEA
2021-03-31,PHOENIXLTD
2021-03-31,BALKRISIND
2021-03-31,AJANTPHARM
2021-03-31,3MINDIA
2021-03-31,PRESTIGE
2021-03-31,SUPREMEIND
2021-03-31,BHARATFORG
2021-03-31,ENDURANCE
2021-03-31,LTTS
2021-03-31,AUBANK
2021-03-31,IDFCFIRSTB
2021-03-31,GLAXO
2021-03-31,ASTRAL
2021-03-31,ESCORTS
2021-03-31,SUNDARMFIN
2021-03-31,ABCAPITAL
2021-03-31,IPCALAB
2021-03-31,LICHSGFIN
2021-03-31,TATAELXSI
2021-03-31,HONAUT
2021-03-31,OIL
2021-03-31,MFSL
2021-03-31,FORTIS
2021-03-31,DALBHARAT
2021-03-31,ASHOKLEY
2021-03-31,JKCEMENT
2021-03-31,LTF
2021-03-31,UNOMINDA
2021-03-31,COFORGE
2021-03-31,POLYCAB
2021-03-31,NIACL
2021-03-31,TATACOMM
2021-03-31,SCHAEFFLER
2021-03-31,CONCOR
2021-03-31,DIXON
2021-03-31,GICRE
2021-03-31,OFSS
2021-03-31,PERSISTENT
2021-03-31,LALPATHLAB
2021-03-31,TIINDIA
2021-03-31,BANKBARODA
2021-09-30,SJVN
2021-09-30,SUMICHEM
2021-09-30,JINDALSTEL
2021-09-30,JMFINANCIL
2021-09-30,PIIND
2021-09-30,PGHL
2021-09-30,SAIL
2021-09-30,METROPOLIS
2021-09-30,GMRAIRPORT
2021-09-30,ARE&M
2021-09-30,CASTROLIND
2021-09-30,CHOLAFIN
2021-09-30,CUB
2021-09-30,DHANI
2021-09-30,GILLETTE
2021-09-30,IIFLWAM
2021-09-30,VGUARD
2021-09-30,IDBI
2021-09-30,RBLBANK
2021-09-30,ITI
2021-09-30,MPHASIS
2021-09-30,SRF
2021-09-30,SUVENPHAR
2021-09-30,TTKPRESTIG
2021-09-30,VAIBHAVGBL
2021-09-30,ZYDUSWELL
2021-09-30,LTM
2021-09-30,AARTIIND
2021-09-30,APOLLOTYRE
2021-09-30,BEL
2021-09-30,EXIDEIND
2021-09-30,GLENMARK
2021-09-30,HAL
2021-09-30,IRCTC
2021-09-30,MANAPPURAM
2021-09-30,ATGL
2021-09-30,MGL
2021-09-30,HINDCOPPER
2021-09-30,SAMMAANCAP
2021-09-30,IRFC
2021-09-30,PFIZER
2021-09-30,GSPL
2021-09-30,HATSUN
2021-09-30,INDIAMART
2021-09-30,NATCOPHARM
2021-09-30,NATIONALUM
2021-09-30,PAGEIND
2021-09-30,PVRINOX
2021-09-30,CROMPTON
2021-09-30,VBL
2021-09-30,AFFLE
2021-09-30,ALKYLAMINE
2021-09-30,NAM-INDIA
2021-09-30,TRENT
2021-09-30,TVSMOTOR
2021-09-30,SANOFI
2021-09-30,MOTILALOFS
2021-09-30,AAVAS
2021-09-30,CANBK
2021-09-30,APLLTD
2021-09-30,BLUEDART
2021-09-30,PFC
2021-09-30,RAJESHEXPO
2021-09-30,RECLTD
2021-09-30,RELAXO
2021-09-30,WHIRLPOOL
2021-09-30,ATUL
2021-09-30,NAVINFLUOR
2021-09-30,BATAINDIA
2021-09-30,LALPATHLAB
2021-09-30,ISEC
2021-09-30,JSWENERGY
2021-09-30,KAJARIACER
2021-09-30,KANSAINER
2021-09-30,LAURUSLABS
2021-09-30,LODHA
2021-09-30,BHEL
2021-09-30,VINATIORGA
2021-09-30,ABB
2021-09-30,NHPC
2021-09-30,SHRIRAMFIN
2021-09-30,RAMCOCEM
2021-09-30,SYNGENE
2021-09-30,ZEEL
2021-09-30,BAYERCROP
2021-09-30,INDHOTEL
2021-09-30,SKFINDIA
2021-09-30,SUNDRMFAST
2021-09-30,TATACHEM
2021-09-30,HINDZINC
2021-09-30,M&MFIN
2021-09-30,EMAMILTD
2021-09-30,MAXHEALTH
2021-09-30,SOLARINDS
2021-09-30,SUNTV
2021-09-30,CUMMINSIND
2021-09-30,DEEPAKNTR
2021-09-30,GUJGASLTD
2021-09-30,ZFCVINDIA
2021-09-30,GODREJIND
2021-09-30,COROMANDEL
2021-09-30,BALKRISIND
2021-09-30,TORNTPOWER
2021-09-30,360ONE
2021-09-30,OBEROIRLTY
2021-09-30,MRF
2021-09-30,SUPREMEIND
2021-09-30,VOLTAS
2021-09-30,FEDERALBNK
2021-09-30,AIAENG
2021-09-30,THERMAX
2021-09-30,PRESTIGE
2021-09-30,GODREJPROP
2021-09-30,CRISIL
2021-09-30,PHOENIXLTD
2021-09-30,BANKINDIA
2021-09-30,AJANTPHARM
2021-09-30,IDFCFIRSTB
2021-09-30,3MINDIA
2021-09-30,ABFRL
2021-09-30,BHARATFORG
2021-09-30,IDEA
2021-09-30,LTTS
2021-09-30,AUBANK
2021-09-30,GLAXO
2021-09-30,HONAUT
2021-09-30,ASTRAL
2021-09-30,ESCORTS
2021-09-30,SUNDARMFIN
2021-09-30,ABCAPITAL
2021-09-30,IPCALAB
2021-09-30,LICHSGFIN
2021-09-30,OIL
2021-09-30,DALBHARAT
2021-09-30,FORTIS
2021-09-30,POLYCAB
2021-09-30,SCHAEFFLER
2021-09-30,UBL
2021-09-30,JKCEMENT
2021-09-30,ENDURANCE
2021-09-30,MFSL
2021-09-30,LTF
2021-09-30,ASHOKLEY
2021-09-30,COFORGE
2021-09-30,UNOMINDA
2021-09-30,NIACL
2021-09-30,BANKBARODA
2021-09-30,CONCOR
2021-09-30,DIXON
2021-09-30,GICRE
2021-09-30,OFSS
2021-09-30,TATACOMM
2021-09-30,PERSISTENT
2021-09-30,TIINDIA
2021-09-30,ALKEM
2021-09-30,APLAPOLLO
2021-09-30,INDIANB
2021-09-30,LINDEINDIA
2021-09-30,PETRONET
2021-09-30,UNIONBANK
2021-09-30,ABBOTINDIA
2021-09-30,TATAELXSI
2021-10-29,GMRAIRPORT
2021-10-29,ARE&M
2021-10-29,CASTROLIND
2021-10-29,CHOLAFIN
2021-10-29,CUB
2021-10-29,DHANI
2021-10-29,INDIAMART
2021-10-29,MGL
2021-10-29,ITI
2021-10-29,LTM
2021-10-29,MOTILALOFS
2021-10-29,RBLBANK
2021-10-29,SRF
2021-10-29,SUVENPHAR
2021-10-29,BAYERCROP
2021-10-29,GILLETTE
2021-10-29,TTKPRESTIG
2021-10-29,PVRINOX
2021-10-29,AARTIIND
2021-10-29,HINDCOPPER
2021-10-29,BEL
2021-10-29,EXIDEIND
2021-10-29,GLENMARK
2021-10-29,HAL
2021-10-29,IRCTC
2021-10-29,MANAPPURAM
2021-10-29,METROPOLIS
2021-10-29,MPHASIS
2021-10-29,ABB
2021-10-29,APLLTD
2021-10-29,CANBK
2021-10-29,GSPL
2021-10-29,HATSUN
2021-10-29,ATGL
2021-10-29,ZYDUSWELL
2021-10-29,NATCOPHARM
2021-10-29,SANOFI
2021-10-29,PAGEIND
2021-10-29,AAVAS
2021-10-29,AFFLE
2021-10-29,ALKYLAMINE
2021-10-29,SHRIRAMFIN
2021-10-29,TRENT
2021-10-29,VBL
2021-10-29,BLUEDART
2021-10-29,TVSMOTOR
2021-10-29,CROMPTON
2021-10-29,IRFC
2021-10-29,NAVINFLUOR
2021-10-29,PFIZER
2021-10-29,PFC
2021-10-29,RAJESHEXPO
2021-10-29,RECLTD
2021-10-29,RELAXO
2021-10-29,NAM-INDIA
2021-10-29,JSWENERGY
2021-10-29,VINATIORGA
2021-10-29,ATUL
2021-10-29,BATAINDIA
2021-10-29,BHEL
2021-10-29,LALPATHLAB
2021-10-29,ISEC
2021-10-29,KAJARIACER
2021-10-29,KANSAINER
2021-10-29,VAIBHAVGBL
2021-10-29,LAURUSLABS
2021-10-29,NHPC
2021-10-29,SUMICHEM
2021-10-29,RAMCOCEM
2021-10-29,UNIONBANK
2021-10-29,NATIONALUM
2021-10-29,IDEA
2021-10-29,WHIRLPOOL
2021-10-29,LODHA
2021-10-29,ZEEL
2021-10-29,APOLLOTYRE
2021-10-29,INDHOTEL
2021-10-29,ZFCVINDIA
2021-10-29,ABFRL
2021-10-29,EMAMILTD
2021-10-29,HINDZINC
2021-10-29,MAXHEALTH
2021-10-29,FEDERALBNK
2021-10-29,SOLARINDS
2021-10-29,CUMMINSIND
2021-10-29,DEEPAKNTR
2021-10-29,GUJGASLTD
2021-10-29,SONACOMS
2021-10-29,SYNGENE
2021-10-29,M&MFIN
2021-10-29,GODREJIND
2021-10-29,SUNTV
2021-10-29,TATACHEM
2021-10-29,BHARATFORG
2021-10-29,BALKRISIND
2021-10-29,SUPREMEIND
2021-10-29,SKFINDIA
2021-10-29,AIAENG
2021-10-29,OBEROIRLTY
2021-10-29,TORNTPOWER
2021-10-29,360ONE
2021-10-29,THERMAX
2021-10-29,COROMANDEL
2021-10-29,ENDURANCE
2021-10-29,GODREJPROP
2021-10-29,PHOENIXLTD
2021-10-29,BANKINDIA
2021-10-29,IDFCFIRSTB
2021-10-29,3MINDIA
2021-10-29,PRESTIGE
2021-10-29,VOLTAS
2021-10-29,CRISIL
2021-10-29,AJANTPHARM
2021-10-29,UNOMINDA
2021-10-29,SUNDRMFAST
2021-10-29,TIINDIA
2021-10-29,HONAUT
2021-10-29,ASTRAL
2021-10-29,ESCORTS
2021-10-29,SUNDARMFIN
2021-10-29,ABCAPITAL
2021-10-29,IPCALAB
2021-10-29,OIL
2021-10-29,DALBHARAT
2021-10-29,FORTIS
2021-10-29,POLYCAB
2021-10-29,SCHAEFFLER
2021-10-29,ASHOKLEY
2021-10-29,JKCEMENT
2021-10-29,MFSL
2021-10-29,LICHSGFIN
2021-10-29,GLAXO
2021-10-29,AUBANK
2021-10-29,LTTS
2021-10-29,TATAELXSI
2021-10-29,LTF
2021-10-29,GICRE
2021-10-29,OFSS
2021-10-29,PERSISTENT
2021-10-29,ABBOTINDIA
2021-10-29,ALKEM
2021-10-29,DIXON
2021-10-29,INDIANB
2021-10-29,APLAPOLLO
2021-10-29,LINDEINDIA
2021-10-29,MRF
2021-10-29,PETRONET
2021-10-29,UBL
2021-10-29,NIACL
2021-10-29,TATACOMM
2021-10-29,COFORGE
2021-10-29,CONCOR
2022-03-31,GILLETTE
2022-03-31,DHANI
2022-03-31,HINDCOPPER
2022-03-31,AARTIIND
2022-03-31,CASTROLIND
2022-03-31,ITI
2022-03-31,GRINDWELL
2022-03-31,CHOLAFIN
2022-03-31,MGL
2022-03-31,VAIBHAVGBL
2022-03-31,MOTILALOFS
2022-03-31,RBLBANK
2022-03-31,SRF
2022-03-31,SUVENPHAR
2022-03-31,TTKPRESTIG
2022-03-31,ZYDUSWELL
2022-03-31,ATGL
2022-03-31,LTM
2022-03-31,BEL
2022-03-31,RECLTD
2022-03-31,EXIDEIND
2022-03-31,APOLLOTYRE
2022-03-31,GLENMARK
2022-03-31,HAL
2022-03-31,IDBI
2022-03-31,IRCTC
2022-03-31,MANAPPURAM
2022-03-31,METROPOLIS
2022-03-31,MPHASIS
2022-03-31,NATIONALUM
2022-03-31,NUVOCO
2022-03-31,ABB
2022-03-31,APLLTD
2022-03-31,CANBK
2022-03-31,GSPL
2022-03-31,HATSUN
2022-03-31,INDIAMART
2022-03-31,IEX
2022-03-31,NATCOPHARM
2022-03-31,PVRINOX
2022-03-31,PAGEIND
2022-03-31,PFIZER
2022-03-31,VBL
2022-03-31,AFFLE
2022-03-31,ALKYLAMINE
2022-03-31,CLEAN
2022-03-31,HAPPSTMNDS
2022-03-31,NAM-INDIA
2022-03-31,SHRIRAMFIN
2022-03-31,TTML
2022-03-31,TRENT
2022-03-31,AAVAS
2022-03-31,BLUEDART
2022-03-31,CROMPTON
2022-03-31,IRFC
2022-03-31,NAVINFLUOR
2022-03-31,PFC
2022-03-31,RAJESHEXPO
2022-03-31,TVSMOTOR
2022-03-31,CGPOWER
2022-03-31,TRIDENT
2022-03-31,RELAXO
2022-03-31,IDEA
2022-03-31,VINATIORGA
2022-03-31,ATUL
2022-03-31,BATAINDIA
2022-03-31,BHEL
2022-03-31,LALPATHLAB
2022-03-31,ISEC
2022-03-31,JSWENERGY
2022-03-31,KAJARIACER
2022-03-31,KANSAINER
2022-03-31,CUB
2022-03-31,LAURUSLABS
2022-03-31,NHPC
2022-03-31,SUMICHEM
2022-03-31,RAMCOCEM
2022-03-31,UNIONBANK
2022-03-31,ZEEL
2022-03-31,BAYERCROP
2022-03-31,SANOFI
2022-03-31,WHIRLPOOL
2022-03-31,LODHA
2022-03-31,ARE&M
2022-03-31,COFORGE
2022-03-31,POLYCAB
2022-03-31,MFSL
2022-03-31,SUNDRMFAST
2022-03-31,TATACHEM
2022-03-31,ABFRL
2022-03-31,EMAMILTD
2022-03-31,HINDZINC
2022-03-31,MAXHEALTH
2022-03-31,SOLARINDS
2022-03-31,FEDERALBNK
2022-03-31,STARHEALTH
2022-03-31,CUMMINSIND
2022-03-31,DEEPAKNTR
2022-03-31,GUJGASLTD
2022-03-31,IGL
2022-03-31,SONACOMS
2022-03-31,SYNGENE
2022-03-31,M&MFIN
2022-03-31,BALKRISIND
2022-03-31,GODREJIND
2022-03-31,ZFCVINDIA
2022-03-31,BANKINDIA
2022-03-31,INDHOTEL
2022-03-31,COROMANDEL
2022-03-31,THERMAX
2022-03-31,GODREJPROP
2022-03-31,TORNTPOWER
2022-03-31,CRISIL
2022-03-31,OBEROIRLTY
2022-03-31,360ONE
2022-03-31,PHOENIXLTD
2022-03-31,BHARATFORG
2022-03-31,AJANTPHARM
2022-03-31,IDFCFIRSTB
2022-03-31,3MINDIA
2022-03-31,PRESTIGE
2022-03-31,SUPREMEIND
2022-03-31,ENDURANCE
2022-03-31,AIAENG
2022-03-31,VOLTAS
2022-03-31,SUNTV
2022-03-31,LTTS
2022-03-31,HINDPETRO
2022-03-31,ASTRAL
2022-03-31,ESCORTS
2022-03-31,SUNDARMFIN
2022-03-31,ABCAPITAL
2022-03-31,IPCALAB
2022-03-31,LICHSGFIN
2022-03-31,OIL
2022-03-31,DALBHARAT
2022-03-31,GLAXO
2022-03-31,FORTIS
2022-03-31,SCHAEFFLER
2022-03-31,ASHOKLEY
2022-03-31,JKCEMENT
2022-03-31,LTF
2022-03-31,TATACOMM
2022-03-31,NIACL
2022-03-31,AUBANK
2022-03-31,TIINDIA
2022-03-31,CONCOR
2022-03-31,UNOMINDA
2022-03-31,GICRE
2022-03-31,DIXON
2022-03-31,OFSS
2022-03-31,TATAELXSI
2022-03-31,ABBOTINDIA
2022-03-31,ALKEM
2022-03-31,APLAPOLLO
2022-03-31,INDIANB
2022-03-31,LINDEINDIA
2022-03-31,PERSISTENT
2022-03-31,PETRONET
2022-03-31,SKFINDIA
2022-03-31,MRF
2022-03-31,YESBANK
2022-03-31,POLICYBZR
2022-03-31,HONAUT
2022-03-31,JINDALSTEL
2022-03-31,FLUOROCHEM
2022-03-31,AUROPHARMA
2022-03-31,UBL
2022-05-04,ABB
2022-05-04,MAXHEALTH
2022-05-04,AARTIIND
2022-05-04,ATGL
2022-05-04,APOLLOTYRE
2022-05-04,BEL
2022-05-04,EXIDEIND
2022-05-04,GLENMARK
2022-05-04,HAL
2022-05-04,IDBI
2022-05-04,MANAPPURAM
2022-05-04,METROPOLIS
2022-05-04,MPHASIS
2022-05-04,CANBK
2022-05-04,NUVOCO
2022-05-04,PVRINOX
2022-05-04,IRCTC
2022-05-04,AFFLE
2022-05-04,GSPL
2022-05-04,INDIAMART
2022-05-04,APLLTD
2022-05-04,IEX
2022-05-04,NATCOPHARM
2022-05-04,NATIONALUM
2022-05-04,PAGEIND
2022-05-04,SANOFI
2022-05-04,VBL
2022-05-04,AAVAS
2022-05-04,ALKYLAMINE
2022-05-04,CLEAN
2022-05-04,HAPPSTMNDS
2022-05-04,NAM-INDIA
2022-05-04,SHRIRAMFIN
2022-05-04,TTML
2022-05-04,TRENT
2022-05-04,TVSMOTOR
2022-05-04,EMAMILTD
2022-05-04,CROMPTON
2022-05-04,NAVINFLUOR
2022-05-04,PFIZER
2022-05-04,PFC
2022-05-04,RAJESHEXPO
2022-05-04,RELAXO
2022-05-04,TRIDENT
2022-05-04,RECLTD
2022-05-04,WHIRLPOOL
2022-05-04,ATUL
2022-05-04,BATAINDIA
2022-05-04,BHEL
2022-05-04,LALPATHLAB
2022-05-04,ISEC
2022-05-04,JSWENERGY
2022-05-04,HINDZINC
2022-05-04,KAJARIACER
2022-05-04,IRFC
2022-05-04,KANSAINER
2022-05-04,CGPOWER
2022-05-04,LODHA
2022-05-04,NHPC
2022-05-04,SUMICHEM
2022-05-04,RAMCOCEM
2022-05-04,UNIONBANK
2022-05-04,IDEA
2022-05-04,ZEEL
2022-05-04,HATSUN
2022-05-04,LAURUSLABS
2022-05-04,GRINDWELL
2022-05-04,INDHOTEL
2022-05-04,SKFINDIA
2022-05-04,SUNDRMFAST
2022-05-04,TATACHEM
2022-05-04,ABFRL
2022-05-04,BLUEDART
2022-05-04,BAYERCROP
2022-05-04,ZFCVINDIA
2022-05-04,VINATIORGA
2022-05-04,JKCEMENT
2022-05-04,CUMMINSIND
2022-05-04,DEEPAKNTR
2022-05-04,GUJGASLTD
2022-05-04,IGL
2022-05-04,SONACOMS
2022-05-04,COROMANDEL
2022-05-04,SYNGENE
2022-05-04,BALKRISIND
2022-05-04,FEDERALBNK
2022-05-04,VOLTAS
2022-05-04,AIAENG
2022-05-04,OBEROIRLTY
2022-05-04,TORNTPOWER
2022-05-04,360ONE
2022-05-04,M&MFIN
2022-05-04,SUNTV
2022-05-04,THERMAX
2022-05-04,GODREJIND
2022-05-04,GLAXO
2022-05-04,SOLARINDS
2022-05-04,CRISIL
2022-05-04,PHOENIXLTD
2022-05-04,BANKINDIA
2022-05-04,AJANTPHARM
2022-05-04,IDFCFIRSTB
2022-05-04,3MINDIA
2022-05-04,ESCORTS
2022-05-04,ENDURANCE
2022-05-04,BHARATFORG
2022-05-04,LTTS
2022-05-04,MFSL
2022-05-04,AUBANK
2022-05-04,GODREJPROP
2022-05-04,HONAUT
2022-05-04,PRESTIGE
2022-05-04,SUPREMEIND
2022-05-04,GICRE
2022-05-04,ASTRAL
2022-05-04,ABBOTINDIA
2022-05-04,IPCALAB
2022-05-04,LICHSGFIN
2022-05-04,OIL
2022-05-04,DALBHARAT
2022-05-04,FORTIS
2022-05-04,POLYCAB
2022-05-04,SCHAEFFLER
2022-05-04,DIXON
2022-05-04,OFSS
2022-05-04,LTF
2022-05-04,UNOMINDA
2022-05-04,COFORGE
2022-05-04,TATACOMM
2022-05-04,NIACL
2022-05-04,TIINDIA
2022-05-04,ABCAPITAL
2022-05-04,ASHOKLEY
2022-05-04,PERSISTENT
2022-05-04,CONCOR
2022-05-04,AUROPHARMA
2022-05-04,SUNDARMFIN
2022-05-04,APLAPOLLO
2022-05-04,INDIANB
2022-05-04,LINDEINDIA
2022-05-04,MRF
2022-05-04,PETRONET
2022-05-04,TATAELXSI
2022-05-04,UBL
2022-05-04,ALKEM
2022-05-04,HINDPETRO
2022-05-04,JINDALSTEL
2022-05-04,POLICYBZR
2022-05-04,YESBANK
2022-05-04,GMRAIRPORT
2022-05-04,STARHEALTH
2022-05-04,FLUOROCHEM
2022-08-08,BEL
2022-08-08,EXIDEIND
2022-08-08,GLENMARK
2022-08-08,HAL
2022-08-08,IDBI
2022-08-08,MANAPPURAM
2022-08-08,CROMPTON
2022-08-08,NUVOCO
2022-08-08,METROPOLIS
2022-08-08,MPHASIS
2022-08-08,PVRINOX
2022-08-08,ABB
2022-08-08,APLLTD
2022-08-08,CANBK
2022-08-08,APOLLOTYRE
2022-08-08,IRCTC
2022-08-08,ATGL
2022-08-08,TTML
2022-08-08,HATSUN
2022-08-08,IRFC
2022-08-08,SANOFI
2022-08-08,VBL
2022-08-08,AAVAS
2022-08-08,AFFLE
2022-08-08,ALKYLAMINE
2022-08-08,CLEAN
2022-08-08,HAPPSTMNDS
2022-08-08,NAM-INDIA
2022-08-08,SHRIRAMFIN
2022-08-08,TRENT
2022-08-08,TVSMOTOR
2022-08-08,BLUEDART
2022-08-08,NATCOPHARM
2022-08-08,IEX
2022-08-08,GSPL
2022-08-08,INDIAMART
2022-08-08,BATAINDIA
2022-08-08,SUMICHEM
2022-08-08,RECLTD
2022-08-08,RELAXO
2022-08-08,TRIDENT
2022-08-08,MAXHEALTH
2022-08-08,VINATIORGA
2022-08-08,WHIRLPOOL
2022-08-08,ATUL
2022-08-08,PFC
2022-08-08,BHEL
2022-08-08,LALPATHLAB
2022-08-08,ISEC
2022-08-08,JSWENERGY
2022-08-08,KAJARIACER
2022-08-08,KANSAINER
2022-08-08,NATIONALUM
2022-08-08,RAJESHEXPO
2022-08-08,LAURUSLABS
2022-08-08,CGPOWER
2022-08-08,LODHA
2022-08-08,RAMCOCEM
2022-08-08,UNIONBANK
2022-08-08,IDEA
2022-08-08,ZEEL
2022-08-08,BAYERCROP
2022-08-08,DELHIVERY
2022-08-08,NHPC
2022-08-08,PFIZER
2022-08-08,GRINDWELL
2022-08-08,SUNDRMFAST
2022-08-08,TATACHEM
2022-08-08,ZFCVINDIA
2022-08-08,ABFRL
2022-08-08,EMAMILTD
2022-08-08,NAVINFLUOR
2022-08-08,INDHOTEL
2022-08-08,SKFINDIA
2022-08-08,HINDZINC
2022-08-08,PAGEIND
2022-08-08,SOLARINDS
2022-08-08,CUMMINSIND
2022-08-08,DEEPAKNTR
2022-08-08,GUJGASLTD
2022-08-08,IGL
2022-08-08,SONACOMS
2022-08-08,SYNGENE
2022-08-08,M&MFIN
2022-08-08,GODREJIND
2022-08-08,FEDERALBNK
2022-08-08,VOLTAS
2022-08-08,AIAENG
2022-08-08,OBEROIRLTY
2022-08-08,TORNTPOWER
2022-08-08,360ONE
2022-08-08,COROMANDEL
2022-08-08,SUNTV
2022-08-08,THERMAX
2022-08-08,GODREJPROP
2022-08-08,BHARATFORG
2022-08-08,ENDURANCE
2022-08-08,PRESTIGE
2022-08-08,PHOENIXLTD
2022-08-08,BANKINDIA
2022-08-08,AJANTPHARM
2022-08-08,IDFCFIRSTB
2022-08-08,3MINDIA
2022-08-08,SUNDARMFIN
2022-08-08,SUPREMEIND
2022-08-08,LTTS
2022-08-08,MFSL
2022-08-08,AUBANK
2022-08-08,GLAXO
2022-08-08,HONAUT
2022-08-08,ASTRAL
2022-08-08,CRISIL
2022-08-08,ESCORTS
2022-08-08,STARHEALTH
2022-08-08,BALKRISIND
2022-08-08,ABBOTINDIA
2022-08-08,OIL
2022-08-08,DALBHARAT
2022-08-08,FORTIS
2022-08-08,POLYCAB
2022-08-08,SCHAEFFLER
2022-08-08,ASHOKLEY
2022-08-08,JKCEMENT
2022-08-08,LICHSGFIN
2022-08-08,UNOMINDA
2022-08-08,TATACOMM
2022-08-08,NIACL
2022-08-08,TIINDIA
2022-08-08,CONCOR
2022-08-08,DIXON
2022-08-08,IPCALAB
2022-08-08,LTF
2022-08-08,COFORGE
2022-08-08,GICRE
2022-08-08,ABCAPITAL
2022-08-08,OFSS
2022-08-08,ALKEM
2022-08-08,APLAPOLLO
2022-08-08,INDIANB
2022-08-08,LINDEINDIA
2022-08-08,MRF
2022-08-08,UBL
2022-08-08,AUROPHARMA
2022-08-08,FLUOROCHEM
2022-08-08,PETRONET
2022-08-08,JINDALSTEL
2022-08-08,POLICYBZR
2022-08-08,YESBANK
2022-08-08,GMRAIRPORT
2022-08-08,TATAELXSI
2022-08-08,PERSISTENT
2022-08-08,HINDPETRO
2022-09-30,APOLLOTYRE
2022-09-30,IRCTC
2022-09-30,BEL
2022-09-30,EXIDEIND
2022-09-30,GLENMARK
2022-09-30,HAL
2022-09-30,IDBI
2022-09-30,MANAPPURAM
2022-09-30,APLLTD
2022-09-30,MPHASIS
2022-09-30,NUVOCO
2022-09-30,PVRINOX
2022-09-30,ABB
2022-09-30,AWL
2022-09-30,HATSUN
2022-09-30,CANBK
2022-09-30,MAXHEALTH
2022-09-30,METROPOLIS
2022-09-30,GSPL
2022-09-30,SANOFI
2022-09-30,BLUEDART
2022-09-30,CROMPTON
2022-09-30,NATIONALUM
2022-09-30,PAGEIND
2022-09-30,VBL
2022-09-30,AAVAS
2022-09-30,AFFLE
2022-09-30,ALKYLAMINE
2022-09-30,CLEAN
2022-09-30,HAPPSTMNDS
2022-09-30,NAM-INDIA
2022-09-30,PNB
2022-09-30,SHRIRAMFIN
2022-09-30,TTML
2022-09-30,TRENT
2022-09-30,TVSMOTOR
2022-09-30,ZYDUSLIFE
2022-09-30,IEX
2022-09-30,INDIAMART
2022-09-30,ATGL
2022-09-30,KAJARIACER
2022-09-30,RAMCOCEM
2022-09-30,PFIZER
2022-09-30,PFC
2022-09-30,RAJESHEXPO
2022-09-30,RECLTD
2022-09-30,RELAXO
2022-09-30,VINATIORGA
2022-09-30,WHIRLPOOL
2022-09-30,TRIDENT
2022-09-30,BATAINDIA
2022-09-30,BHEL
2022-09-30,DEVYANI
2022-09-30,LALPATHLAB
2022-09-30,ISEC
2022-09-30,JSWENERGY
2022-09-30,KANSAINER
2022-09-30,ATUL
2022-09-30,NATCOPHARM
2022-09-30,LODHA
2022-09-30,NAVINFLUOR
2022-09-30,LAURUSLABS
2022-09-30,NHPC
2022-09-30,UNIONBANK
2022-09-30,MANYAVAR
2022-09-30,IDEA
2022-09-30,ZEEL
2022-09-30,BAYERCROP
2022-09-30,CGPOWER
2022-09-30,DELHIVERY
2022-09-30,GRINDWELL
2022-09-30,INDHOTEL
2022-09-30,POONAWALLA
2022-09-30,SKFINDIA
2022-09-30,SUNDRMFAST
2022-09-30,TATACHEM
2022-09-30,ZFCVINDIA
2022-09-30,ABFRL
2022-09-30,IRFC
2022-09-30,SUMICHEM
2022-09-30,EMAMILTD
2022-09-30,HINDZINC
2022-09-30,BALKRISIND
2022-09-30,MOTHERSON
2022-09-30,DEEPAKNTR
2022-09-30,GUJGASLTD
2022-09-30,IGL
2022-09-30,SONACOMS
2022-09-30,SYNGENE
2022-09-30,M&MFIN
2022-09-30,GODREJIND
2022-09-30,CUMMINSIND
2022-09-30,STARHEALTH
2022-09-30,VOLTAS
2022-09-30,AIAENG
2022-09-30,OBEROIRLTY
2022-09-30,TORNTPOWER
2022-09-30,360ONE
2022-09-30,THERMAX
2022-09-30,GODREJPROP
2022-09-30,FEDERALBNK
2022-09-30,ABCAPITAL
2022-09-30,COROMANDEL
2022-09-30,SUNTV
2022-09-30,BANKINDIA
2022-09-30,AJANTPHARM
2022-09-30,IDFCFIRSTB
2022-09-30,3MINDIA
2022-09-30,PRESTIGE
2022-09-30,SUPREMEIND
2022-09-30,BHARATFORG
2022-09-30,AUBANK
2022-09-30,LTTS
2022-09-30,MFSL
2022-09-30,GLAXO
2022-09-30,HONAUT
2022-09-30,ASTRAL
2022-09-30,ESCORTS
2022-09-30,SUNDARMFIN
2022-09-30,ENDURANCE
2022-09-30,CRISIL
2022-09-30,IPCALAB
2022-09-30,LUPIN
2022-09-30,PHOENIXLTD
2022-09-30,INDIANB
2022-09-30,FORTIS
2022-09-30,POLYCAB
2022-09-30,SCHAEFFLER
2022-09-30,ASHOKLEY
2022-09-30,JKCEMENT
2022-09-30,LTF
2022-09-30,COFORGE
2022-09-30,TATACOMM
2022-09-30,NIACL
2022-09-30,TIINDIA
2022-09-30,CONCOR
2022-09-30,DIXON
2022-09-30,GICRE
2022-09-30,OFSS
2022-09-30,PERSISTENT
2022-09-30,ABBOTINDIA
2022-09-30,OIL
2022-09-30,DALBHARAT
2022-09-30,TATAELXSI
2022-09-30,UNOMINDA
2022-09-30,LICHSGFIN
2022-09-30,ALKEM
2022-09-30,MRF
2022-09-30,PETRONET
2022-09-30,UBL
2022-09-30,AUROPHARMA
2022-09-30,FLUOROCHEM
2022-09-30,JINDALSTEL
2022-09-30,POLICYBZR
2022-09-30,HINDPETRO
2022-09-30,GMRAIRPORT
2022-09-30,LINDEINDIA
2022-09-30,JUBLFOOD
2022-09-30,KPRMILL
2022-09-30,SOLARINDS
2022-09-30,PATANJALI
2022-09-30,SAIL
2022-09-30,APLAPOLLO
2022-09-30,YESBANK
2023-03-31,INDIAMART
2023-03-31,AWL
2023-03-31,APLLTD
2023-03-31,CANBK
2023-03-31,GSPL
2023-03-31,HATSUN
2023-03-31,IEX
2023-03-31,CLEAN
2023-03-31,NATIONALUM
2023-03-31,PAGEIND
2023-03-31,SANOFI
2023-03-31,VBL
2023-03-31,AAVAS
2023-03-31,AFFLE
2023-03-31,ALKYLAMINE
2023-03-31,ABB
2023-03-31,NATCOPHARM
2023-03-31,FINEORG
2023-03-31,SHRIRAMFIN
2023-03-31,NAM-INDIA
2023-03-31,TRIDENT
2023-03-31,TTML
2023-03-31,TRENT
2023-03-31,TVSMOTOR
2023-03-31,ZYDUSLIFE
2023-03-31,AARTIIND
2023-03-31,ADANIPOWER
2023-03-31,PNB
2023-03-31,BLUEDART
2023-03-31,IRFC
2023-03-31,NAVINFLUOR
2023-03-31,PFIZER
2023-03-31,PFC
2023-03-31,RAJESHEXPO
2023-03-31,RECLTD
2023-03-31,RELAXO
2023-03-31,CROMPTON
2023-03-31,HAPPSTMNDS
2023-03-31,VINATIORGA
2023-03-31,DELHIVERY
2023-03-31,ATUL
2023-03-31,BHEL
2023-03-31,LALPATHLAB
2023-03-31,ISEC
2023-03-31,JSWENERGY
2023-03-31,KAJARIACER
2023-03-31,KANSAINER
2023-03-31,LAURUSLABS
2023-03-31,DEVYANI
2023-03-31,NHPC
2023-03-31,IDEA
2023-03-31,LODHA
2023-03-31,BATAINDIA
2023-03-31,RAMCOCEM
2023-03-31,SUMICHEM
2023-03-31,PEL
2023-03-31,UNIONBANK
2023-03-31,STARHEALTH
2023-03-31,BAYERCROP
2023-03-31,SUNTV
2023-03-31,ZEEL
2023-03-31,CGPOWER
2023-03-31,GRINDWELL
2023-03-31,INDHOTEL
2023-03-31,METROBRAND
2023-03-31,POONAWALLA
2023-03-31,SKFINDIA
2023-03-31,SUNDRMFAST
2023-03-31,TATACHEM
2023-03-31,TIMKEN
2023-03-31,ZFCVINDIA
2023-03-31,ABFRL
2023-03-31,BANDHANBNK
2023-03-31,EMAMILTD
2023-03-31,GLAND
2023-03-31,HINDZINC
2023-03-31,MOTHERSON
2023-03-31,SOLARINDS
2023-03-31,WHIRLPOOL
2023-03-31,MAXHEALTH
2023-03-31,BIOCON
2023-03-31,MANYAVAR
2023-03-31,LINDEINDIA
2023-03-31,IGL
2023-03-31,SONACOMS
2023-03-31,SYNGENE
2023-03-31,M&MFIN
2023-03-31,GODREJIND
2023-03-31,BALKRISIND
2023-03-31,FEDERALBNK
2023-03-31,OIL
2023-03-31,VOLTAS
2023-03-31,TORNTPOWER
2023-03-31,360ONE
2023-03-31,THERMAX
2023-03-31,COROMANDEL
2023-03-31,GODREJPROP
2023-03-31,CRISIL
2023-03-31,BANKINDIA
2023-03-31,AIAENG
2023-03-31,GUJGASLTD
2023-03-31,PHOENIXLTD
2023-03-31,OBEROIRLTY
2023-03-31,LTTS
2023-03-31,3MINDIA
2023-03-31,PRESTIGE
2023-03-31,BHARATFORG
2023-03-31,ENDURANCE
2023-03-31,MFSL
2023-03-31,IPCALAB
2023-03-31,GLAXO
2023-03-31,HONAUT
2023-03-31,ASTRAL
2023-03-31,ESCORTS
2023-03-31,SUNDARMFIN
2023-03-31,ABCAPITAL
2023-03-31,IDFCFIRSTB
2023-03-31,LICHSGFIN
2023-03-31,AUBANK
2023-03-31,AJANTPHARM
2023-03-31,DALBHARAT
2023-03-31,APLAPOLLO
2023-03-31,SUPREMEIND
2023-03-31,UBL
2023-03-31,ASHOKLEY
2023-03-31,JKCEMENT
2023-03-31,LTF
2023-03-31,UNOMINDA
2023-03-31,COFORGE
2023-03-31,TATACOMM
2023-03-31,NIACL
2023-03-31,TIINDIA
2023-03-31,CONCOR
2023-03-31,DIXON
2023-03-31,GICRE
2023-03-31,OFSS
2023-03-31,PERSISTENT
2023-03-31,TATAELXSI
2023-03-31,ABBOTINDIA
2023-03-31,ALKEM
2023-03-31,POLYCAB
2023-03-31,SCHAEFFLER
2023-03-31,INDIANB
2023-03-31,CUMMINSIND
2023-03-31,FORTIS
2023-03-31,MRF
2023-03-31,FLUOROCHEM
2023-03-31,AUROPHARMA
2023-03-31,POLICYBZR
2023-03-31,YESBANK
2023-03-31,GMRAIRPORT
2023-03-31,JUBLFOOD
2023-03-31,KPRMILL
2023-03-31,HINDPETRO
2023-03-31,PATANJALI
2023-03-31,SAIL
2023-03-31,APOLLOTYRE
2023-03-31,MPHASIS
2023-03-31,NMDC
2023-03-31,PAYTM
2023-03-31,DEEPAKNTR
2023-03-31,LUPIN
2023-03-31,PETRONET
2023-07-13,AAVAS
2023-07-13,AFFLE
2023-07-13,ALKYLAMINE
2023-07-13,CLEAN
2023-07-13,FINEORG
2023-07-13,HAPPSTMNDS
2023-07-13,NAM-INDIA
2023-07-13,TTML
2023-07-13,SHRIRAMFIN
2023-07-13,TRENT
2023-07-13,TVSMOTOR
2023-07-13,ZYDUSLIFE
2023-07-13,AARTIIND
2023-07-13,ADANIPOWER
2023-07-13,PNB
2023-07-13,BLUEDART
2023-07-13,DEVYANI
2023-07-13,KANSAINER
2023-07-13,PFC
2023-07-13,RAJESHEXPO
2023-07-13,RECLTD
2023-07-13,RELAXO
2023-07-13,TRIDENT
2023-07-13,VINATIORGA
2023-07-13,WHIRLPOOL
2023-07-13,NAVINFLUOR
2023-07-13,ATUL
2023-07-13,BHEL
2023-07-13,CROMPTON
2023-07-13,LALPATHLAB
2023-07-13,ISEC
2023-07-13,JSWENERGY
2023-07-13,KAJARIACER
2023-07-13,PFIZER
2023-07-13,BATAINDIA
2023-07-13,LAURUSLABS
2023-07-13,SUNTV
2023-07-13,NHPC
2023-07-13,UNIONBANK
2023-07-13,MANYAVAR
2023-07-13,ZEEL
2023-07-13,BAYERCROP
2023-07-13,PEL
2023-07-13,CGPOWER
2023-07-13,GRINDWELL
2023-07-13,INDHOTEL
2023-07-13,METROBRAND
2023-07-13,POONAWALLA
2023-07-13,SKFINDIA
2023-07-13,SUNDRMFAST
2023-07-13,TATACHEM
2023-07-13,M&MFIN
2023-07-13,DELHIVERY
2023-07-13,RAMCOCEM
2023-07-13,SUMICHEM
2023-07-13,TIMKEN
2023-07-13,IDEA
2023-07-13,BANDHANBNK
2023-07-13,EMAMILTD
2023-07-13,GLAND
2023-07-13,HINDZINC
2023-07-13,MAXHEALTH
2023-07-13,SOLARINDS
2023-07-13,STARHEALTH
2023-07-13,IRFC
2023-07-13,CUMMINSIND
2023-07-13,GUJGASLTD
2023-07-13,IGL
2023-07-13,SONACOMS
2023-07-13,SYNGENE
2023-07-13,LODHA
2023-07-13,ABFRL
2023-07-13,ZFCVINDIA
2023-07-13,DEEPAKNTR
2023-07-13,MOTHERSON
2023-07-13,GODREJIND
2023-07-13,PERSISTENT
2023-07-13,ASHOKLEY
2023-07-13,AIAENG
2023-07-13,OBEROIRLTY
2023-07-13,TORNTPOWER
2023-07-13,360ONE
2023-07-13,THERMAX
2023-07-13,ENDURANCE
2023-07-13,COROMANDEL
2023-07-13,CRISIL
2023-07-13,BANKINDIA
2023-07-13,AJANTPHARM
2023-07-13,IDFCFIRSTB
2023-07-13,3MINDIA
2023-07-13,PRESTIGE
2023-07-13,SUPREMEIND
2023-07-13,VOLTAS
2023-07-13,GODREJPROP
2023-07-13,BHARATFORG
2023-07-13,SUNDARMFIN
2023-07-13,BALKRISIND
2023-07-13,SCHAEFFLER
2023-07-13,MFSL
2023-07-13,AUBANK
2023-07-13,GLAXO
2023-07-13,HONAUT
2023-07-13,ASTRAL
2023-07-13,ESCORTS
2023-07-13,ABCAPITAL
2023-07-13,IPCALAB
2023-07-13,OIL
2023-07-13,DALBHARAT
2023-07-13,FORTIS
2023-07-13,LTTS
2023-07-13,POLYCAB
2023-07-13,LICHSGFIN
2023-07-13,JKCEMENT
2023-07-13,PHOENIXLTD
2023-07-13,UNOMINDA
2023-07-13,TATACOMM
2023-07-13,NIACL
2023-07-13,TIINDIA
2023-07-13,CONCOR
2023-07-13,DIXON
2023-07-13,LTF
2023-07-13,OFSS
2023-07-13,TATAELXSI
2023-07-13,ABBOTINDIA
2023-07-13,ALKEM
2023-07-13,APLAPOLLO
2023-07-13,INDIANB
2023-07-13,LINDEINDIA
2023-07-13,UBL
2023-07-13,MRF
2023-07-13,COFORGE
2023-07-13,PETRONET
2023-07-13,GICRE
2023-07-13,LUPIN
2023-07-13,AUROPHARMA
2023-07-13,GMRAIRPORT
2023-07-13,JUBLFOOD
2023-07-13,KPRMILL
2023-07-13,PATANJALI
2023-07-13,SAIL
2023-07-13,YESBANK
2023-07-13,BIOCON
2023-07-13,APOLLOTYRE
2023-07-13,MPHASIS
2023-07-13,NMDC
2023-07-13,PAYTM
2023-07-13,MANKIND
2023-07-13,FEDERALBNK
2023-07-13,HINDPETRO
2023-07-13,FLUOROCHEM
2023-07-13,POLICYBZR
2023-09-29,FINEORG
2023-09-29,CLEAN
2023-09-29,HAPPSTMNDS
2023-09-29,NHPC
2023-09-29,AFFLE
2023-09-29,PNB
2023-09-29,AAVAS
2023-09-29,ALKYLAMINE
2023-09-29,SHRIRAMFIN
2023-09-29,BLUEDART
2023-09-29,TRENT
2023-09-29,TVSMOTOR
2023-09-29,ZYDUSLIFE
2023-09-29,AARTIIND
2023-09-29,ADANIPOWER
2023-09-29,CROMPTON
2023-09-29,FEDERALBNK
2023-09-29,TTML
2023-09-29,IRFC
2023-09-29,TRIDENT
2023-09-29,PFIZER
2023-09-29,PEL
2023-09-29,RECLTD
2023-09-29,RELAXO
2023-09-29,VINATIORGA
2023-09-29,WHIRLPOOL
2023-09-29,ATUL
2023-09-29,BATAINDIA
2023-09-29,RAJESHEXPO
2023-09-29,BHEL
2023-09-29,LALPATHLAB
2023-09-29,ISEC
2023-09-29,JSWENERGY
2023-09-29,KAJARIACER
2023-09-29,KANSAINER
2023-09-29,LAURUSLABS
2023-09-29,LODHA
2023-09-29,DEVYANI
2023-09-29,NAVINFLUOR
2023-09-29,PFC
2023-09-29,TATACHEM
2023-09-29,GLAND
2023-09-29,ABFRL
2023-09-29,IDEA
2023-09-29,ZEEL
2023-09-29,BAYERCROP
2023-09-29,CARBORUNIV
2023-09-29,DELHIVERY
2023-09-29,FACT
2023-09-29,GRINDWELL
2023-09-29,CGPOWER
2023-09-29,METROBRAND
2023-09-29,POONAWALLA
2023-09-29,SKFINDIA
2023-09-29,SUNDRMFAST
2023-09-29,TIMKEN
2023-09-29,ZFCVINDIA
2023-09-29,INDHOTEL
2023-09-29,BALKRISIND
2023-09-29,UNIONBANK
2023-09-29,RAMCOCEM
2023-09-29,MANYAVAR
2023-09-29,BANDHANBNK
2023-09-29,HINDZINC
2023-09-29,MAXHEALTH
2023-09-29,MAZDOCK
2023-09-29,MOTHERSON
2023-09-29,SOLARINDS
2023-09-29,SUNTV
2023-09-29,CUMMINSIND
2023-09-29,DEEPAKNTR
2023-09-29,GUJGASLTD
2023-09-29,HDFCAMC
2023-09-29,IGL
2023-09-29,SONACOMS
2023-09-29,SYNGENE
2023-09-29,M&MFIN
2023-09-29,SUMICHEM
2023-09-29,GODREJIND
2023-09-29,EMAMILTD
2023-09-29,STARHEALTH
2023-09-29,NAM-INDIA
2023-09-29,DALBHARAT
2023-09-29,JUBLFOOD
2023-09-29,OBEROIRLTY
2023-09-29,360ONE
2023-09-29,THERMAX
2023-09-29,COROMANDEL
2023-09-29,GODREJPROP
2023-09-29,CRISIL
2023-09-29,PHOENIXLTD
2023-09-29,NIACL
2023-09-29,BANKINDIA
2023-09-29,IDFCFIRSTB
2023-09-29,3MINDIA
2023-09-29,PRESTIGE
2023-09-29,SUPREMEIND
2023-09-29,BHARATFORG
2023-09-29,ENDURANCE
2023-09-29,LTTS
2023-09-29,AJANTPHARM
2023-09-29,TORNTPOWER
2023-09-29,GLAXO
2023-09-29,FORTIS
2023-09-29,VOLTAS
2023-09-29,LICHSGFIN
2023-09-29,IPCALAB
2023-09-29,ABCAPITAL
2023-09-29,TATACOMM
2023-09-29,ESCORTS
2023-09-29,OIL
2023-09-29,ASTRAL
2023-09-29,SUNDARMFIN
2023-09-29,COFORGE
2023-09-29,POLYCAB
2023-09-29,SCHAEFFLER
2023-09-29,ASHOKLEY
2023-09-29,JKCEMENT
2023-09-29,LTF
2023-09-29,UNOMINDA
2023-09-29,HONAUT
2023-09-29,AUBANK
2023-09-29,TIINDIA
2023-09-29,MFSL
2023-09-29,DIXON
2023-09-29,GICRE
2023-09-29,OFSS
2023-09-29,PERSISTENT
2023-09-29,TATAELXSI
2023-09-29,ABBOTINDIA
2023-09-29,ALKEM
2023-09-29,APLAPOLLO
2023-09-29,INDIANB
2023-09-29,LINDEINDIA
2023-09-29,MRF
2023-09-29,PETRONET
2023-09-29,UBL
2023-09-29,AUROPHARMA
2023-09-29,FLUOROCHEM
2023-09-29,HINDPETRO
2023-09-29,INDUSTOWER
2023-09-29,YESBANK
2023-09-29,GMRAIRPORT
2023-09-29,KPRMILL
2023-09-29,POLICYBZR
2023-09-29,SAIL
2023-09-29,CONCOR
2023-09-29,PATANJALI
2023-09-29,APOLLOTYRE
2023-09-29,BIOCON
2023-09-29,MPHASIS
2023-09-29,NMDC
2023-09-29,MANKIND
2023-09-29,ACC
2023-09-29,PAYTM
2023-09-29,RVNL
2023-09-29,BDL
2023-09-29,LUPIN
2023-09-29,NYKAA
2023-09-29,AIAENG
2023-09-29,JSL
2023-09-29,KPITTECH
2023-09-29,MAHABANK
2023-09-29,PAGEIND
2024-03-28,AARTIIND
2024-03-28,NAVINFLUOR
2024-03-28,IRFC
2024-03-28,ADANIPOWER
2024-03-28,BLUEDART
2024-03-28,PFIZER
2024-03-28,CROMPTON
2024-03-28,PFC
2024-03-28,DEVYANI
2024-03-28,RECLTD
2024-03-28,RELAXO
2024-03-28,TRIDENT
2024-03-28,VINATIORGA
2024-03-28,WHIRLPOOL
2024-03-28,ATUL
2024-03-28,CRISIL
2024-03-28,BATAINDIA
2024-03-28,RAJESHEXPO
2024-03-28,BHEL
2024-03-28,IDEA
2024-03-28,GRINDWELL
2024-03-28,KAJARIACER
2024-03-28,KANSAINER
2024-03-28,LAURUSLABS
2024-03-28,LODHA
2024-03-28,NHPC
2024-03-28,PEL
2024-03-28,SUMICHEM
2024-03-28,RAMCOCEM
2024-03-28,UNIONBANK
2024-03-28,MANYAVAR
2024-03-28,ZEEL
2024-03-28,BAYERCROP
2024-03-28,CARBORUNIV
2024-03-28,CGPOWER
2024-03-28,DELHIVERY
2024-03-28,FACT
2024-03-28,JSWENERGY
2024-03-28,LALPATHLAB
2024-03-28,IDBI
2024-03-28,SUNTV
2024-03-28,METROBRAND
2024-03-28,POONAWALLA
2024-03-28,CUMMINSIND
2024-03-28,SKFINDIA
2024-03-28,SUNDRMFAST
2024-03-28,TATACHEM
2024-03-28,TIMKEN
2024-03-28,ABFRL
2024-03-28,BANDHANBNK
2024-03-28,EMAMILTD
2024-03-28,ZFCVINDIA
2024-03-28,HINDZINC
2024-03-28,MAXHEALTH
2024-03-28,MAZDOCK
2024-03-28,MOTHERSON
2024-03-28,SOLARINDS
2024-03-28,STARHEALTH
2024-03-28,GLAND
2024-03-28,PGHH
2024-03-28,ISEC
2024-03-28,M&MFIN
2024-03-28,GUJGASLTD
2024-03-28,HDFCAMC
2024-03-28,IGL
2024-03-28,MUTHOOTFIN
2024-03-28,SONACOMS
2024-03-28,SYNGENE
2024-03-28,TATATECH
2024-03-28,GODREJIND
2024-03-28,BALKRISIND
2024-03-28,FEDERALBNK
2024-03-28,VOLTAS
2024-03-28,AIAENG
2024-03-28,OBEROIRLTY
2024-03-28,TORNTPOWER
2024-03-28,360ONE
2024-03-28,THERMAX
2024-03-28,COROMANDEL
2024-03-28,INDHOTEL
2024-03-28,DEEPAKNTR
2024-03-28,FLUOROCHEM
2024-03-28,GODREJPROP
2024-03-28,PAYTM
2024-03-28,ALKEM
2024-03-28,IDFCFIRSTB
2024-03-28,3MINDIA
2024-03-28,PRESTIGE
2024-03-28,SUPREMEIND
2024-03-28,BHARATFORG
2024-03-28,ENDURANCE
2024-03-28,LTTS
2024-03-28,MFSL
2024-03-28,AUBANK
2024-03-28,GLAXO
2024-03-28,HONAUT
2024-03-28,ASTRAL
2024-03-28,ESCORTS
2024-03-28,SUNDARMFIN
2024-03-28,ABCAPITAL
2024-03-28,IPCALAB
2024-03-28,LICHSGFIN
2024-03-28,OIL
2024-03-28,DALBHARAT
2024-03-28,FORTIS
2024-03-28,PHOENIXLTD
2024-03-28,POLYCAB
2024-03-28,COFORGE
2024-03-28,SCHAEFFLER
2024-03-28,ASHOKLEY
2024-03-28,JKCEMENT
2024-03-28,LTF
2024-03-28,UNOMINDA
2024-03-28,TATACOMM
2024-03-28,ABBOTINDIA
2024-03-28,TIINDIA
2024-03-28,CONCOR
2024-03-28,DIXON
2024-03-28,GICRE
2024-03-28,OFSS
2024-03-28,PERSISTENT
2024-03-28,TATAELXSI
2024-03-28,NIACL
2024-03-28,APLAPOLLO
2024-03-28,AJANTPHARM
2024-03-28,LINDEINDIA
2024-03-28,MRF
2024-03-28,PETRONET
2024-03-28,UBL
2024-03-28,AUROPHARMA
2024-03-28,BSE
2024-03-28,HINDPETRO
2024-03-28,POLICYBZR
2024-03-28,YESBANK
2024-03-28,GMRAIRPORT
2024-03-28,JUBLFOOD
2024-03-28,KPRMILL
2024-03-28,LUPIN
2024-03-28,PATANJALI
2024-03-28,SAIL
2024-03-28,APOLLOTYRE
2024-03-28,BIOCON
2024-03-28,UPL
2024-03-28,NMDC
2024-03-28,MANKIND
2024-03-28,MPHASIS
2024-03-28,MAHABANK
2024-03-28,BDL
2024-03-28,NYKAA
2024-03-28,INDUSTOWER
2024-03-28,JSL
2024-03-28,INDIANB
2024-03-28,PAGEIND
2024-03-28,RVNL
2024-03-28,AWL
2024-03-28,KPITTECH
2024-03-28,KALYANKJIL
2024-03-28,KEI
2024-03-28,LLOYDSME
2024-03-28,PIIND
2024-03-28,SJVN
2024-03-28,SUZLON
2024-03-28,BANKINDIA
2024-03-28,ACC
2024-03-28,JSWINFRA
2024-09-30,GLAND
2024-09-30,KAJARIACER
2024-09-30,JSWENERGY
2024-09-30,BHEL
2024-09-30,LALPATHLAB
2024-09-30,DEVYANI
2024-09-30,ISEC
2024-09-30,KANSAINER
2024-09-30,HINDZINC
2024-09-30,NHPC
2024-09-30,IGL
2024-09-30,SUMICHEM
2024-09-30,RAMCOCEM
2024-09-30,UNIONBANK
2024-09-30,MANYAVAR
2024-09-30,IDEA
2024-09-30,HONAUT
2024-09-30,LAURUSLABS
2024-09-30,LODHA
2024-09-30,ATUL
2024-09-30,TATACHEM
2024-09-30,BAYERCROP
2024-09-30,FACT
2024-09-30,GRINDWELL
2024-09-30,IDBI
2024-09-30,INDHOTEL
2024-09-30,IOB
2024-09-30,METROBRAND
2024-09-30,POONAWALLA
2024-09-30,PGHH
2024-09-30,SKFINDIA
2024-09-30,SUNDRMFAST
2024-09-30,TIMKEN
2024-09-30,ZFCVINDIA
2024-09-30,ABFRL
2024-09-30,BANDHANBNK
2024-09-30,EMAMILTD
2024-09-30,CGPOWER
2024-09-30,CARBORUNIV
2024-09-30,ZEEL
2024-09-30,BATAINDIA
2024-09-30,BALKRISIND
2024-09-30,TORNTPOWER
2024-09-30,MAZDOCK
2024-09-30,SOLARINDS
2024-09-30,STARHEALTH
2024-09-30,SUNTV
2024-09-30,VOLTAS
2024-09-30,DEEPAKNTR
2024-09-30,GUJGASLTD
2024-09-30,HDFCAMC
2024-09-30,CUMMINSIND
2024-09-30,IRB
2024-09-30,MUTHOOTFIN
2024-09-30,SONACOMS
2024-09-30,SYNGENE
2024-09-30,TATATECH
2024-09-30,M&MFIN
2024-09-30,GODREJIND
2024-09-30,DELHIVERY
2024-09-30,MOTHERSON
2024-09-30,FEDERALBNK
2024-09-30,MFSL
2024-09-30,AIAENG
2024-09-30,360ONE
2024-09-30,THERMAX
2024-09-30,COROMANDEL
2024-09-30,GODREJPROP
2024-09-30,CRISIL
2024-09-30,PHOENIXLTD
2024-09-30,BANKINDIA
2024-09-30,OBEROIRLTY
2024-09-30,MAXHEALTH
2024-09-30,AJANTPHARM
2024-09-30,PRESTIGE
2024-09-30,SUPREMEIND
2024-09-30,BHARATFORG
2024-09-30,ENDURANCE
2024-09-30,LTTS
2024-09-30,AUBANK
2024-09-30,MRPL
2024-09-30,IDFCFIRSTB
2024-09-30,3MINDIA
2024-09-30,GLAXO
2024-09-30,PEL
2024-09-30,ASTRAL
2024-09-30,ABCAPITAL
2024-09-30,IPCALAB
2024-09-30,LICHSGFIN
2024-09-30,OIL
2024-09-30,DALBHARAT
2024-09-30,FORTIS
2024-09-30,POLYCAB
2024-09-30,GICRE
2024-09-30,SCHAEFFLER
2024-09-30,JKCEMENT
2024-09-30,LTF
2024-09-30,UNOMINDA
2024-09-30,COFORGE
2024-09-30,TATACOMM
2024-09-30,NIACL
2024-09-30,TIINDIA
2024-09-30,CONCOR
2024-09-30,LUPIN
2024-09-30,DIXON
2024-09-30,SUNDARMFIN
2024-09-30,OFSS
2024-09-30,SBICARD
2024-09-30,MRF
2024-09-30,ABBOTINDIA
2024-09-30,ALKEM
2024-09-30,APLAPOLLO
2024-09-30,INDIANB
2024-09-30,LINDEINDIA
2024-09-30,PETRONET
2024-09-30,ASHOKLEY
2024-09-30,KPRMILL
2024-09-30,FLUOROCHEM
2024-09-30,HINDPETRO
2024-09-30,POLICYBZR
2024-09-30,YESBANK
2024-09-30,GMRAIRPORT
2024-09-30,JUBLFOOD
2024-09-30,PERSISTENT
2024-09-30,UBL
2024-09-30,AUROPHARMA
2024-09-30,PATANJALI
2024-09-30,TATAELXSI
2024-09-30,APOLLOTYRE
2024-09-30,MPHASIS
2024-09-30,NMDC
2024-09-30,PAYTM
2024-09-30,MANKIND
2024-09-30,ACC
2024-09-30,MAHABANK
2024-09-30,TATAINVEST
2024-09-30,SAIL
2024-09-30,BIOCON
2024-09-30,NYKAA
2024-09-30,KPITTECH
2024-09-30,PAGEIND
2024-09-30,RVNL
2024-09-30,AWL
2024-09-30,IREDA
2024-09-30,JSWINFRA
2024-09-30,KALYANKJIL
2024-09-30,INDUSTOWER
2024-09-30,JSL
2024-09-30,KEI
2024-09-30,BDL
2024-09-30,PIIND
2024-09-30,SUZLON
2024-09-30,LLOYDSME
2024-09-30,UPL
2024-09-30,BSE
2024-09-30,BERGEPAINT
2024-09-30,BHARTIHEXA
2024-09-30,COCHINSHIP
2024-09-30,COLPAL
2024-09-30,EXIDEIND
2024-09-30,CENTRALBK
2024-09-30,POWERINDIA
2024-09-30,GLOBALHEALTH
2024-09-30,ESCORTS
2024-09-30,SRF
2024-09-30,NLCINDIA
2024-09-30,SJVN
2024-09-30,MARICO
2024-09-30,HUDCO
2024-09-30,NAM-INDIA
2025-03-28,IDBI
2025-03-28,COFORGE
2025-03-28,CARBORUNIV
2025-03-28,CGPOWER
2025-03-28,DELHIVERY
2025-03-28,FACT
2025-03-28,GRINDWELL
2025-03-28,INDHOTEL
2025-03-28,ZFCVINDIA
2025-03-28,METROBRAND
2025-03-28,POONAWALLA
2025-03-28,PGHH
2025-03-28,SKFINDIA
2025-03-28,SUNDRMFAST
2025-03-28,TATACHEM
2025-03-28,TIMKEN
2025-03-28,IOB
2025-03-28,ABFRL
2025-03-28,HINDZINC
2025-03-28,SYNGENE
2025-03-28,BANDHANBNK
2025-03-28,MRPL
2025-03-28,MAXHEALTH
2025-03-28,MAZDOCK
2025-03-28,MOTHERSON
2025-03-28,OLAELEC
2025-03-28,SOLARINDS
2025-03-28,STARHEALTH
2025-03-28,EMAMILTD
2025-03-28,SUNTV
2025-03-28,DEEPAKNTR
2025-03-28,GUJGASLTD
2025-03-28,HDFCAMC
2025-03-28,IGL
2025-03-28,IRB
2025-03-28,MUTHOOTFIN
2025-03-28,SONACOMS
2025-03-28,GLAND
2025-03-28,CUMMINSIND
2025-03-28,TATATECH
2025-03-28,ENDURANCE
2025-03-28,M&MFIN
2025-03-28,FEDERALBNK
2025-03-28,VOLTAS
2025-03-28,AIAENG
2025-03-28,BHARATFORG
2025-03-28,TORNTPOWER
2025-03-28,360ONE
2025-03-28,THERMAX
2025-03-28,OBEROIRLTY
2025-03-28,GODREJPROP
2025-03-28,CRISIL
2025-03-28,PHOENIXLTD
2025-03-28,BANKINDIA
2025-03-28,IDFCFIRSTB
2025-03-28,3MINDIA
2025-03-28,PRESTIGE
2025-03-28,COROMANDEL
2025-03-28,UNOMINDA
2025-03-28,BALKRISIND
2025-03-28,GODREJIND
2025-03-28,SUPREMEIND
2025-03-28,JKCEMENT
2025-03-28,MFSL
2025-03-28,AUBANK
2025-03-28,GLAXO
2025-03-28,HONAUT
2025-03-28,ASTRAL
2025-03-28,ESCORTS
2025-03-28,SUNDARMFIN
2025-03-28,ABCAPITAL
2025-03-28,BAYERCROP
2025-03-28,IPCALAB
2025-03-28,OIL
2025-03-28,DALBHARAT
2025-03-28,FORTIS
2025-03-28,POLYCAB
2025-03-28,SCHAEFFLER
2025-03-28,ASHOKLEY
2025-03-28,UNIONBANK
2025-03-28,LTTS
2025-03-28,LICHSGFIN
2025-03-28,LTF
2025-03-28,AJANTPHARM
2025-03-28,UPL
2025-03-28,TIINDIA
2025-03-28,CONCOR
2025-03-28,DIXON
2025-03-28,GICRE
2025-03-28,OFSS
2025-03-28,PERSISTENT
2025-03-28,POLICYBZR
2025-03-28,TATAELXSI
2025-03-28,ALKEM
2025-03-28,INDIANB
2025-03-28,LINDEINDIA
2025-03-28,MRF
2025-03-28,PETRONET
2025-03-28,UBL
2025-03-28,AUROPHARMA
2025-03-28,FLUOROCHEM
2025-03-28,ABBOTINDIA
2025-03-28,JSL
2025-03-28,KPITTECH
2025-03-28,NIACL
2025-03-28,APLAPOLLO
2025-03-28,GMRAIRPORT
2025-03-28,KPRMILL
2025-03-28,LUPIN
2025-03-28,PATANJALI
2025-03-28,SAIL
2025-03-28,APOLLOTYRE
2025-03-28,NYKAA
2025-03-28,MPHASIS
2025-03-28,NMDC
2025-03-28,PAYTM
2025-03-28,MANKIND
2025-03-28,ACC
2025-03-28,MAHABANK
2025-03-28,BDL
2025-03-28,INDUSTOWER
2025-03-28,BIOCON
2025-03-28,YESBANK
2025-03-28,HINDPETRO
2025-03-28,POWERINDIA
2025-03-28,JUBLFOOD
2025-03-28,SBICARD
2025-03-28,JSWINFRA
2025-03-28,KALYANKJIL
2025-03-28,KEI
2025-03-28,LLOYDSME
2025-03-28,PIIND
2025-03-28,SJVN
2025-03-28,PAGEIND
2025-03-28,SUZLON
2025-03-28,BSE
2025-03-28,BERGEPAINT
2025-03-28,BHARTIHEXA
2025-03-28,CENTRALBK
2025-03-28,COCHINSHIP
2025-03-28,COLPAL
2025-03-28,EXIDEIND
2025-03-28,GLOBALHEALTH
2025-03-28,RVNL
2025-03-28,IREDA
2025-03-28,AWL
2025-03-28,TATACOMM
2025-03-28,MARICO
2025-03-28,HUDCO
2025-03-28,TATAINVEST
2025-03-28,SRF
2025-03-28,ATGL
2025-03-28,APARINDS
2025-03-28,BHEL
2025-03-28,GVT&D
2025-03-28,GLENMARK
2025-03-28,IRCTC
2025-03-28,BLUESTARCO
2025-03-28,NATIONALUM
2025-03-28,NHPC
2025-03-28,NTPCGREEN
2025-03-28,PREMIERENE
2025-03-28,VMM
2025-03-28,WAAREEENER
2025-03-28,NLCINDIA
2025-03-28,NAM-INDIA
2025-03-28,MOTILALOFS
2025-09-30,HINDZINC
2025-09-30,TATAELXSI
2025-09-30,ABFRL
2025-09-30,BANDHANBNK
2025-09-30,EMAMILTD
2025-09-30,GLAND
2025-09-30,MRPL
2025-09-30,CUMMINSIND
2025-09-30,MAZDOCK
2025-09-30,MOTHERSON
2025-09-30,OLAELEC
2025-09-30,SOLARINDS
2025-09-30,STARHEALTH
2025-09-30,SUNTV
2025-09-30,DEEPAKNTR
2025-09-30,MAXHEALTH
2025-09-30,GUJGASLTD
2025-09-30,FEDERALBNK
2025-09-30,IDBI
2025-09-30,PERSISTENT
2025-09-30,IRB
2025-09-30,MUTHOOTFIN
2025-09-30,PGHH
2025-09-30,SONACOMS
2025-09-30,SYNGENE
2025-09-30,TATATECH
2025-09-30,UCOBANK
2025-09-30,HDFCAMC
2025-09-30,IGL
2025-09-30,BALKRISIND
2025-09-30,FACT
2025-09-30,VOLTAS
2025-09-30,AIAENG
2025-09-30,OBEROIRLTY
2025-09-30,TORNTPOWER
2025-09-30,360ONE
2025-09-30,GODREJIND
2025-09-30,M&MFIN
2025-09-30,THERMAX
2025-09-30,LTF
2025-09-30,IOB
2025-09-30,ABCAPITAL
2025-09-30,AJANTPHARM
2025-09-30,IDFCFIRSTB
2025-09-30,3MINDIA
2025-09-30,PRESTIGE
2025-09-30,BHARATFORG
2025-09-30,ENDURANCE
2025-09-30,SUPREMEIND
2025-09-30,MFSL
2025-09-30,AUBANK
2025-09-30,GLAXO
2025-09-30,HONAUT
2025-09-30,ASTRAL
2025-09-30,ESCORTS
2025-09-30,SUNDARMFIN
2025-09-30,UNIONBANK
2025-09-30,LTTS
2025-09-30,PHOENIXLTD
2025-09-30,COROMANDEL
2025-09-30,BANKINDIA
2025-09-30,IPCALAB
2025-09-30,CRISIL
2025-09-30,OIL
2025-09-30,DALBHARAT
2025-09-30,FORTIS
2025-09-30,POLYCAB
2025-09-30,SCHAEFFLER
2025-09-30,ASHOKLEY
2025-09-30,UNOMINDA
2025-09-30,COFORGE
2025-09-30,TATACOMM
2025-09-30,NIACL
2025-09-30,TIINDIA
2025-09-30,CONCOR
2025-09-30,DIXON
2025-09-30,GICRE
2025-09-30,GODREJPROP
2025-09-30,OFSS
2025-09-30,JKCEMENT
2025-09-30,LICHSGFIN
2025-09-30,ABBOTINDIA
2025-09-30,TATAINVEST
2025-09-30,APLAPOLLO
2025-09-30,INDIANB
2025-09-30,LINDEINDIA
2025-09-30,MRF
2025-09-30,PETRONET
2025-09-30,UBL
2025-09-30,AUROPHARMA
2025-09-30,LLOYDSME
2025-09-30,FLUOROCHEM
2025-09-30,POLICYBZR
2025-09-30,GMRAIRPORT
2025-09-30,JUBLFOOD
2025-09-30,KPRMILL
2025-09-30,LUPIN
2025-09-30,PATANJALI
2025-09-30,SAIL
2025-09-30,HINDPETRO
2025-09-30,YESBANK
2025-09-30,MPHASIS
2025-09-30,INDUSTOWER
2025-09-30,BHEL
2025-09-30,NMDC
2025-09-30,PAYTM
2025-09-30,MANKIND
2025-09-30,ACC
2025-09-30,MAHABANK
2025-09-30,BDL
2025-09-30,NYKAA
2025-09-30,KEI
2025-09-30,JSL
2025-09-30,KPITTECH
2025-09-30,PAGEIND
2025-09-30,RVNL
2025-09-30,AWL
2025-09-30,IREDA
2025-09-30,JSWINFRA
2025-09-30,KALYANKJIL
2025-09-30,BIOCON
2025-09-30,PIIND
2025-09-30,APOLLOTYRE
2025-09-30,SUZLON
2025-09-30,ATGL
2025-09-30,UPL
2025-09-30,BSE
2025-09-30,BERGEPAINT
2025-09-30,BHARTIHEXA
2025-09-30,COCHINSHIP
2025-09-30,COLPAL
2025-09-30,EXIDEIND
2025-09-30,GLOBALHEALTH
2025-09-30,POWERINDIA
2025-09-30,SWIGGY
2025-09-30,HUDCO
2025-09-30,MARICO
2025-09-30,NAM-INDIA
2025-09-30,NLCINDIA
2025-09-30,SBICARD
2025-09-30,APARINDS
2025-09-30,BLUESTARCO
2025-09-30,SJVN
2025-09-30,SRF
2025-09-30,GLENMARK
2025-09-30,GVT&D
2025-09-30,IRCTC
2025-09-30,MOTILALOFS
2025-09-30,NATIONALUM
2025-09-30,NHPC
2025-09-30,PREMIERENE
2025-09-30,VMM
2025-09-30,WAAREEENER
2025-09-30,NTPCGREEN
2025-09-30,GODFRYPHLP
2025-09-30,HEROMOTOCO
2025-09-30,HEXT
2025-09-30,ICICIPRULI
2025-09-30,INDUSINDBK
2025-09-30,ITCHOTELS
2025-09-30,ALKEM
2025-09-30,DABUR
2026-03-30,IRB
2026-03-30,DEEPAKNTR
2026-03-30,FACT
2026-03-30,HDFCAMC
2026-03-30,IDBI
2026-03-30,IOB
2026-03-30,IGL
2026-03-30,MUTHOOTFIN
2026-03-30,MFSL
2026-03-30,SONACOMS
2026-03-30,SYNGENE
2026-03-30,TATATECH
2026-03-30,UCOBANK
2026-03-30,UNIONBANK
2026-03-30,M&MFIN
2026-03-30,CUMMINSIND
2026-03-30,BALKRISIND
2026-03-30,PGHH
2026-03-30,GMRAIRPORT
2026-03-30,IDFCFIRSTB
2026-03-30,FEDERALBNK
2026-03-30,OBEROIRLTY
2026-03-30,TORNTPOWER
2026-03-30,360ONE
2026-03-30,THERMAX
2026-03-30,COROMANDEL
2026-03-30,GODREJPROP
2026-03-30,CRISIL
2026-03-30,PHOENIXLTD
2026-03-30,BANKINDIA
2026-03-30,AJANTPHARM
2026-03-30,3MINDIA
2026-03-30,PRESTIGE
2026-03-30,SUPREMEIND
2026-03-30,BHARATFORG
2026-03-30,ENDURANCE
2026-03-30,VOLTAS
2026-03-30,LTTS
2026-03-30,GODREJIND
2026-03-30,GUJGASLTD
2026-03-30,ASHOKLEY
2026-03-30,DIXON
2026-03-30,NIACL
2026-03-30,SUNDARMFIN
2026-03-30,HONAUT
2026-03-30,ABCAPITAL
2026-03-30,IPCALAB
2026-03-30,LICHSGFIN
2026-03-30,OIL
2026-03-30,DALBHARAT
2026-03-30,ESCORTS
2026-03-30,POLYCAB
2026-03-30,COFORGE
2026-03-30,FORTIS
2026-03-30,UNOMINDA
2026-03-30,ASTRAL
2026-03-30,JKCEMENT
2026-03-30,SCHAEFFLER
2026-03-30,AIAENG
2026-03-30,TATACOMM
2026-03-30,GLAXO
2026-03-30,FLUOROCHEM
2026-03-30,CONCOR
2026-03-30,GICRE
2026-03-30,OFSS
2026-03-30,PERSISTENT
2026-03-30,TATAELXSI
2026-03-30,ABBOTINDIA
2026-03-30,ALKEM
2026-03-30,APLAPOLLO
2026-03-30,INDIANB
2026-03-30,LINDEINDIA
2026-03-30,MRF
2026-03-30,PETRONET
2026-03-30,UBL
2026-03-30,LTF
2026-03-30,AUROPHARMA
2026-03-30,HINDPETRO
2026-03-30,AUBANK
2026-03-30,POLICYBZR
2026-03-30,TIINDIA
2026-03-30,YESBANK
2026-03-30,MPHASIS
2026-03-30,JUBLFOOD
2026-03-30,PATANJALI
2026-03-30,SAIL
2026-03-30,APOLLOTYRE
2026-03-30,BIOCON
2026-03-30,NMDC
2026-03-30,PAYTM
2026-03-30,MANKIND
2026-03-30,ACC
2026-03-30,MAHABANK
2026-03-30,BDL
2026-03-30,NYKAA
2026-03-30,INDUSTOWER
2026-03-30,JSL
2026-03-30,KPITTECH
2026-03-30,PAGEIND
2026-03-30,AWL
2026-03-30,NLCINDIA
2026-03-30,NAM-INDIA
2026-03-30,MCX
2026-03-30,RVNL
2026-03-30,IREDA
2026-03-30,EXIDEIND
2026-03-30,KALYANKJIL
2026-03-30,UPL
2026-03-30,KEI
2026-03-30,PIIND
2026-03-30,SJVN
2026-03-30,SUZLON
2026-03-30,BSE
2026-03-30,MARICO
2026-03-30,BHARTIHEXA
2026-03-30,COCHINSHIP
2026-03-30,COLPAL
2026-03-30,GLOBALHEALTH
2026-03-30,POWERINDIA
2026-03-30,HUDCO
2026-03-30,JSWINFRA
2026-03-30,BERGEPAINT
2026-03-30,LUPIN
2026-03-30,SRF
2026-03-30,LLOYDSME
2026-03-30,ANTHEM
2026-03-30,APARINDS
2026-03-30,BHEL
2026-03-30,BLUESTARCO
2026-03-30,GVT&D
2026-03-30,GLENMARK
2026-03-30,IRCTC
2026-03-30,SBICARD
2026-03-30,MOTILALOFS
2026-03-30,NHPC
2026-03-30,NTPCGREEN
2026-03-30,PREMIERENE
2026-03-30,VMM
2026-03-30,WAAREEENER
2026-03-30,DABUR
2026-03-30,HEROMOTOCO
2026-03-30,SWIGGY
2026-03-30,NATIONALUM
2026-03-30,ATGL
2026-03-30,TATAINVEST
2026-03-30,GODFRYPHLP
2026-03-30,ICICIPRULI
2026-03-30,HEXT
2026-03-30,AIIL
2026-03-30,GROWW
2026-03-30,HAVELLS
2026-03-30,HDBFS
2026-03-30,ICICIGI
2026-03-30,ICICIAMC
2026-03-30,NAUKRI
2026-03-30,BAJAJHFL
2026-03-30,LAURUSLABS
2026-03-30,LENSKART
2026-03-30,LGEINDIA
2026-03-30,LICI
2026-03-30,KPRMILL
2026-03-30,RADICO
2026-03-30,ITCHOTELS
2026-03-30,JSWENERGY
2026-03-30,INDUSINDBK
2026-03-31,M&MFIN
2026-03-31,GODREJIND
2026-03-31,BALKRISIND
2026-03-31,FEDERALBNK
2026-03-31,VOLTAS
2026-03-31,AIAENG
2026-03-31,THERMAX
2026-03-31,TORNTPOWER
2026-03-31,360ONE
2026-03-31,COROMANDEL
2026-03-31,GODREJPROP
2026-03-31,RADICO
2026-03-31,AJANTPHARM
2026-03-31,OBEROIRLTY
2026-03-31,PHOENIXLTD
2026-03-31,ESCORTS
2026-03-31,IDFCFIRSTB
2026-03-31,SUPREMEIND
2026-03-31,MPHASIS
2026-03-31,BHARATFORG
2026-03-31,ENDURANCE
2026-03-31,LTTS
2026-03-31,MFSL
2026-03-31,AUBANK
2026-03-31,BANKINDIA
2026-03-31,GLAXO
2026-03-31,ASTRAL
2026-03-31,SUNDARMFIN
2026-03-31,ABCAPITAL
2026-03-31,IPCALAB
2026-03-31,LICHSGFIN
2026-03-31,3MINDIA
2026-03-31,DALBHARAT
2026-03-31,HONAUT
2026-03-31,FORTIS
2026-03-31,ALKEM
2026-03-31,MRF
2026-03-31,UNOMINDA
2026-03-31,COFORGE
2026-03-31,TATACOMM
2026-03-31,NIACL
2026-03-31,TIINDIA
2026-03-31,CONCOR
2026-03-31,DIXON
2026-03-31,GICRE
2026-03-31,OFSS
2026-03-31,PERSISTENT
2026-03-31,TATAELXSI
2026-03-31,ABBOTINDIA
2026-03-31,APLAPOLLO
2026-03-31,IDEA
2026-03-31,PRESTIGE
2026-03-31,LTF
2026-03-31,JKCEMENT
2026-03-31,ASHOKLEY
2026-03-31,INDIANB
2026-03-31,PETRONET
2026-03-31,UBL
2026-03-31,AUROPHARMA
2026-03-31,FLUOROCHEM
2026-03-31,HINDPETRO
2026-03-31,POLICYBZR
2026-03-31,YESBANK
2026-03-31,SCHAEFFLER
2026-03-31,GMRAIRPORT
2026-03-31,KPRMILL
2026-03-31,LUPIN
2026-03-31,PATANJALI
2026-03-31,SAIL
2026-03-31,APOLLOTYRE
2026-03-31,LINDEINDIA
2026-03-31,POLYCAB
2026-03-31,JUBLFOOD
2026-03-31,BIOCON
2026-03-31,CRISIL
2026-03-31,NMDC
2026-03-31,OIL
2026-03-31,ACC
2026-03-31,MAHABANK
2026-03-31,BDL
2026-03-31,NYKAA
2026-03-31,INDUSTOWER
2026-03-31,SJVN
2026-03-31,JSL
2026-03-31,PAGEIND
2026-03-31,RVNL
2026-03-31,IREDA
2026-03-31,JSWINFRA
2026-03-31,KALYANKJIL
2026-03-31,KEI
2026-03-31,LLOYDSME
2026-03-31,MANKIND
2026-03-31,KPITTECH
2026-03-31,PIIND
2026-03-31,HUDCO
2026-03-31,UPL
2026-03-31,BSE
2026-03-31,BERGEPAINT
2026-03-31,BHARTIHEXA
2026-03-31,COCHINSHIP
2026-03-31,COLPAL
2026-03-31,GLOBALHEALTH
2026-03-31,POWERINDIA
2026-03-31,MARICO
2026-03-31,NAM-INDIA
2026-03-31,NLCINDIA
2026-03-31,SBICARD
2026-03-31,SUZLON
2026-03-31,SRF
2026-03-31,EXIDEIND
2026-03-31,AWL
2026-03-31,ATGL
2026-03-31,TATAINVEST
2026-03-31,BHEL
2026-03-31,GVT&D
2026-03-31,GLENMARK
2026-03-31,IRCTC
2026-03-31,MOTILALOFS
2026-03-31,NATIONALUM
2026-03-31,NHPC
2026-03-31,NTPCGREEN
2026-03-31,PREMIERENE
2026-03-31,VMM
2026-03-31,WAAREEENER
2026-03-31,DABUR
2026-03-31,GODFRYPHLP
2026-03-31,HEROMOTOCO
2026-03-31,HEXT
2026-03-31,INDUSINDBK
2026-03-31,BLUESTARCO
2026-03-31,ICICIPRULI
2026-03-31,ITCHOTELS
2026-03-31,APARINDS
2026-03-31,SWIGGY
2026-03-31,BAJAJHFL
2026-03-31,GROWW
2026-03-31,HAVELLS
2026-03-31,HDBFS
2026-03-31,ICICIGI
2026-03-31,ICICIAMC
2026-03-31,NAUKRI
2026-03-31,AIIL
2026-03-31,LAURUSLABS
2026-03-31,LENSKART
2026-03-31,LGEINDIA
2026-03-31,LICI
2026-03-31,MCX
2026-03-31,PAYTM
2026-03-31,JSWENERGY
2026-03-31,ANTHEM
2026-10-02,MRF
2026-10-02,M&MFIN
2026-10-02,MANKIND
2026-10-02,MARICO
2026-10-02,MFSL
2026-10-02,MOTILALOFS
2026-10-02,NLCINDIA
2026-10-02,MCX
2026-10-02,NHPC
2026-10-02,NMDC
2026-10-02,NTPCGREEN
2026-10-02,NATIONALUM
2026-10-02,NAM-INDIA
2026-10-02,LUPIN
2026-10-02,MPHASIS
2026-10-02,LLOYDSME
2026-10-02,KALYANKJIL
2026-10-02,LICI
2026-10-02,IPCALAB
2026-10-02,JKCEMENT
2026-10-02,JSWENERGY
2026-10-02,JSWINFRA
2026-10-02,JSL
2026-10-02,JUBLFOOD
2026-10-02,KPRMILL
2026-10-02,KEI
2026-10-02,KPITTECH
2026-10-02,LTF
2026-10-02,LTTS
2026-10-02,LGEINDIA
2026-10-02,LICHSGFIN
2026-10-02,LAURUSLABS
2026-10-02,LENSKART
2026-10-02,LINDEINDIA
2026-10-02,OBEROIRLTY
2026-10-02,VOLTAS
2026-10-02,PAYTM
2026-10-02,SUZLON
2026-10-02,SWIGGY
2026-10-02,TATACOMM
2026-10-02,TATAELXSI
2026-10-02,TATAINVEST
2026-10-02,NIACL
2026-10-02,THERMAX
2026-10-02,TORNTPOWER
2026-10-02,TIINDIA
2026-10-02,UNOMINDA
2026-10-02,UPL
2026-10-02,UBL
2026-10-02,VMM
2026-10-02,IDEA
2026-10-02,NAUKRI
2026-10-02,SUPREMEIND
2026-10-02,SUNDARMFIN
2026-10-02,SAIL
2026-10-02,SCHAEFFLER
2026-10-02,OFSS
2026-10-02,POLICYBZR
2026-10-02,PIIND
2026-10-02,PAGEIND
2026-10-02,PATANJALI
2026-10-02,PERSISTENT
2026-10-02,PETRONET
2026-10-02,OIL
2026-10-02,PHOENIXLTD
2026-10-02,PREMIERENE
2026-10-02,PRESTIGE
2026-10-02,RADICO
2026-10-02,RVNL
2026-10-02,SBICARD
2026-10-02,SJVN
2026-10-02,SRF
2026-10-02,POLYCAB
2026-10-02,INDUSINDBK
2026-10-02,COROMANDEL
2026-10-02,IREDA
2026-10-02,AIIL
2026-10-02,BSE
2026-10-02,BAJAJHFL
2026-10-02,BALKRISIND
2026-10-02,BANKINDIA
2026-10-02,MAHABANK
2026-10-02,BERGEPAINT
2026-10-02,BDL
2026-10-02,BHARATFORG
2026-10-02,BHEL
2026-10-02,BHARTIHEXA
2026-10-02,GROWW
2026-10-02,BIOCON
2026-10-02,BLUESTARCO
2026-10-02,CRISIL
2026-10-02,AUROPHARMA
2026-10-02,COCHINSHIP
2026-10-02,ASTRAL
2026-10-02,APOLLOTYRE
2026-10-02,WAAREEENER
2026-10-02,360ONE
2026-10-02,3MINDIA
2026-10-02,ACC
2026-10-02,AIAENG
2026-10-02,APLAPOLLO
2026-10-02,AUBANK
2026-10-02,AWL
2026-10-02,ABBOTINDIA
2026-10-02,ATGL
2026-10-02,ABCAPITAL
2026-10-02,AJANTPHARM
2026-10-02,ALKEM
2026-10-02,ANTHEM
2026-10-02,APARINDS
2026-10-02,ASHOKLEY
2026-10-02,INDUSTOWER
2026-10-02,COFORGE
2026-10-02,CONCOR
2026-10-02,HDBFS
2026-10-02,HAVELLS
2026-10-02,HEROMOTOCO
2026-10-02,HEXT
2026-10-02,HINDPETRO
2026-10-02,POWERINDIA
2026-10-02,HONAUT
2026-10-02,HUDCO
2026-10-02,ICICIGI
2026-10-02,ICICIAMC
2026-10-02,ICICIPRULI
2026-10-02,IDFCFIRSTB
2026-10-02,ITCHOTELS
2026-10-02,INDIANB
2026-10-02,IRCTC
2026-10-02,FLUOROCHEM
2026-10-02,COLPAL
2026-10-02,GODREJPROP
2026-10-02,GODFRYPHLP
2026-10-02,DABUR
2026-10-02,DALBHARAT
2026-10-02,DIXON
2026-10-02,ENDURANCE
2026-10-02,ESCORTS
2026-10-02,EXIDEIND
2026-10-02,NYKAA
2026-10-02,FEDERALBNK
2026-10-02,FORTIS
2026-10-02,GVT&D
2026-10-02,GMRAIRPORT
2026-10-02,GICRE
2026-10-02,GLAXO
2026-10-02,GLENMARK
2026-10-02,MEDANTA
2026-10-02,GODREJIND
2026-10-02,YESBANK
