date,index_id,index_name,symbol,action,effective_date,nse_circular_number,nse_press_release_url,source_document_type,verification_date,verified_by,notes
2026-10-02,201,NIFTY_MIDCAP_150,,baseline,2026-10-02,,,website_live_data,PENDING,PENDING,"Not yet fetched - to be collected from NSE website"
2025-12-27,201,NIFTY_MIDCAP_150,,rebalance,2025-12-27,,,press_release,TBD,TBD,"Q4 2025 quarterly rebalancing"
2025-09-26,201,NIFTY_MIDCAP_150,,rebalance,2025-09-26,,,press_release,TBD,TBD,"Q3 2025 quarterly rebalancing"
2025-06-27,201,NIFTY_MIDCAP_150,,rebalance,2025-06-27,,,press_release,TBD,TBD,"Q2 2025 quarterly rebalancing"
2025-03-28,201,NIFTY_MIDCAP_150,,rebalance,2025-03-28,,,press_release,TBD,TBD,"Q1 2025 quarterly rebalancing"
2024-12-27,201,NIFTY_MIDCAP_150,,rebalance,2024-12-27,,,press_release,TBD,TBD,"Q4 2024 quarterly rebalancing"
2024-09-27,201,NIFTY_MIDCAP_150,,rebalance,2024-09-27,,,press_release,TBD,TBD,"Q3 2024 quarterly rebalancing"
2024-06-28,201,NIFTY_MIDCAP_150,,rebalance,2024-06-28,,,press_release,TBD,TBD,"Q2 2024 quarterly rebalancing"
2024-03-28,201,NIFTY_MIDCAP_150,,rebalance,2024-03-28,,,press_release,TBD,TBD,"Q1 2024 - verify exact constituent count"
2026-10-02,203,NIFTY_SMALLCAP_250,,baseline,2026-10-02,,,website_live_data,PENDING,PENDING,"Not yet fetched - to be collected from NSE website"
2025-12-27,203,NIFTY_SMALLCAP_250,,rebalance,2025-12-27,,,press_release,TBD,TBD,"Q4 2025 quarterly rebalancing"
2025-09-26,203,NIFTY_SMALLCAP_250,,rebalance,2025-09-26,,,press_release,TBD,TBD,"Q3 2025 quarterly rebalancing"
2025-06-27,203,NIFTY_SMALLCAP_250,,rebalance,2025-06-27,,,press_release,TBD,TBD,"Q2 2025 quarterly rebalancing"
2025-03-28,203,NIFTY_SMALLCAP_250,,rebalance,2025-03-28,,,press_release,TBD,TBD,"Q1 2025 quarterly rebalancing"
2024-12-27,203,NIFTY_SMALLCAP_250,,rebalance,2024-12-27,,,press_release,TBD,TBD,"Q4 2024 quarterly rebalancing"
2024-09-27,203,NIFTY_SMALLCAP_250,,rebalance,2024-09-27,,,press_release,TBD,TBD,"Q3 2024 quarterly rebalancing"
2024-06-28,203,NIFTY_SMALLCAP_250,,rebalance,2024-06-28,,,press_release,TBD,TBD,"Q2 2024 quarterly rebalancing"
2024-03-28,203,NIFTY_SMALLCAP_250,,rebalance,2024-03-28,,,press_release,TBD,TBD,"Q1 2024 - investigate 291 constituent anomaly"
2026-10-02,205,NIFTY_MICROCAP_250,,baseline,2026-10-02,,,website_live_data,PENDING,PENDING,"Not yet fetched - to be collected from NSE website"
2025-12-27,205,NIFTY_MICROCAP_250,,rebalance,2025-12-27,,,press_release,TBD,TBD,"Q4 2025 quarterly rebalancing"
2025-09-26,205,NIFTY_MICROCAP_250,,rebalance,2025-09-26,,,press_release,TBD,TBD,"Q3 2025 quarterly rebalancing"
2025-06-27,205,NIFTY_MICROCAP_250,,rebalance,2025-06-27,,,press_release,TBD,TBD,"Q2 2025 quarterly rebalancing"
2025-03-28,205,NIFTY_MICROCAP_250,,rebalance,2025-03-28,,,press_release,TBD,TBD,"Q1 2025 quarterly rebalancing"
2024-12-27,205,NIFTY_MICROCAP_250,,rebalance,2024-12-27,,,press_release,TBD,TBD,"Q4 2024 quarterly rebalancing"
2024-09-27,205,NIFTY_MICROCAP_250,,rebalance,2024-09-27,,,press_release,TBD,TBD,"Q3 2024 quarterly rebalancing"
2024-06-28,205,NIFTY_MICROCAP_250,,rebalance,2024-06-28,,,press_release,TBD,TBD,"Q2 2024 quarterly rebalancing"
2024-03-28,205,NIFTY_MICROCAP_250,,rebalance,2024-03-28,,,press_release,TBD,TBD,"Q1 2024 - CRITICAL: verify 325 constituent anomaly"
