date,description,special_session,source
2026-01-15,Municipal Corporation Election - Maharashtra,,"nseindia.com/api/holiday-master?type=trading (CM), fetched 2026-10-03"
2026-01-26,Republic Day,,"nseindia.com/api/holiday-master?type=trading (CM), fetched 2026-10-03"
2026-02-15,Mahashivratri,,"nseindia.com/api/holiday-master?type=trading (CM), fetched 2026-10-03"
2026-03-03,Holi,,"nseindia.com/api/holiday-master?type=trading (CM), fetched 2026-10-03"
2026-03-21,Id-Ul-Fitr (Ramadan Eid),,"nseindia.com/api/holiday-master?type=trading (CM), fetched 2026-10-03"
2026-03-26,Shri Ram Navami,,"nseindia.com/api/holiday-master?type=trading (CM), fetched 2026-10-03"
2026-03-31,Shri Mahavir Jayanti,,"nseindia.com/api/holiday-master?type=trading (CM), fetched 2026-10-03"
2026-04-03,Good Friday,,"nseindia.com/api/holiday-master?type=trading (CM), fetched 2026-10-03"
2026-04-14,Dr. Baba Saheb Ambedkar Jayanti,,"nseindia.com/api/holiday-master?type=trading (CM), fetched 2026-10-03"
2026-05-01,Maharashtra Day,,"nseindia.com/api/holiday-master?type=trading (CM), fetched 2026-10-03"
2026-05-28,Bakri Id,,"nseindia.com/api/holiday-master?type=trading (CM), fetched 2026-10-03"
2026-06-26,Muharram,,"nseindia.com/api/holiday-master?type=trading (CM), fetched 2026-10-03"
2026-08-15,Independence Day,,"nseindia.com/api/holiday-master?type=trading (CM), fetched 2026-10-03"
2026-09-14,Ganesh Chaturthi,,"nseindia.com/api/holiday-master?type=trading (CM), fetched 2026-10-03"
2026-10-02,Mahatma Gandhi Jayanti,,"nseindia.com/api/holiday-master?type=trading (CM), fetched 2026-10-03"
2026-10-20,Dussehra,,"nseindia.com/api/holiday-master?type=trading (CM), fetched 2026-10-03"
2026-11-08,Diwali Laxmi Pujan,muhurat,"nseindia.com/api/holiday-master?type=trading (CM), fetched 2026-10-03"
2026-11-10,Diwali-Balipratipada,,"nseindia.com/api/holiday-master?type=trading (CM), fetched 2026-10-03"
2026-11-24,Prakash Gurpurb Sri Guru Nanak Dev,,"nseindia.com/api/holiday-master?type=trading (CM), fetched 2026-10-03"
2026-12-25,Christmas,,"nseindia.com/api/holiday-master?type=trading (CM), fetched 2026-10-03"
