symbol,ex,subject,raw_move,committed_move,long_move,long_factor
UPL,2024-11-26,Rights 1:8 @ Premium Rs 358/-,0.9705,0.9705,1.0117,0.9593
THANGAMAYL,2025-02-11,Rights 2:15 @ Premium Rs 1390/-,0.95,0.95,0.9806,0.9688
LLOYDSENGG,2025-04-28,Rights 9:34 @ Premium Rs 31/-,0.8301,0.8301,0.9387,0.8843
M&MFIN,2025-05-14,Rights 1:8 @ Premium Rs 192/-,1.0131,1.0131,1.0412,0.973
MAHLIFE,2025-05-23,Rights 3:8 @ Premium Rs 247/-,0.9302,0.9302,1.0125,0.9187
ETHOSLTD,2025-06-12,Rights 4:43@ Premium Rs 1790/-,0.9639,0.9639,0.9979,0.9659
CCAVENUE,2025-06-26,Rights 67:267 @ Premium Rs 9/-,,0.9235,0.9228,
INOXWIND,2025-07-29,Rights 5:78 @ Premium Rs 110/-,0.994,0.994,1.0083,0.9858
LLOYDSENT,2025-08-14,Rights 1:5 @ Premium Rs 38/-,0.9094,0.9094,0.9944,0.9145
ADANIENT,2025-11-17,Rights 3:25 @ Premium Rs 1799/-,0.9782,0.9782,1.009,0.9695
PATELENG,2025-12-04,Rights 7:40 @ Premium Rs 26/-,0.9429,0.9429,0.9761,0.966
HCC,2025-12-05,Rights 277:630 @ Premium Rs 11.50/-,0.7672,0.7672,0.9114,0.8418
HCG,2026-03-02,Rights 1:17 @ Premium Rs 502/-,0.9727,0.9727,0.9787,0.9939
NATCOPHARM,2026-10-01,Rights 2:21 @ Premium Rs 748/-,0.9925,0.9925,1.0007,0.9918
