symbol,days_exchanges_differ,screener_eq_nse,screener_eq_bse,bse_share
360ONE,22,22,0,0.0
AADHARHFC,22,22,0,0.0
AARTIIND,4,4,0,0.0
AARTIPHARM,18,18,0,0.0
AAVAS,14,14,0,0.0
ABB,7,7,0,0.0
ABBOTINDIA,13,13,0,0.0
ABCAPITAL,7,7,0,0.0
ABDL,15,15,0,0.0
ABFRL,18,6,0,0.0
ABREL,18,18,0,0.0
ABSLAMC,22,22,0,0.0
ACC,4,4,0,0.0
ACE,10,10,0,0.0
ACI,30,30,0,0.0
ACMESOLAR,12,12,0,0.0
ACUTAAS,3,3,0,0.0
ADANIENSOL,9,9,0,0.0
ADANIENT,7,7,0,0.0
ADANIGREEN,4,4,0,0.0
ADANIPORTS,2,2,0,0.0
ADANIPOWER,6,6,0,0.0
ADVENZYMES,19,19,0,0.0
AEGISLOG,22,22,0,0.0
AEROFLEX,17,17,0,0.0
AETHER,22,22,0,0.0
AFCONS,10,10,0,0.0
AFFLE,21,21,0,0.0
AIAENG,20,20,0,0.0
AIIL,21,0,21,1.0
AJANTPHARM,20,20,0,0.0
AKUMS,16,16,0,0.0
ALKEM,10,10,0,0.0
ALKYLAMINE,21,21,0,0.0
AMBER,11,11,0,0.0
AMBUJACEM,12,12,0,0.0
ANANDRATHI,26,26,0,0.0
ANANTRAJ,12,12,0,0.0
ANGELONE,3,0,3,1.0
ANTHEM,12,12,0,0.0
ANURAS,30,30,0,0.0
APARINDS,20,20,0,0.0
APLAPOLLO,15,15,0,0.0
APOLLO,15,15,0,0.0
APOLLOHOSP,5,5,0,0.0
APOLLOTYRE,9,9,0,0.0
APTUS,19,19,0,0.0
ARE&M,2,2,0,0.0
ARVIND,15,15,0,0.0
ARVINDFASN,23,23,0,0.0
ASAHIINDIA,27,27,0,0.0
ASHAPURMIN,33,33,0,0.0
ASHOKA,9,9,0,0.0
ASIANPAINT,3,3,0,0.0
ASTERDM,20,20,0,0.0
ASTRAL,9,9,0,0.0
ASTRAMICRO,17,17,0,0.0
ATGL,7,7,0,0.0
ATHERENERG,7,7,0,0.0
ATUL,11,11,0,0.0
AUBANK,9,9,0,0.0
AURIONPRO,26,26,0,0.0
AUROPHARMA,4,4,0,0.0
AVALON,30,30,0,0.0
AVANTIFEED,14,14,0,0.0
AVL,23,0,23,1.0
AXISBANK,6,6,0,0.0
AXISCADES,35,35,0,0.0
AZAD,11,11,0,0.0
BAJAJ-AUTO,6,6,0,0.0
BAJAJCON,13,13,0,0.0
BAJAJFINSV,1,1,0,0.0
BAJAJHFL,3,3,0,0.0
BAJAJHLDNG,13,13,0,0.0
BAJFINANCE,6,6,0,0.0
BALAMINES,19,19,0,0.0
BALKRISIND,18,18,0,0.0
BALRAMCHIN,12,12,0,0.0
BALUFORGE,24,0,24,1.0
BANCOINDIA,27,27,0,0.0
BANKBARODA,5,5,0,0.0
BATAINDIA,11,11,0,0.0
BBOX,34,34,0,0.0
BDL,5,5,0,0.0
BECTORFOOD,22,22,0,0.0
BEL,1,1,0,0.0
BEML,10,10,0,0.0
BERGEPAINT,13,13,0,0.0
BHARATFORG,6,6,0,0.0
BHARTIARTL,1,1,0,0.0
BHARTIHEXA,23,23,0,0.0
BIOCON,7,7,0,0.0
BIRLACORPN,18,18,0,0.0
BLACKBUCK,20,20,0,0.0
BLS,18,0,18,1.0
BLUEJET,17,17,0,0.0
BLUESTARCO,12,12,0,0.0
BLUESTONE,14,14,0,0.0
BORORENEW,24,0,24,1.0
BOSCHLTD,5,5,0,0.0
BPCL,5,5,0,0.0
BRIGADE,26,26,0,0.0
BRITANNIA,5,5,0,0.0
BSOFT,6,0,6,1.0
CAMPUS,18,18,0,0.0
CAMS,4,0,4,1.0
CANBK,4,4,0,0.0
CANFINHOME,17,17,0,0.0
CAPLIPOINT,17,17,0,0.0
CARBORUNIV,27,27,0,0.0
CARTRADE,21,21,0,0.0
CASTROLIND,7,7,0,0.0
CCAVENUE,0,0,0,
CCL,22,22,0,0.0
CEATLTD,17,17,0,0.0
CEIGALL,29,29,0,0.0
CELLO,20,20,0,0.0
CEMPRO,0,0,0,
CENTRALBK,12,12,0,0.0
CENTUM,31,31,0,0.0
CERA,16,16,0,0.0
CESC,5,5,0,0.0
CGCL,15,15,0,0.0
CGPOWER,8,8,0,0.0
CHALET,25,25,0,0.0
CHAMBLFERT,3,3,0,0.0
CHENNPETRO,13,13,0,0.0
CHOICEIN,18,0,18,1.0
CHOLAFIN,12,12,0,0.0
CHOLAHLDNG,27,0,27,1.0
CIEINDIA,19,19,0,0.0
CIPLA,4,4,0,0.0
CLEAN,20,20,0,0.0
CMSINFO,15,15,0,0.0
COALINDIA,4,4,0,0.0
COCHINSHIP,11,11,0,0.0
COFORGE,8,8,0,0.0
COHANCE,12,12,0,0.0
COLPAL,9,9,0,0.0
CONCOR,10,10,0,0.0
CONCORDBIO,31,31,0,0.0
COROMANDEL,16,16,0,0.0
CPPLUS,17,17,0,0.0
CRAFTSMAN,25,25,0,0.0
CREDITACC,17,17,0,0.0
CRISIL,19,19,0,0.0
CROMPTON,10,10,0,0.0
CSBBANK,27,27,0,0.0
CUB,14,14,0,0.0
CUMMINSIND,11,11,0,0.0
CUPID,27,27,0,0.0
CYIENT,7,7,0,0.0
DABUR,7,7,0,0.0
DALBHARAT,9,9,0,0.0
DATAMATICS,22,22,0,0.0
DATAPATTNS,7,7,0,0.0
DBL,29,29,0,0.0
DBREALTY,24,6,0,0.0
DCBBANK,17,17,0,0.0
DEEPAKFERT,15,15,0,0.0
DEEPAKNTR,4,4,0,0.0
DELHIVERY,7,0,7,1.0
DEVYANI,15,15,0,0.0
DIACABS,39,39,0,0.0
DIVISLAB,11,11,0,0.0
DIXON,3,3,0,0.0
DLF,6,6,0,0.0
DMART,5,5,0,0.0
DOMS,22,22,0,0.0
DRREDDY,7,7,0,0.0
DYNAMATECH,30,30,0,0.0
E2E,0,0,0,
EBGNG,12,12,0,0.0
ECLERX,21,21,0,0.0
EDELWEISS,11,11,0,0.0
EICHERMOT,3,3,0,0.0
EIDPARRY,15,15,0,0.0
EIEL,7,7,0,0.0
EIHOTEL,16,16,0,0.0
ELECON,14,14,0,0.0
ELECTCAST,18,18,0,0.0
ELGIEQUIP,16,16,0,0.0
EMAMILTD,11,11,0,0.0
EMBDL,15,15,0,0.0
EMCURE,21,21,0,0.0
EMIL,18,18,0,0.0
ENDURANCE,18,18,0,0.0
ENGINERSIN,10,10,0,0.0
ENTERO,27,27,0,0.0
EPL,21,21,0,0.0
EQUITASBNK,18,18,0,0.0
ERIS,23,23,0,0.0
ESCORTS,8,8,0,0.0
ETERNAL,3,0,3,1.0
EXIDEIND,1,1,0,0.0
FACT,20,20,0,0.0
FEDERALBNK,11,11,0,0.0
FEDFINA,25,25,0,0.0
FIEMIND,20,20,0,0.0
FINCABLES,15,15,0,0.0
FINPIPE,17,17,0,0.0
FIRSTCRY,21,21,0,0.0
FIVESTAR,27,27,0,0.0
FLUOROCHEM,18,18,0,0.0
FORCEMOT,9,0,9,1.0
FORTIS,7,7,0,0.0
FSL,10,10,0,0.0
GABRIEL,13,13,0,0.0
GAEL,21,21,0,0.0
GALLANTT,38,38,0,0.0
GESHIP,16,16,0,0.0
GICRE,20,20,0,0.0
GILLETTE,18,18,0,0.0
GLAND,14,14,0,0.0
GLAXO,24,24,0,0.0
GLENMARK,12,12,0,0.0
GMDCLTD,11,11,0,0.0
GMRAIRPORT,6,0,6,1.0
GMRP&UI,24,24,0,0.0
GNFC,6,6,0,0.0
GODFRYPHLP,16,16,0,0.0
GODREJAGRO,21,21,0,0.0
GODREJCP,12,12,0,0.0
GODREJIND,19,19,0,0.0
GODREJPROP,6,6,0,0.0
GOKEX,23,23,0,0.0
GOKULAGRO,25,25,0,0.0
GOLDIAM,21,21,0,0.0
GPIL,15,15,0,0.0
GPPL,11,11,0,0.0
GRANULES,14,14,0,0.0
GRAPHITE,13,13,0,0.0
GRASIM,7,7,0,0.0
GRAVITA,22,22,0,0.0
GREAVESCOT,12,12,0,0.0
GRINDWELL,23,23,0,0.0
GRSE,11,11,0,0.0
GRWRHITECH,36,1,35,0.9722222222222222
GSFC,10,10,0,0.0
GUJALKALI,26,26,0,0.0
GVT&D,22,22,0,0.0
HAL,1,1,0,0.0
HAPPSTMNDS,6,6,0,0.0
HAPPYFORGE,32,32,0,0.0
HAVELLS,5,5,0,0.0
HBLENGINE,13,13,0,0.0
HCC,19,19,0,0.0
HCG,25,25,0,0.0
HCLTECH,2,2,0,0.0
HDFCAMC,6,6,0,0.0
HDFCBANK,0,0,0,
HDFCLIFE,3,3,0,0.0
HEGAM,0,0,0,
HERITGFOOD,17,17,0,0.0
HEROMOTOCO,7,7,0,0.0
HEXT,10,10,0,0.0
HFCL,9,9,0,0.0
HGINFRA,11,11,0,0.0
HINDPETRO,7,7,0,0.0
HINDUNILVR,0,0,0,
HINDZINC,4,4,0,0.0
HOMEFIRST,20,20,0,0.0
HONASA,27,27,0,0.0
HONAUT,18,18,0,0.0
HSCL,8,8,0,0.0
HUDCO,9,9,0,0.0
ICICIBANK,7,7,0,0.0
ICICIGI,8,8,0,0.0
ICICIPRULI,9,9,0,0.0
ICIL,21,21,0,0.0
IDBI,4,4,0,0.0
IDFCFIRSTB,4,4,0,0.0
IEX,9,9,0,0.0
IFBIND,20,20,0,0.0
IFCI,5,5,0,0.0
IGIL,12,12,0,0.0
IGL,6,6,0,0.0
IIFL,13,13,0,0.0
IIFLCAPS,18,18,0,0.0
IKS,14,14,0,0.0
IMFA,34,34,0,0.0
INDGN,20,20,0,0.0
INDHOTEL,6,6,0,0.0
INDIACEM,12,12,0,0.0
INDIAGLYCO,24,0,0,
INDIAMART,9,9,0,0.0
INDIANB,15,15,0,0.0
INDIGO,9,9,0,0.0
INDIGOPNTS,20,20,0,0.0
INDUSINDBK,5,5,0,0.0
INDUSTOWER,9,9,0,0.0
INOXINDIA,15,15,0,0.0
INOXWIND,11,11,0,0.0
INTELLECT,21,21,0,0.0
IOB,9,9,0,0.0
IONEXCHANG,16,0,16,1.0
IPCALAB,21,21,0,0.0
IRCON,9,9,0,0.0
IRCTC,3,0,3,1.0
IREDA,2,2,0,0.0
ITCHOTELS,8,8,0,0.0
ITI,26,26,0,0.0
IXIGO,21,21,0,0.0
J&KBANK,15,15,0,0.0
JAIBALAJI,33,33,0,0.0
JAMNAAUTO,16,16,0,0.0
JAYNECOIND,42,42,0,0.0
JBMA,14,14,0,0.0
JINDALSAW,12,12,0,0.0
JINDALSTEL,5,5,0,0.0
JIOFIN,5,5,0,0.0
JKCEMENT,15,15,0,0.0
JKPAPER,16,16,0,0.0
JKTYRE,15,15,0,0.0
JMFINANCIL,14,14,0,0.0
JPPOWER,9,9,0,0.0
JSFB,21,21,0,0.0
JSL,12,12,0,0.0
JSLL,4,4,0,0.0
JSWCEMENT,0,0,0,
JSWENERGY,5,5,0,0.0
JSWINFRA,11,11,0,0.0
JSWSTEEL,8,8,0,0.0
JUBLFOOD,6,6,0,0.0
JUBLINGREA,20,20,0,0.0
JUBLPHARMA,25,0,25,1.0
JUSTDIAL,24,24,0,0.0
JWL,10,10,0,0.0
JYOTHYLAB,16,16,0,0.0
JYOTICNC,21,21,0,0.0
KAJARIACER,17,17,0,0.0
KALYANKJIL,5,5,0,0.0
KANSAINER,18,18,0,0.0
KARURVYSYA,19,19,0,0.0
KAYNES,9,9,0,0.0
KEC,16,16,0,0.0
KEI,13,13,0,0.0
KFINTECH,11,11,0,0.0
KIMS,23,23,0,0.0
KIRLOSBROS,14,14,0,0.0
KIRLOSENG,20,20,0,0.0
KIRLPNU,23,0,23,1.0
KITEX,33,33,0,0.0
KMEW,33,0,33,1.0
KNRCON,20,20,0,0.0
KOTAKBANK,4,4,0,0.0
KPIGREEN,16,0,16,1.0
KPIL,18,18,0,0.0
KPITTECH,6,6,0,0.0
KPRMILL,22,22,0,0.0
KRBL,14,14,0,0.0
KRN,19,19,0,0.0
KSB,27,27,0,0.0
KSCL,26,26,0,0.0
KTKBANK,9,9,0,0.0
LALPATHLAB,18,18,0,0.0
LATENTVIEW,18,18,0,0.0
LAURUSLABS,8,8,0,0.0
LEMONTREE,12,12,0,0.0
LICHSGFIN,3,3,0,0.0
LICI,0,0,0,
LINDEINDIA,14,14,0,0.0
LLOYDSENGG,16,0,16,1.0
LLOYDSENT,24,0,24,1.0
LLOYDSME,18,1,17,0.9444444444444444
LODHA,16,16,0,0.0
LOTUSDEV,14,14,0,0.0
LT,0,0,0,
LTF,7,7,0,0.0
LTFOODS,19,0,19,1.0
LTM,0,0,0,
LTTS,6,6,0,0.0
LUMAXIND,37,37,0,0.0
LUMAXTECH,28,28,0,0.0
LUPIN,8,8,0,0.0
LXCHEM,8,8,0,0.0
M&M,6,6,0,0.0
M&MFIN,6,6,0,0.0
MAHABANK,11,11,0,0.0
MANAPPURAM,7,7,0,0.0
MANKIND,11,11,0,0.0
MANORAMA,30,1,29,0.9666666666666667
MANYAVAR,21,21,0,0.0
MAPMYINDIA,21,21,0,0.0
MARICO,8,8,0,0.0
MARKSANS,15,15,0,0.0
MARUTI,5,5,0,0.0
MASTEK,14,14,0,0.0
MAXHEALTH,8,8,0,0.0
MAZDOCK,8,8,0,0.0
MCX,2,2,0,0.0
MEDANTA,12,12,0,0.0
MEDPLUS,24,24,0,0.0
METROPOLIS,18,18,0,0.0
MFSL,8,8,0,0.0
MGL,12,12,0,0.0
MIDHANI,15,15,0,0.0
MINDACORP,16,16,0,0.0
MMTC,12,12,0,0.0
MOIL,9,9,0,0.0
MOTHERSON,7,7,0,0.0
MOTILALOFS,13,13,0,0.0
MPHASIS,7,7,0,0.0
MRF,7,7,0,0.0
MRPL,9,9,0,0.0
MSTCLTD,19,0,19,1.0
MSUMI,16,16,0,0.0
MTARTECH,13,13,0,0.0
MUTHOOTFIN,7,7,0,0.0
NAM-INDIA,16,16,0,0.0
NATCOPHARM,8,0,0,
NATIONALUM,10,10,0,0.0
NAUKRI,11,11,0,0.0
NAVA,20,20,0,0.0
NAVINFLUOR,9,9,0,0.0
NAZARA,24,24,0,0.0
NBCC,1,1,0,0.0
NEOGEN,35,35,0,0.0
NESTLEIND,2,2,0,0.0
NETWEB,14,14,0,0.0
NETWORK18,14,14,0,0.0
NEULANDLAB,25,25,0,0.0
NEWGEN,16,16,0,0.0
NFL,23,23,0,0.0
NH,11,11,0,0.0
NHPC,10,10,0,0.0
NIACL,20,20,0,0.0
NIVABUPA,11,11,0,0.0
NLCINDIA,14,14,0,0.0
NORTHARC,20,20,0,0.0
NTPC,5,5,0,0.0
NTPCGREEN,7,7,0,0.0
NUVAMA,15,15,0,0.0
NUVOCO,21,21,0,0.0
NYKAA,7,0,7,1.0
OBEROIRLTY,15,15,0,0.0
OFSS,8,8,0,0.0
OLAELEC,5,5,0,0.0
OLECTRA,10,10,0,0.0
ONESOURCE,26,26,0,0.0
PAGEIND,17,17,0,0.0
PAISALO,22,22,0,0.0
PARADEEP,8,8,0,0.0
PARAS,11,11,0,0.0
PATANJALI,21,21,0,0.0
PAYTM,3,3,0,0.0
PCBL,14,0,14,1.0
PCJEWELLER,28,28,0,0.0
PDSL,31,31,0,0.0
PERSISTENT,9,9,0,0.0
PETRONET,8,8,0,0.0
PFC,3,3,0,0.0
PFOCUS,45,45,0,0.0
PGEL,16,16,0,0.0
PGHL,34,34,0,0.0
PGIL,25,25,0,0.0
PHOENIXLTD,16,16,0,0.0
PICCADIL,5,0,5,1.0
PIDILITIND,6,6,0,0.0
PIIND,7,7,0,0.0
PNBHOUSING,15,15,0,0.0
PNCINFRA,17,17,0,0.0
PNGJL,16,16,0,0.0
POLICYBZR,17,17,0,0.0
POLYCAB,4,4,0,0.0
POLYMED,24,24,0,0.0
POONAWALLA,9,0,9,1.0
POWERGRID,2,2,0,0.0
POWERINDIA,13,13,0,0.0
POWERMECH,16,16,0,0.0
PPLPHARMA,11,11,0,0.0
PRAJIND,10,10,0,0.0
PRECWIRE,28,28,0,0.0
PREMIERENE,11,11,0,0.0
PRESTIGE,10,10,0,0.0
PRICOLLTD,20,20,0,0.0
PRIVISCL,26,26,0,0.0
PTC,15,0,0,
PTCIL,38,0,38,1.0
PURVA,39,39,0,0.0
PVRINOX,13,13,0,0.0
QPOWER,13,13,0,0.0
QUESS,23,12,0,0.0
RADICO,18,18,0,0.0
RAILTEL,5,5,0,0.0
RAIN,18,18,0,0.0
RAINBOW,24,24,0,0.0
RALLIS,26,26,0,0.0
RAMCOCEM,16,16,0,0.0
RATEGAIN,23,23,0,0.0
RATNAMANI,27,27,0,0.0
RAYMONDLSL,23,23,0,0.0
RBA,21,21,0,0.0
RBLBANK,14,14,0,0.0
RCF,10,10,0,0.0
RECLTD,7,7,0,0.0
REDINGTON,12,12,0,0.0
REFEX,32,32,0,0.0
RELAXO,17,17,0,0.0
RELIGARE,28,28,0,0.0
RENUKA,18,18,0,0.0
RESPONIND,37,37,0,0.0
RHIM,27,0,27,1.0
RITES,11,11,0,0.0
RKFORGE,24,24,0,0.0
ROUTE,15,15,0,0.0
RRKABEL,20,20,0,0.0
RTNPOWER,15,15,0,0.0
RVNL,3,3,0,0.0
SAGILITY,14,14,0,0.0
SAIL,7,7,0,0.0
SAILIFE,19,19,0,0.0
SAMHI,23,23,0,0.0
SAMMAANCAP,10,10,0,0.0
SANDUMA,21,0,21,1.0
SANSERA,24,24,0,0.0
SAPPHIRE,26,26,0,0.0
SARDAEN,24,24,0,0.0
SAREGAMA,32,32,0,0.0
SBFC,21,21,0,0.0
SBICARD,10,10,0,0.0
SBILIFE,6,6,0,0.0
SCHAEFFLER,23,23,0,0.0
SCHNEIDER,19,19,0,0.0
SCI,11,11,0,0.0
SENCO,20,20,0,0.0
SENORES,21,21,0,0.0
SFL,21,21,0,0.0
SGMART,1,0,1,1.0
SHAILY,31,0,31,1.0
SHAKTIPUMP,28,28,0,0.0
SHARDACROP,17,17,0,0.0
SHAREINDIA,33,1,32,0.9696969696969697
SHILCTECH,0,0,0,
SHILPAMED,22,22,0,0.0
SHREECEM,17,17,0,0.0
SHRIPISTON,20,20,0,0.0
SHRIRAMFIN,6,0,6,1.0
SHYAMMETL,28,28,0,0.0
SIEMENS,4,0,0,
SIGMAADV,0,0,0,
SIGNATURE,15,15,0,0.0
SJS,25,25,0,0.0
SJVN,6,6,0,0.0
SKIPPER,20,20,0,0.0
SKYGOLD,35,0,35,1.0
SMLMAH,0,0,0,
SOBHA,19,19,0,0.0
SOLARINDS,13,13,0,0.0
SONACOMS,8,8,0,0.0
SONATSOFTW,18,18,0,0.0
SOUTHBANK,11,11,0,0.0
SPARC,24,24,0,0.0
SPLPETRO,33,33,0,0.0
SRF,9,9,0,0.0
STAR,19,18,0,0.0
STARHEALTH,15,15,0,0.0
STLTECH,14,0,8,1.0
STYLAMIND,36,0,36,1.0
SUBROS,27,27,0,0.0
SUDARSCHEM,27,27,0,0.0
SUMICHEM,22,22,0,0.0
SUNDARMFIN,22,22,0,0.0
SUNDRMFAST,29,29,0,0.0
SUNFLAG,31,31,0,0.0
SUNPHARMA,2,2,0,0.0
SUNTECK,27,27,0,0.0
SUNTV,13,13,0,0.0
SUPREMEIND,15,15,0,0.0
SUPRIYA,23,23,0,0.0
SURYAROSNI,20,20,0,0.0
SUVEN,38,38,0,0.0
SWANCORP,0,0,0,
SWIGGY,7,7,0,0.0
SWSOLAR,10,10,0,0.0
SYNGENE,4,4,0,0.0
SYRMA,14,14,0,0.0
TANLA,14,14,0,0.0
TARC,35,35,0,0.0
TARIL,28,28,0,0.0
TATACHEM,4,4,0,0.0
TATACOMM,8,8,0,0.0
TATACONSUM,10,10,0,0.0
TATAELXSI,5,5,0,0.0
TATAINVEST,12,12,0,0.0
TATATECH,4,4,0,0.0
TBOTEK,22,22,0,0.0
TDPOWERSYS,20,20,0,0.0
TECHM,0,0,0,
TECHNOE,22,22,0,0.0
TEGA,25,25,0,0.0
TEJASNET,11,11,0,0.0
TEXRAIL,15,15,0,0.0
THANGAMAYL,23,23,0,0.0
THERMAX,19,19,0,0.0
THOMASCOOK,24,24,0,0.0
THYROCARE,31,31,0,0.0
TI,17,17,0,0.0
TIINDIA,14,0,14,1.0
TIMETECHNO,21,0,21,1.0
TIMEX,0,0,0,
TIMKEN,23,23,0,0.0
TIPSMUSIC,20,0,20,1.0
TITAGARH,6,6,0,0.0
TITAN,3,0,3,1.0
TMB,11,11,0,0.0
TMPV,0,0,0,
TORNTPHARM,9,0,9,1.0
TORNTPOWER,14,14,0,0.0
TRANSRAILL,10,10,0,0.0
TRENT,12,12,0,0.0
TRIDENT,12,12,0,0.0
TRITURBINE,10,10,0,0.0
TTKPRESTIG,25,25,0,0.0
TTML,13,13,0,0.0
TVSMOTOR,5,5,0,0.0
TVSSCS,22,22,0,0.0
UBL,13,13,0,0.0
UJJIVANSFB,11,11,0,0.0
ULTRACEMCO,6,6,0,0.0
UNIMECH,25,25,0,0.0
UNIONBANK,9,9,0,0.0
UNITDSPR,7,7,0,0.0
UNOMINDA,24,24,0,0.0
UPL,5,5,0,0.0
USHAMART,14,14,0,0.0
UTIAMC,17,17,0,0.0
V2RETAIL,40,40,0,0.0
VAIBHAVGBL,20,20,0,0.0
VBL,7,7,0,0.0
VEDL,1,0,0,
VESUVIUS,31,31,0,0.0
VGUARD,22,22,0,0.0
VIJAYA,23,23,0,0.0
VIPIND,19,19,0,0.0
VIYASH,0,0,0,
VMART,30,30,0,0.0
VMM,5,5,0,0.0
VOLTAMP,14,14,0,0.0
VOLTAS,16,16,0,0.0
VTL,23,23,0,0.0
WAAREEENER,2,2,0,0.0
WAAREERTL,6,0,6,1.0
WABAG,16,16,0,0.0
WEBELSOLAR,36,36,0,0.0
WELCORP,23,23,0,0.0
WELENT,22,22,0,0.0
WELSPUNLIV,17,17,0,0.0
WESTLIFE,26,1,25,0.9615384615384616
WHIRLPOOL,16,16,0,0.0
WOCKPHARMA,17,17,0,0.0
YATHARTH,24,24,0,0.0
ZAGGLE,32,32,0,0.0
ZEEL,7,7,0,0.0
ZENSARTECH,19,19,0,0.0
ZENTEC,8,8,0,0.0
ZFCVINDIA,26,0,26,1.0
ZYDUSLIFE,5,5,0,0.0
ZYDUSWELL,25,25,0,0.0
3MINDIA,25,25,0,0.0
63MOONS,27,27,0,0.0
AARTIDRUGS,19,19,0,0.0
ADFFOODS,29,29,0,0.0
ADOR,18,18,0,0.0
AGARWALEYE,14,14,0,0.0
AGI,22,0,22,1.0
AHLUCONT,26,26,0,0.0
AJAXENGG,13,13,0,0.0
ALEMBICLTD,22,22,0,0.0
ALIVUS,16,16,0,0.0
ALOKINDS,15,0,15,1.0
ANUP,26,0,26,1.0
APCOTEXIND,33,33,0,0.0
APLLTD,21,21,0,0.0
APOLLOPIPE,29,0,29,1.0
ASHIANA,38,38,0,0.0
ASKAUTOLTD,27,27,0,0.0
ASTRAZEN,28,28,0,0.0
AUTOAXLES,33,33,0,0.0
BAJAJELEC,26,26,0,0.0
BAJAJHIND,13,13,0,0.0
BALMLAWRIE,18,18,0,0.0
BANARISUG,40,40,0,0.0
BANSALWIRE,33,33,0,0.0
BASF,19,19,0,0.0
BBL,18,18,0,0.0
BBTC,21,21,0,0.0
BEPL,27,27,0,0.0
BIKAJI,13,13,0,0.0
BLISSGVS,29,29,0,0.0
BLUEDART,26,26,0,0.0
BODALCHEM,32,32,0,0.0
BOMDYEING,16,16,0,0.0
BOROLTD,26,26,0,0.0
BOSCH-HCIL,0,0,0,
CARERATING,25,25,0,0.0
CARYSIL,26,0,26,1.0
CENTURYPLY,30,30,0,0.0
CHEMPLASTS,31,31,0,0.0
CONFIPET,36,0,36,1.0
COSMOFIRST,34,34,0,0.0
CRIZAC,20,20,0,0.0
CYIENTDLM,23,23,0,0.0
DALMIASUG,30,0,2,1.0
DBCORP,23,23,0,0.0
DCAL,31,31,0,0.0
DCMSHRIRAM,23,23,0,0.0
DELTACORP,12,12,0,0.0
DHANUKA,32,32,0,0.0
DIAMONDYD,29,29,0,0.0
DIVGIITTS,37,37,0,0.0
DODLA,31,31,0,0.0
DREDGECORP,39,39,0,0.0
EASEMYTRIP,22,22,0,0.0
EMUDHRA,25,25,0,0.0
EPIGRAL,28,0,28,1.0
ESABINDIA,27,27,0,0.0
ESAFSFB,30,30,0,0.0
ETHOSLTD,25,25,0,0.0
EUREKAFORB,26,0,26,1.0
EVEREADY,26,26,0,0.0
FCL,17,17,0,0.0
FDC,23,23,0,0.0
FILATEX,22,22,0,0.0
FINEORG,23,23,0,0.0
FLAIR,35,35,0,0.0
FMGOETZE,34,0,0,
FUSION,26,26,0,0.0
GALAXYSURF,30,30,0,0.0
GANECOS,25,25,0,0.0
GANESHHOU,1,1,0,0.0
GARFIBRES,29,29,0,0.0
GATEWAY,22,22,0,0.0
GEOJITFSL,24,24,0,0.0
GHCL,26,26,0,0.0
GIPCL,23,23,0,0.0
GLOBUSSPR,24,24,0,0.0
GMBREW,25,25,0,0.0
GMMPFAUDLR,22,1,21,0.9545454545454546
GODIGIT,30,30,0,0.0
GOPAL,28,28,0,0.0
GREENLAM,44,44,0,0.0
GREENPLY,28,28,0,0.0
GRINFRA,30,30,0,0.0
GUFICBIO,36,36,0,0.0
GUJENERGY,0,0,0,
GULFOILLUB,20,20,0,0.0
GVPIL,4,4,0,0.0
HARSHA,27,27,0,0.0
HATSUN,30,30,0,0.0
HEIDELBERG,20,20,0,0.0
HEMIPROP,21,21,0,0.0
HIKAL,18,18,0,0.0
HINDOILEXP,19,19,0,0.0
HLEGLAS,34,0,34,1.0
HNDFDS,19,0,19,1.0
HUBTOWN,36,36,0,0.0
IBULLSLTD,0,0,0,
ICRA,36,36,0,0.0
IDEAFORGE,18,18,0,0.0
IMAGICAA,29,29,0,0.0
INDIASHLTR,30,30,0,0.0
INDOCO,32,32,0,0.0
INDORAMA,47,47,0,0.0
INDOSTAR,38,38,0,0.0
INDRAMEDCO,20,20,0,0.0
INDSWFTLAB,43,43,0,0.0
INGERRAND,28,28,0,0.0
INNOVACAP,43,43,0,0.0
INOXGREEN,26,0,2,1.0
IOLCP,21,21,0,0.0
ISGEC,27,0,27,1.0
ITDC,32,0,32,1.0
JINDALPOLY,21,21,0,0.0
JINDWORLD,28,0,28,1.0
JKIL,17,17,0,0.0
JKLAKSHMI,21,21,0,0.0
JLHL,27,27,0,0.0
JSWDULUX,0,0,0,
JSWHL,40,40,0,0.0
JTEKTINDIA,39,39,0,0.0
JTLIND,30,0,30,1.0
JUNIPER,31,31,0,0.0
KIOCL,28,28,0,0.0
KIRIINDUS,25,25,0,0.0
KKCL,41,41,0,0.0
KOLTEPATIL,26,26,0,0.0
KSL,33,33,0,0.0
LGBBROSLTD,29,29,0,0.0
LMW,28,28,0,0.0
LUXIND,28,28,0,0.0
MAHLIFE,22,22,0,0.0
MAHLOG,22,22,0,0.0
MAHSCOOTER,30,30,0,0.0
MAHSEAMLES,15,15,0,0.0
MAITHANALL,26,26,0,0.0
MANINDS,26,26,0,0.0
MANINFRA,25,25,0,0.0
MASFIN,26,26,0,0.0
MAXESTATES,35,35,0,0.0
MAYURUNIQ,30,30,0,0.0
METROBRAND,25,25,0,0.0
MHRIL,24,24,0,0.0
MMFL,35,35,0,0.0
MOLDTKPAC,24,24,0,0.0
MOREPENLAB,10,10,0,0.0
MUTHOOTMF,21,21,0,0.0
NAVNETEDUL,28,28,0,0.0
NELCO,22,22,0,0.0
NESCO,24,24,0,0.0
NIITMTS,34,34,0,0.0
NILKAMAL,39,39,0,0.0
NOCIL,21,21,0,0.0
NRBBEARING,27,27,0,0.0
OMAXE,43,43,0,0.0
OPTIEMUS,32,0,32,1.0
ORCHPHARMA,25,25,0,0.0
ORIENTCEM,14,14,0,0.0
ORIENTELEC,32,32,0,0.0
ORIENTHOT,27,27,0,0.0
ORISSAMINE,30,30,0,0.0
PANACEABIO,39,39,0,0.0
PANAMAPET,37,37,0,0.0
PARAGMILK,19,19,0,0.0
PARKHOTELS,24,24,0,0.0
PATELENG,11,11,0,0.0
PENIND,31,31,0,0.0
PFIZER,13,13,0,0.0
PGHH,19,19,0,0.0
PILANIINVS,34,0,34,1.0
POKARNA,29,29,0,0.0
POLYPLEX,21,21,0,0.0
PRAKASH,15,15,0,0.0
PRINCEPIPE,17,17,0,0.0
PRSMJOHNSN,27,27,0,0.0
PRUDENT,31,31,0,0.0
PSB,24,24,0,0.0
PSPPROJECT,35,35,0,0.0
RAJRATAN,30,0,30,1.0
RAMCOIND,36,36,0,0.0
RAMCOSYS,41,41,0,0.0
RANEHOLDIN,32,32,0,0.0
RAYMOND,20,7,0,0.0
REDTAPE,26,26,0,0.0
REPCOHOME,22,22,0,0.0
ROLEXRINGS,33,33,0,0.0
ROSSARI,20,20,0,0.0
RPSGVENT,31,31,0,0.0
RSYSTEMS,32,32,0,0.0
RTNINDIA,13,13,0,0.0
RUSTOMJEE,37,37,0,0.0
SANDHAR,29,29,0,0.0
SANGHVIMOV,33,33,0,0.0
SANOFI,21,21,0,0.0
SANOFICONR,27,27,0,0.0
SASKEN,34,34,0,0.0
SBCL,28,0,28,1.0
SEAMECLTD,36,36,0,0.0
SHANTIGEAR,31,31,0,0.0
SHARDAMOTR,25,25,0,0.0
SHOPERSTOP,29,29,0,0.0
SINDHUTRAD,37,0,37,1.0
SIS,29,29,0,0.0
SIYSIL,29,29,0,0.0
SKFINDIA,21,0,0,
SMARTWORKS,13,13,0,0.0
SMSPHARMA,27,27,0,0.0
SOLARA,30,30,0,0.0
SOMANYCERA,33,33,0,0.0
SOTL,34,34,0,0.0
SSWL,30,30,0,0.0
STARCEMENT,24,24,0,0.0
STOVEKRAFT,28,28,0,0.0
STYRENIX,27,27,0,0.0
SUNCLAY,37,37,0,0.0
SUNDROP,20,20,0,0.0
SUPRAJIT,21,21,0,0.0
SWANDEF,34,12,0,0.0
SWARAJENG,23,23,0,0.0
SYMPHONY,22,22,0,0.0
TAJGVK,22,22,0,0.0
TASTYBITE,28,0,28,1.0
TATVA,24,24,0,0.0
TBZ,23,23,0,0.0
TCI,29,29,0,0.0
TCIEXP,27,0,27,1.0
TFCILTD,21,21,0,0.0
TIIL,30,30,0,0.0
TRAVELFOOD,14,14,0,0.0
TRIVENI,16,0,0,
TVSHLTD,30,30,0,0.0
TVSSRICHAK,36,36,0,0.0
UFBL,0,0,0,
UFLEX,31,31,0,0.0
UNICHEMLAB,35,35,0,0.0
UNIPARTS,24,24,0,0.0
UTKARSHBNK,17,17,0,0.0
VARROC,21,21,0,0.0
VEEDOL,22,22,0,0.0
VENKEYS,23,23,0,0.0
VENTIVE,19,19,0,0.0
VENUSPIPES,21,0,21,1.0
VINATIORGA,23,23,0,0.0
VINDHYATEL,36,36,0,0.0
VRLLOG,28,28,0,0.0
VSTIND,11,11,0,0.0
VSTTILLERS,34,34,0,0.0
WHEELS,41,41,0,0.0
WONDERLA,25,25,0,0.0
WSTCSTPAPR,28,28,0,0.0
BHARATRAS,35,35,0,0.0
INDIANHUME,32,32,0,0.0
JISLJALEQS,19,19,0,0.0
KCP,23,23,0,0.0
LANDMARK,38,38,0,0.0
RAMKY,31,31,0,0.0
RELINFRA,24,24,0,0.0
SAGCEM,37,37,0,0.0
SAKSOFT,23,23,0,0.0
SHK,27,27,0,0.0
SIMPLEXINF,41,41,0,0.0
AWFIS,24,24,0,0.0
BAYERCROP,24,24,0,0.0
