symbol,in_store,screener_points_in_window,sparse_intervals,last_sparse_to,sessions_to_fill,in_committed_nse,in_long,long_cover,isin,bse_codes,bse_cover
SBIFUNDS,True,54,0,,0,False,False,,INE640G01020,1,
MANIPALHOS,True,43,0,,0,False,False,,INE459N01021,1,
INDOMIM,True,47,0,,0,False,False,,INE084101034,1,
3MINDIA,True,263,4,2025-09-18,14,True,True,1.0,INE470A01017,1,1.0
DHOOTTRANS,True,35,0,,0,False,False,,INE01NH01023,1,
TVSHLTD,True,258,5,2025-09-26,19,False,True,1.0,INE105A01035,1,1.0
HATSUN,True,258,5,2025-09-26,19,False,True,1.0,INE473B01035,1,1.0
MILKYMIST,True,34,0,,0,False,False,,INE00IT01020,1,
GODIGIT,True,263,4,2025-09-18,14,True,True,1.0,INE03JT01014,1,1.0
METROBRAND,True,258,5,2025-09-26,19,False,True,1.0,INE317I01021,1,1.0
GUJENERGY,True,258,5,2025-09-26,19,False,True,1.0,INE844O01030,1,1.0
PGHH,True,258,5,2025-09-26,19,True,True,1.0,INE179A01014,1,1.0
LALITHAA,True,30,0,,0,False,False,,INE0K9O01026,1,
KIOCL,True,258,5,2025-09-26,19,False,True,1.0,INE880L01014,1,1.0
LMW,True,258,5,2025-09-26,19,True,True,1.0,INE269B01029,1,1.0
PFIZER,True,263,4,2025-09-18,14,True,True,1.0,INE182A01018,1,1.0
ESDS,True,21,0,,0,False,False,,INE0DRI01029,1,
ALIVUS,True,263,4,2025-09-18,14,True,True,1.0,INE03Q201024,1,1.0
APLLTD,True,263,4,2025-09-18,14,True,True,1.0,INE901L01018,1,1.0
TRAVELFOOD,True,280,0,,0,True,True,,INE103V01028,1,
FINEORG,True,258,5,2025-09-26,19,True,True,1.0,INE686Y01026,1,1.0
JNPR,True,42,0,,0,False,False,,INE05C901015,1,
ASTRAZEN,True,258,5,2025-09-26,19,True,True,1.0,INE203A01020,1,1.0
AGARWALEYE,True,263,4,2025-09-18,14,True,True,1.0,INE943P01029,1,1.0
CENTURYPLY,True,263,4,2025-09-18,14,True,True,1.0,INE348B01021,1,1.0
PSB,True,258,5,2025-09-26,19,False,True,1.0,INE608A01012,1,1.0
MOLBIO,True,35,0,,0,False,False,,INE869T01028,1,
BASF,True,258,5,2025-09-26,19,True,True,1.0,INE373A01013,1,1.0
SWANDEF,True,183,25,2026-03-02,93,False,True,0.043010752688172046,INE542F01020,1,0.043010752688172046
HORIZONIND,True,30,0,,0,False,False,,INE685T01010,1,
MAHSCOOTER,True,261,5,2025-10-31,16,True,True,0.875,INE288A01013,1,0.875
DCMSHRIRAM,True,263,4,2025-09-18,14,True,True,1.0,INE499A01024,1,1.0
JSWDULUX,True,263,4,2025-09-18,14,True,True,1.0,INE133A01011,1,1.0
SKFINDUS,True,206,0,,0,True,True,,INE2J8701016,1,
VARROC,True,263,4,2025-09-18,14,True,True,1.0,INE665L01035,1,1.0
BIKAJI,True,263,4,2025-09-18,14,True,True,1.0,INE00E101023,1,1.0
INGERRAND,True,258,5,2025-09-26,19,True,True,1.0,INE177A01018,1,1.0
VENTIVE,True,258,5,2025-09-26,19,True,True,1.0,INE781S01027,1,1.0
PRUDENT,True,263,4,2025-09-18,14,True,True,1.0,INE00F201020,1,1.0
CORONA,True,200,0,,0,True,True,,INE02ZQ01018,1,
KARAMTARA,True,13,0,,0,False,False,,INE590T01012,1,
ASKAUTOLTD,True,263,4,2025-09-18,14,True,True,1.0,INE491J01022,1,1.0
JSWHL,True,258,5,2025-09-26,19,False,True,1.0,INE824G01012,1,1.0
VINATIORGA,True,258,5,2025-09-26,19,True,True,1.0,INE410B01037,1,1.0
BLUEDART,True,263,4,2025-09-18,14,True,True,1.0,INE233B01017,1,1.0
AUGMONT,True,25,0,,0,False,False,,INE16W401027,1,
MAHSEAMLES,True,263,4,2025-09-18,14,True,True,1.0,INE271B01025,1,1.0
MAXESTATES,True,258,5,2025-09-26,19,True,True,1.0,INE03EI01018,1,1.0
MPIMANIPAL,True,13,0,,0,False,False,,INE241U01028,1,
BBTC,True,263,4,2025-09-18,14,True,True,1.0,INE050A01025,1,1.0
TSFINV,True,263,4,2025-09-18,14,True,True,1.0,INE202Z01029,0,
KINGFA,True,258,5,2025-09-26,19,False,False,,INE473D01015,1,1.0
SANOFICONR,True,263,4,2025-09-18,14,True,True,1.0,INE0UOS01011,1,1.0
SHIPROCKET,True,33,0,,0,False,False,,INE0FOO01011,1,
ESABINDIA,True,258,5,2025-09-26,19,False,True,1.0,INE284A01012,1,1.0
SETL,True,258,5,2025-09-26,19,False,False,,INE0M4D01010,1,1.0
JLHL,True,263,4,2025-09-18,14,True,True,1.0,INE682M01020,1,1.0
RPEL,True,258,5,2025-09-26,19,False,False,,INE912T01018,1,1.0
GALAXYSURF,True,258,5,2025-09-26,19,False,True,1.0,INE600K01018,1,1.0
RAYMOND,True,258,5,2025-09-26,19,False,True,1.0,INE301A01014,1,1.0
GRINFRA,True,258,5,2025-09-26,19,True,True,1.0,INE201P01022,1,1.0
MAHLIFE,True,258,5,2025-09-26,19,True,True,1.0,INE813A01018,1,1.0
SYMBIOTEC,True,24,0,,0,False,False,,INE899I01028,1,
GARFIBRES,True,258,5,2025-09-26,19,True,True,1.0,INE276A01018,1,1.0
STARCEMENT,True,263,4,2025-09-18,14,True,True,1.0,INE460H01021,1,1.0
SKFINDIA,True,263,4,2025-09-18,14,True,True,1.0,INE640A01023,1,1.0
ORKLAINDIA,True,227,0,,0,True,True,,INE16NZ01023,1,
CORDELIA,True,68,0,,0,False,False,,INE0LZF01039,1,
BLISSGVS,True,258,5,2025-09-26,19,False,True,1.0,INE416D01022,1,1.0
NESCO,True,263,4,2025-09-18,14,True,True,1.0,INE317F01035,1,1.0
CYIENTDLM,True,258,5,2025-09-26,19,True,True,1.0,INE055S01018,1,1.0
SANOFI,True,258,5,2025-09-26,19,True,True,1.0,INE058A01010,1,1.0
EUREKAFORB,True,263,4,2025-09-18,14,True,True,1.0,INE0KCE01017,1,1.0
HNDFDS,True,258,5,2025-09-26,19,False,True,1.0,INE254N01026,1,1.0
INDIASHLTR,True,263,4,2025-09-18,14,True,True,1.0,INE922K01024,1,1.0
HEROMOTORS,True,9,0,,0,False,False,,INE012G01022,1,
IBULLSLTD,True,231,14,2025-12-08,46,False,True,0.13043478260869565,INE126M01010,1,0.10869565217391304
MOREPENLAB,True,258,5,2025-09-26,19,False,True,1.0,INE083A01026,1,1.0
OPTIEMUS,True,263,4,2025-09-18,14,True,True,1.0,INE350C01017,1,1.0
MANINDS,True,258,5,2025-09-26,19,False,True,1.0,INE993A01026,1,1.0
ETHOSLTD,True,263,4,2025-09-18,14,True,True,1.0,INE04TZ01018,1,1.0
KANOHAR,True,14,0,,0,False,False,,INE877D01025,1,
KSHINTL,True,194,0,,0,False,False,,INE987S01020,1,
AJAXENGG,True,258,5,2025-09-26,19,True,True,1.0,INE274Y01021,1,1.0
TCI,True,258,5,2025-09-26,19,False,True,1.0,INE688A01022,1,1.0
FCL,True,258,5,2025-09-26,19,False,True,1.0,INE045J01034,1,1.0
INNOVACAP,True,258,5,2025-09-26,19,True,True,1.0,INE0DUT01020,1,1.0
SUPRAJIT,True,258,5,2025-09-26,19,False,True,1.0,INE399C01030,1,1.0
GMMPFAUDLR,True,263,4,2025-09-18,14,True,True,1.0,INE541A01023,1,1.0
TIIL,True,258,5,2025-09-26,19,False,True,1.0,INE545H01011,1,1.0
TFCILTD,True,258,5,2025-09-26,19,False,True,1.0,INE305A01023,1,1.0
REDTAPE,True,263,4,2025-09-18,14,True,True,1.0,INE0LXT01019,1,1.0
ISGEC,True,258,5,2025-09-26,19,True,True,1.0,INE858B01029,1,1.0
INOXGREEN,True,263,4,2025-09-18,14,True,True,1.0,INE510W01014,1,1.0
SSWL,True,258,5,2025-09-26,19,False,True,1.0,INE802C01033,1,1.0
RPTECH,True,258,5,2025-09-26,19,False,False,,INE0J1F01024,1,1.0
KUSUMGAR,True,58,0,,0,False,False,,INE0ISX01025,1,
SBCL,True,258,5,2025-09-26,19,False,True,1.0,INE386D01027,1,1.0
UEL,True,200,22,2026-02-01,76,False,False,,INE899L01030,1,0.0
DODLA,True,258,5,2025-09-26,19,True,True,1.0,INE021O01019,1,1.0
JKLAKSHMI,True,263,4,2025-09-18,14,True,True,1.0,INE786A01032,1,1.0
IOLCP,True,258,5,2025-09-26,19,False,True,1.0,INE485C01029,1,1.0
LEAPIND,True,36,0,,0,False,False,,INE00GO01025,1,
SPECTRUM,True,258,5,2025-09-26,19,False,False,,INE01EO01010,1,1.0
MARINE,True,258,5,2025-09-26,19,False,False,,INE01JE01028,0,
GANESHHOU,True,258,5,2025-09-26,19,True,True,1.0,INE460C01014,1,1.0
STYL,True,251,0,,0,True,True,,INE04VU01023,1,
ORCHPHARMA,True,258,5,2025-09-26,19,True,True,1.0,INE191A01027,1,1.0
SMARTWORKS,True,280,0,,0,True,True,,INE0NAZ01010,1,
SIS,True,258,5,2025-09-26,19,False,True,1.0,INE285J01028,1,1.0
ITDC,True,258,5,2025-09-26,19,False,True,1.0,INE353K01014,1,1.0
LCL,True,47,0,,0,False,False,,INE0QJW01029,1,
KRISHANA,True,258,5,2025-09-26,19,False,False,,INE506W01020,0,
KALPATARU,True,258,5,2025-09-26,19,False,False,,INE227J01012,1,1.0
WHEELS,True,258,5,2025-09-26,19,False,True,1.0,INE715A01015,1,1.0
ROSSTECH,True,258,5,2025-09-26,19,False,False,,INE0OJW01016,1,1.0
GULFOILLUB,True,258,5,2025-09-26,19,True,True,1.0,INE635Q01029,1,1.0
SSRETAIL,True,9,0,,0,False,False,,INE1EQW01028,1,
FDC,True,258,5,2025-09-26,19,True,True,1.0,INE258B01022,1,1.0
LGBBROSLTD,True,258,5,2025-09-26,19,False,True,1.0,INE337A01034,1,1.0
SHARDAMOTR,True,258,5,2025-09-26,19,True,True,1.0,INE597I01028,1,1.0
PRSMJOHNSN,True,263,4,2025-09-18,14,True,True,1.0,INE010A01011,1,1.0
ARTEMISMED,True,258,5,2025-09-26,19,False,False,,INE025R01021,1,1.0
ELEVATE,True,4,0,,0,False,False,,INE147X01013,1,
RAMRAT,True,258,5,2025-09-26,19,False,False,,INE207E01023,1,1.0
GREENLAM,True,258,5,2025-09-26,19,False,True,1.0,INE544R01021,1,1.0
RENTOMOJO,True,13,0,,0,False,False,,INE08T701025,1,
SAATVIKGL,True,253,0,,0,True,True,,INE13B501022,1,
VADILALIND,True,258,5,2025-09-26,19,False,False,,INE694D01016,1,1.0
AGI,True,258,5,2025-09-26,19,True,True,1.0,INE415A01038,1,1.0
TRIVENI,True,263,4,2025-09-18,14,True,True,1.0,INE256C01024,1,1.0
NRBBEARING,True,258,5,2025-09-26,19,False,True,1.0,INE349A01021,1,1.0
MASFIN,True,258,5,2025-09-26,19,False,True,1.0,INE348L01012,1,1.0
MANINFRA,True,258,5,2025-09-26,19,True,True,1.0,INE949H01023,1,1.0
BOSCH-HCIL,True,258,5,2025-09-26,19,True,True,1.0,INE782A01015,1,1.0
DEEDEV,True,258,5,2025-09-26,19,False,False,,INE841L01016,1,1.0
VRLLOG,True,258,5,2025-09-26,19,False,True,1.0,INE366I01010,1,1.0
GOODLUCK,True,258,5,2025-09-26,19,False,False,,INE127I01024,1,1.0
BANSALWIRE,True,258,5,2025-09-26,19,False,True,1.0,INE0B9K01025,1,1.0
GUJTHEM,True,258,5,2025-09-26,19,False,False,,INE942C01045,1,1.0
RPGLIFE,True,258,5,2025-09-26,19,False,False,,INE105J01010,1,1.0
ROLEXRINGS,True,258,5,2025-09-26,19,False,True,1.0,INE645S01024,1,1.0
PRASOLCHEM,True,14,0,,0,False,False,,INE455U01024,1,
EMUDHRA,True,258,5,2025-09-26,19,True,True,1.0,INE01QM01018,1,1.0
SOTL,True,258,5,2025-09-26,19,False,True,1.0,INE035D01020,1,1.0
FOSECOIND,True,258,5,2025-09-26,19,False,False,,INE519A01011,1,1.0
CARERATING,True,258,5,2025-09-26,19,False,True,1.0,INE752H01013,1,1.0
WSTCSTPAPR,True,258,5,2025-09-26,19,False,True,1.0,INE976A01021,1,1.0
SAMBHV,True,258,5,2025-09-26,19,False,False,,INE12NJ01018,1,1.0
DEEPINDS,True,258,5,2025-09-26,19,False,False,,INE0FHS01024,1,1.0
YASHO,True,258,5,2025-09-26,19,False,False,,INE616Z01012,1,1.0
FILATEX,True,258,5,2025-09-26,19,False,True,1.0,INE816B01035,1,1.0
KDDL,True,258,5,2025-09-26,19,False,False,,INE291D01011,1,1.0
UFLEX,True,258,5,2025-09-26,19,False,True,1.0,INE516A01017,1,1.0
JUNIPER,True,258,5,2025-09-26,19,False,True,1.0,INE696F01016,1,1.0
ARCIL,True,13,0,,0,False,False,,INE148G01016,1,
BAJAJHIND,True,258,5,2025-09-26,19,False,True,1.0,INE306A01021,1,1.0
JINDWORLD,True,258,5,2025-09-26,19,True,True,1.0,INE247D01039,1,1.0
MPSLTD,True,258,5,2025-09-26,19,False,False,,INE943D01017,1,1.0
UNIVCABLES,True,258,5,2025-09-26,19,False,False,,INE279A01012,1,1.0
SHOPERSTOP,True,258,5,2025-09-26,19,False,True,1.0,INE498B01024,1,1.0
GVPIL,True,258,5,2025-09-26,19,False,True,1.0,INE878A01011,1,1.0
RUSTOMJEE,True,258,5,2025-09-26,19,False,True,1.0,INE263M01029,1,1.0
GSPLTRANS,True,4,0,,0,False,False,,INE1TUG01013,1,
ZOTA,True,258,5,2025-09-26,19,False,False,,INE358U01012,0,
VISHNU,True,258,5,2025-09-26,19,False,False,,INE270I01022,1,1.0
LCCPROJECT,True,13,0,,0,False,False,,INE1FPN01026,1,
SMSPHARMA,True,258,5,2025-09-26,19,False,True,1.0,INE812G01025,1,1.0
RAYMONDREL,True,258,5,2025-09-26,19,False,False,,INE1SY401010,1,1.0
SHANTIGEAR,True,258,5,2025-09-26,19,False,True,1.0,INE631A01022,1,1.0
VENUSPIPES,True,258,5,2025-09-26,19,False,True,1.0,INE0JA001018,1,1.0
TEMPSENS,True,26,0,,0,False,False,,INE1KZI01025,1,
PERNIASPOP,True,20,0,,0,False,False,,INE0I1B01016,1,
PILANIINVS,True,258,5,2025-09-26,19,False,True,1.0,INE417C01014,1,1.0
EPIGRAL,True,258,5,2025-09-26,19,True,True,1.0,INE071N01016,1,1.0
GUFICBIO,True,258,5,2025-09-26,19,False,True,1.0,INE742B01025,1,1.0
MAHLOG,True,258,5,2025-09-26,19,False,True,1.0,INE766P01016,1,1.0
SWARAJENG,True,258,5,2025-09-26,19,False,True,1.0,INE277A01016,1,1.0
PITTIENG,True,258,5,2025-09-26,19,False,False,,INE450D01021,1,1.0
SANATHAN,True,258,5,2025-09-26,19,False,False,,INE0JPD01013,1,1.0
HARSHA,True,258,5,2025-09-26,19,False,True,1.0,INE0JUS01029,1,1.0
TBZ,True,258,5,2025-09-26,19,False,True,1.0,INE760L01018,1,1.0
KSL,True,258,5,2025-09-26,19,True,True,1.0,INE907A01026,1,1.0
SEAMECLTD,True,258,5,2025-09-26,19,False,True,1.0,INE497B01018,1,1.0
TATVA,True,258,5,2025-09-26,19,False,True,1.0,INE0GK401011,1,1.0
INDIQUBE,True,280,0,,0,False,False,,INE06ST01018,1,
DHANUKA,True,258,5,2025-09-26,19,True,True,1.0,INE435G01025,1,1.0
BANARISUG,True,258,5,2025-09-26,19,False,True,1.0,INE459A01010,1,0.8421052631578947
AVANTEL,True,258,5,2025-09-26,19,False,False,,INE005B01027,1,1.0
ICRA,True,258,5,2025-09-26,19,False,True,1.0,INE725G01011,1,1.0
DPABHUSHAN,True,258,5,2025-09-26,19,False,False,,INE266Y01019,1,1.0
HIRECT,True,258,5,2025-09-26,19,False,False,,INE835D01023,1,1.0
TRUALT,True,249,0,,0,False,False,,INE0MWH01014,1,
SYMPHONY,True,258,5,2025-09-26,19,True,True,1.0,INE225D01027,1,1.0
SGFIN,True,258,5,2025-09-26,19,False,False,,INE618R01015,1,1.0
ANTELOPUS,True,258,5,2025-09-26,19,False,False,,INE818A01017,1,1.0
SANGHVIMOV,True,258,5,2025-09-26,19,False,True,1.0,INE989A01032,1,1.0
AARTIDRUGS,True,263,4,2025-09-18,14,True,True,1.0,INE767A01016,1,1.0
MOSCHIP,True,258,5,2025-09-26,19,False,False,,INE935B01025,1,1.0
MHRIL,True,258,5,2025-09-26,19,False,True,1.0,INE998I01010,1,1.0
ASHIANA,True,258,5,2025-09-26,19,False,True,1.0,INE365D01021,1,1.0
VSSL,True,258,5,2025-09-26,19,False,False,,INE050M01012,1,1.0
AYE,True,157,0,,0,False,False,,INE501X01029,1,
UNICHEMLAB,True,258,5,2025-09-26,19,False,True,1.0,INE351A01035,1,1.0
STEELCAS,True,258,5,2025-09-26,19,False,False,,INE124E01038,1,1.0
VSTTILLERS,True,258,5,2025-09-26,19,False,True,1.0,INE764D01017,1,1.0
UNIPARTS,True,258,5,2025-09-26,19,False,True,1.0,INE244O01017,1,1.0
KOLTEPATIL,True,258,5,2025-09-26,19,False,True,1.0,INE094I01018,1,1.0
KIRLOSIND,True,258,5,2025-09-26,19,False,False,,INE250A01039,1,1.0
GREENPLY,True,258,5,2025-09-26,19,False,True,1.0,INE461C01038,1,1.0
JASH,True,258,5,2025-09-26,19,False,False,,INE039O01029,1,1.0
63MOONS,True,258,5,2025-09-26,19,False,True,1.0,INE111B01023,1,1.0
RML,True,258,5,2025-09-26,19,False,False,,INE050H01012,1,1.0
GHCL,True,263,4,2025-09-18,14,True,True,1.0,INE539A01019,1,1.0
TCPLPACK,True,258,5,2025-09-26,19,False,False,,INE822C01015,1,1.0
LASERPOWER,True,57,0,,0,False,False,,INE17IR01028,1,
AHLUCONT,True,263,4,2025-09-18,14,True,True,1.0,INE758C01029,1,1.0
NPST,True,258,5,2025-09-26,19,False,False,,INE0FFK01017,1,1.0
PREMEXPLN,True,258,5,2025-09-26,19,False,False,,INE863B01029,1,1.0
IDEAFORGE,True,258,5,2025-09-26,19,False,True,1.0,INE349Y01013,1,1.0
DIVGIITTS,True,258,5,2025-09-26,19,False,True,1.0,INE753U01022,1,1.0
RTNINDIA,True,263,4,2025-09-18,14,True,True,1.0,INE834M01019,1,1.0
STYRENIX,True,263,4,2025-09-18,14,True,True,1.0,INE189B01011,1,1.0
SINDHUTRAD,True,258,5,2025-09-26,19,False,True,1.0,INE325D01025,1,1.0
KIRIINDUS,True,258,5,2025-09-26,19,False,True,1.0,INE415I01015,1,1.0
SANDHAR,True,258,5,2025-09-26,19,False,True,1.0,INE278H01035,1,1.0
ALOKINDS,True,263,4,2025-09-18,14,True,True,1.0,INE270A01029,1,1.0
BOROLTD,True,258,5,2025-09-26,19,False,True,1.0,INE02PY01013,1,1.0
JKIL,True,258,5,2025-09-26,19,True,True,1.0,INE576I01022,1,1.0
BAJAJELEC,True,263,4,2025-09-18,14,True,True,1.0,INE193E01025,1,1.0
SOLARA,True,258,5,2025-09-26,19,False,True,1.0,INE624Z01016,1,1.0
CMLL,True,51,0,,0,False,False,,INE11XY01018,1,
JTLIND,True,258,5,2025-09-26,19,False,True,1.0,INE391J01032,1,1.0
PACEDIGITK,True,248,0,,0,False,False,,INE0S3G01027,1,
INDOSTAR,True,258,5,2025-09-26,19,False,True,1.0,INE896L01010,1,1.0
POCL,True,258,5,2025-09-26,19,False,False,,INE063E01061,1,1.0
VSTIND,True,258,5,2025-09-26,19,True,True,1.0,INE710A01016,1,1.0
PARAGMILK,True,258,5,2025-09-26,19,False,True,1.0,INE883N01014,1,1.0
TVSSRICHAK,True,258,5,2025-09-26,19,False,True,1.0,INE421C01016,1,1.0
INDOTECH,True,258,5,2025-09-26,19,False,False,,INE332H01014,1,1.0
INDSWFTLAB,True,258,5,2025-09-26,19,False,True,1.0,INE915B01019,1,1.0
ORIENTELEC,True,258,5,2025-09-26,19,False,True,1.0,INE142Z01019,1,1.0
NITINSPIN,True,258,5,2025-09-26,19,False,False,,INE229H01012,1,1.0
LUXIND,True,258,5,2025-09-26,19,True,True,1.0,INE150G01020,1,1.0
RSYSTEMS,True,258,5,2025-09-26,19,False,True,1.0,INE411H01032,1,1.0
POLYPLEX,True,258,5,2025-09-26,19,True,True,1.0,INE633B01018,1,1.0
DALMIASUG,True,258,5,2025-09-26,19,False,True,1.0,INE495A01022,1,1.0
AGIIL,True,258,5,2025-09-26,19,False,False,,INE976R01033,1,1.0
HEMIPROP,True,263,4,2025-09-18,14,True,True,1.0,INE0AJG01018,1,1.0
PRABHA,True,258,5,2025-09-26,19,False,False,,INE0I0M01023,1,1.0
ARSSBL,True,251,0,,0,False,False,,INE549H01021,1,
MIDWESTLTD,True,235,0,,0,False,False,,INE0XAD01024,1,
JTEKTINDIA,True,258,5,2025-09-26,19,False,True,1.0,INE643A01035,1,1.0
INDRAMEDCO,True,258,5,2025-09-26,19,False,True,1.0,INE681B01017,1,1.0
ANUP,True,263,4,2025-09-18,14,True,True,1.0,INE294Z01018,1,1.0
MAYURUNIQ,True,258,5,2025-09-26,19,False,True,1.0,INE040D01038,1,1.0
WONDERLA,True,258,5,2025-09-26,19,False,True,1.0,INE066O01014,1,1.0
VARMORA,True,5,0,,0,False,False,,INE0M5301040,1,
VINDHYATEL,True,258,5,2025-09-26,19,False,True,1.0,INE707A01012,1,1.0
SANGAMIND,True,258,5,2025-09-26,19,False,False,,INE495C01010,1,1.0
GOPAL,True,258,5,2025-09-26,19,False,True,1.0,INE0L9R01028,1,1.0
DBCORP,True,258,5,2025-09-26,19,False,True,1.0,INE950I01011,1,1.0
JUBLCPL,True,258,5,2025-09-26,19,False,False,,INE03CC01015,1,1.0
LUMINO,True,22,0,,0,False,False,,INE185Q01025,1,
NACLIND,True,258,5,2025-09-26,19,False,False,,INE295D01020,1,1.0
WINDMACHIN,True,258,5,2025-09-26,19,False,False,,INE052A01021,1,1.0
BEPL,True,258,5,2025-09-26,19,False,True,1.0,INE922A01025,1,1.0
BHAGCHEM,True,258,5,2025-09-26,19,False,False,,INE414D01027,1,1.0
APCOTEXIND,True,258,5,2025-09-26,19,False,True,1.0,INE116A01032,1,1.0
STEAMHOUSE,True,13,0,,0,False,False,,INE0FRO01022,1,
HLEGLAS,True,258,5,2025-09-26,19,False,True,1.0,INE461D01028,1,1.0
MUTHOOTMF,True,258,5,2025-09-26,19,False,True,1.0,INE046W01019,1,1.0
PSPPROJECT,True,258,5,2025-09-26,19,False,True,1.0,INE488V01015,1,1.0
HEIDELBERG,True,258,5,2025-09-26,19,False,True,1.0,INE578A01017,1,1.0
ADFFOODS,True,258,5,2025-09-26,19,False,True,1.0,INE982B01027,1,1.0
CARRARO,True,258,5,2025-09-26,19,False,False,,INE0V7W01012,1,1.0
BLSE,True,258,5,2025-09-26,19,False,False,,INE0NLT01028,0,
BUILDPRO,True,182,0,,0,False,False,,INE24OJ01011,1,
CRIZAC,True,280,0,,0,True,True,,INE0S4R01014,1,
RELTD,True,258,5,2025-09-26,19,False,False,,INE206N01018,1,1.0
CARYSIL,True,258,5,2025-09-26,19,False,True,1.0,INE482D01024,1,1.0
JINDALPOLY,True,258,5,2025-09-26,19,False,True,1.0,INE197D01010,1,1.0
CHEMPLASTS,True,258,5,2025-09-26,19,False,True,1.0,INE488A01050,1,1.0
PANAMAPET,True,258,5,2025-09-26,19,False,True,1.0,INE305C01029,1,1.0
STYLEBAAZA,True,258,5,2025-09-26,19,False,False,,INE01FR01028,1,1.0
CONFIPET,True,258,5,2025-09-26,19,False,True,1.0,INE552D01024,1,1.0
IMAGICAA,True,258,5,2025-09-26,19,True,True,1.0,INE172N01012,1,1.0
MMFL,True,258,5,2025-09-26,19,False,True,1.0,INE227C01017,1,1.0
NOCIL,True,258,5,2025-09-26,19,False,True,1.0,INE163A01018,1,1.0
NILKAMAL,True,258,5,2025-09-26,19,False,True,1.0,INE310A01015,1,1.0
KKCL,True,258,5,2025-09-26,19,False,True,1.0,INE401H01017,1,1.0
FUSION,True,258,5,2025-09-26,19,False,True,1.0,INE139R01012,1,1.0
KERNEX,True,258,5,2025-09-26,19,False,False,,INE202H01019,1,1.0
PRINCEPIPE,True,258,5,2025-09-26,19,True,True,1.0,INE689W01016,1,1.0
NIITMTS,True,258,5,2025-09-26,19,False,True,1.0,INE342G01023,1,1.0
KABRAEXTRU,True,258,5,2025-09-26,19,False,False,,INE900B01029,1,1.0
INDNIPPON,True,258,5,2025-09-26,19,False,False,,INE092B01025,1,1.0
INTERARCH,True,258,5,2025-09-26,19,False,False,,INE00M901018,1,1.0
RPSGVENT,True,258,5,2025-09-26,19,False,True,1.0,INE425Y01011,1,1.0
SUNDROP,True,258,5,2025-09-26,19,False,True,1.0,INE209A01019,1,1.0
SPORTKING,True,258,5,2025-09-26,19,False,False,,INE885H01029,1,1.0
GIPCL,True,258,5,2025-09-26,19,False,True,1.0,INE162A01010,1,1.0
RATNAVEER,True,258,5,2025-09-26,19,False,False,,INE05CZ01011,1,1.0
SBC,True,258,5,2025-09-26,19,False,False,,INE04AK01028,1,1.0
ADOR,True,258,5,2025-09-26,19,False,True,1.0,INE045A01017,1,1.0
ARVSMART,True,258,5,2025-09-26,19,False,False,,INE034S01021,1,1.0
BALMLAWRIE,True,258,5,2025-09-26,19,False,True,1.0,INE164A01016,1,1.0
ALEMBICLTD,True,258,5,2025-09-26,19,False,True,1.0,INE426A01027,1,1.0
NSIL,True,258,5,2025-09-26,19,False,False,,INE023A01030,1,1.0
MANGLMCEM,True,258,5,2025-09-26,19,False,False,,INE347A01017,1,1.0
SHUKRAPHAR,True,256,6,2025-10-01,21,False,False,,INE551C01044,1,1.0
GANDHAR,True,258,5,2025-09-26,19,False,False,,INE717W01049,1,1.0
XPROINDIA,True,258,5,2025-09-26,19,False,False,,INE445C01015,1,1.0
RISHABH,True,258,5,2025-09-26,19,False,False,,INE0N2P01017,1,1.0
NAVNETEDUL,True,258,5,2025-09-26,19,False,True,1.0,INE060A01024,1,1.0
SUNCLAY,True,258,5,2025-09-26,19,False,True,1.0,INE0Q3R01026,1,1.0
MAITHANALL,True,258,5,2025-09-26,19,False,True,1.0,INE683C01011,1,1.0
PROTEAN,True,258,5,2025-09-26,19,False,False,,INE004A01022,1,1.0
HIKAL,True,258,5,2025-09-26,19,True,True,1.0,INE475B01022,1,1.0
VIMTALABS,True,258,5,2025-09-26,19,False,False,,INE579C01029,1,1.0
GANECOS,True,258,5,2025-09-26,19,True,True,1.0,INE845D01014,1,1.0
STALLION,True,258,5,2025-09-26,19,False,False,,INE0RYC01010,1,1.0
RAMCOIND,True,258,5,2025-09-26,19,False,True,1.0,INE614A01028,1,1.0
JAYKAY,True,256,6,2025-10-01,21,False,False,,INE903A01025,1,1.0
UFBL,True,258,5,2025-09-26,19,False,True,1.0,INE382M01027,1,1.0
TALBROAUTO,True,258,5,2025-09-26,19,False,False,,INE187D01029,1,1.0
DIAMONDYD,True,258,5,2025-09-26,19,False,True,1.0,INE393P01035,1,1.0
VINCOFE,True,258,5,2025-09-26,19,False,False,,INE498Q01014,1,1.0
STOVEKRAFT,True,258,5,2025-09-26,19,False,True,1.0,INE00IN01015,1,1.0
MARATHON,True,258,5,2025-09-26,19,False,False,,INE182D01020,1,1.0
PATELENG,True,258,5,2025-09-26,19,True,True,1.0,INE244B01030,1,1.0
INDORAMA,True,256,6,2025-10-01,21,False,True,1.0,INE156A01020,1,1.0
MUFIN,True,258,5,2025-09-26,19,False,False,,INE08KJ01020,1,1.0
MUKANDLTD,True,256,6,2025-10-01,21,False,False,,INE304A01026,1,1.0
GATEWAY,True,258,5,2025-09-26,19,True,True,1.0,INE079J01017,1,1.0
HUBTOWN,True,258,5,2025-09-26,19,False,True,1.0,INE703H01016,1,1.0
DDEVPLSTIK,True,258,5,2025-09-26,19,False,False,,INE0HR601026,1,1.0
AUTOAXLES,True,258,5,2025-09-26,19,False,True,1.0,INE449A01011,1,1.0
DREDGECORP,True,258,5,2025-09-26,19,False,True,1.0,INE506A01018,1,1.0
GNA,True,258,5,2025-09-26,19,False,False,,INE934S01014,1,1.0
SATIN,True,258,5,2025-09-26,19,False,False,,INE836B01017,1,1.0
DOLPHIN,True,258,5,2025-09-26,19,False,False,,INE920A01037,1,1.0
EFCIL,True,258,5,2025-09-26,19,False,False,,INE886D01026,1,1.0
ORIENTHOT,True,258,5,2025-09-26,19,False,True,1.0,INE750A01020,1,1.0
SASKEN,True,258,5,2025-09-26,19,False,True,1.0,INE231F01020,1,1.0
SOMANYCERA,True,258,5,2025-09-26,19,False,True,1.0,INE355A01028,1,1.0
JGCHEM,True,258,5,2025-09-26,19,False,False,,INE0MB501011,1,1.0
MONARCH,True,258,5,2025-09-26,19,False,False,,INE903D01011,1,1.0
BODALCHEM,True,256,6,2025-10-01,21,False,True,1.0,INE338D01028,1,1.0
PENIND,True,258,5,2025-09-26,19,False,True,1.0,INE932A01024,1,1.0
GLASSWALL,True,14,0,,0,False,False,,INE644Q01039,1,
FMGOETZE,True,258,5,2025-09-26,19,False,True,1.0,INE529A01010,1,1.0
GLOBUSSPR,True,258,5,2025-09-26,19,False,True,1.0,INE615I01010,1,1.0
DCAL,True,258,5,2025-09-26,19,True,True,1.0,INE385W01011,1,1.0
JNKINDIA,True,258,5,2025-09-26,19,False,False,,INE0OAF01028,1,1.0
SIYSIL,True,258,5,2025-09-26,19,False,True,1.0,INE076B01028,1,1.0
UTKARSHBNK,True,258,5,2025-09-26,19,False,True,1.0,INE735W01017,1,1.0
EPACKPEB,True,250,0,,0,False,False,,INE0MLS01022,1,
ORIENTCEM,True,263,4,2025-09-18,14,True,True,1.0,INE876N01018,1,1.0
TASTYBITE,True,258,5,2025-09-26,19,False,True,1.0,INE488B01017,1,1.0
SAKAR,True,256,6,2025-10-01,21,False,False,,INE732S01012,0,
GKENERGY,True,253,0,,0,False,False,,INE1AG301022,1,
SPAL,True,258,5,2025-09-26,19,False,False,,INE212I01016,1,1.0
FLAIR,True,258,5,2025-09-26,19,False,True,1.0,INE00Y201027,1,1.0
INDOCO,True,258,5,2025-09-26,19,False,True,1.0,INE873D01024,1,1.0
VENUSREM,True,258,5,2025-09-26,19,False,False,,INE411B01019,1,1.0
VEEDOL,True,258,5,2025-09-26,19,False,True,1.0,INE484C01030,1,1.0
STLNETWORK,True,269,0,,0,False,False,,INE1VXE01018,1,
BBL,True,258,5,2025-09-26,19,True,True,1.0,INE464A01036,1,1.0
SHANTIGOLD,True,280,0,,0,False,False,,INE06ZD01017,1,
THEJO,True,258,5,2025-09-26,19,False,False,,INE121N01019,0,
SYNCOMF,True,256,6,2025-10-01,21,False,False,,INE312C01025,1,1.0
PIXTRANS,True,258,5,2025-09-26,19,False,False,,INE751B01018,1,1.0
EVEREADY,True,258,5,2025-09-26,19,False,True,1.0,INE128A01029,1,1.0
RAJRATAN,True,258,5,2025-09-26,19,False,True,1.0,INE451D01029,1,1.0
SAIPARENT,True,127,0,,0,False,False,,INE0H9F01037,1,
AJMERA,True,258,5,2025-09-26,19,False,False,,INE298G01035,1,1.0
EASEMYTRIP,True,258,5,2025-09-26,19,True,True,1.0,INE07O001026,1,1.0
SIRCA,True,258,5,2025-09-26,19,False,False,,INE792Z01011,1,1.0
ROSSARI,True,258,5,2025-09-26,19,False,True,1.0,INE02A801020,1,1.0
ESAFSFB,True,258,5,2025-09-26,19,False,True,1.0,INE818W01011,1,1.0
ASIANENE,True,258,5,2025-09-26,19,False,False,,INE276G01015,1,1.0
BETA,True,258,5,2025-09-26,19,False,False,,INE351Y01019,0,
HINDOILEXP,True,258,5,2025-09-26,19,False,True,1.0,INE345A01011,1,1.0
PARKHOTELS,True,258,5,2025-09-26,19,True,True,1.0,INE988S01028,1,1.0
MEDIASSIST,True,258,5,2025-09-26,19,False,False,,INE456Z01021,1,1.0
WINDLAS,True,258,5,2025-09-26,19,False,False,,INE0H5O01029,1,1.0
TURTLEMINT,True,70,0,,0,False,False,,INE0OC301013,1,
PANACEABIO,True,258,5,2025-09-26,19,False,True,1.0,INE922B01023,1,1.0
VENKEYS,True,258,5,2025-09-26,19,False,True,1.0,INE398A01010,1,1.0
APOLLOPIPE,True,258,5,2025-09-26,19,False,True,1.0,INE126J01016,1,1.0
MVELECTRO,True,42,0,,0,False,False,,INE0OWZ01020,1,
COSMOFIRST,True,258,5,2025-09-26,19,False,True,1.0,INE757A01017,1,1.0
ARKADE,True,258,5,2025-09-26,19,False,False,,INE0QRL01017,1,1.0
PRAKASH,True,258,5,2025-09-26,19,False,True,1.0,INE603A01013,1,1.0
GMBREW,True,258,5,2025-09-26,19,False,True,1.0,INE075D01018,1,1.0
KNACK,True,63,0,,0,False,False,,INE17QZ01016,1,
FISCHER,True,258,5,2025-09-26,19,False,False,,INE771F01041,1,1.0
ORISSAMINE,True,258,5,2025-09-26,19,False,True,1.0,INE725E01024,1,1.0
QUADFUTURE,True,256,6,2025-10-01,21,False,False,,INE0LRY01011,1,1.0
POKARNA,True,258,5,2025-09-26,19,False,True,1.0,INE637C01025,1,1.0
MOLDTKPAC,True,258,5,2025-09-26,19,False,True,1.0,INE893J01029,1,1.0
RANEHOLDIN,True,258,5,2025-09-26,19,False,True,1.0,INE384A01010,1,1.0
BOMDYEING,True,258,5,2025-09-26,19,False,True,1.0,INE032A01023,1,1.0
GSPCROP,True,132,0,,0,False,False,,INE713R01022,1,
SHRINGARMS,True,260,0,,0,False,False,,INE1B3L01017,1,
BRIGHOTEL,True,280,0,,0,False,False,,INE03NU01014,1,
DELTACORP,True,256,6,2025-10-01,21,False,True,1.0,INE124G01033,1,1.0
AEROPLANE,True,127,0,,0,False,False,,INE05TO01019,1,
GEOJITFSL,True,258,5,2025-09-26,19,False,True,1.0,INE007B01023,1,1.0
REPCOHOME,True,258,5,2025-09-26,19,False,True,1.0,INE612J01015,1,1.0
VERANDA,True,258,5,2025-09-26,19,False,False,,INE0IQ001011,1,1.0
NITCO,True,258,5,2025-09-26,19,False,False,,INE858F01012,1,1.0
BLUSPRING,True,256,6,2025-10-01,21,False,False,,INE0U4101014,1,1.0
DYCL,True,258,5,2025-09-26,19,False,False,,INE600Y01019,1,1.0
EXICOM,True,258,5,2025-09-26,19,False,False,,INE777F01014,1,1.0
SANSTAR,True,258,5,2025-09-26,19,False,False,,INE08NE01025,1,1.0
MACPOWER,True,256,6,2025-10-01,21,False,False,,INE155Z01011,0,
KICL,True,258,5,2025-09-26,19,False,False,,INE029L01018,1,1.0
NELCO,True,258,5,2025-09-26,19,False,True,1.0,INE045B01015,1,1.0
RAMCOSYS,True,258,5,2025-09-26,19,False,True,1.0,INE246B01019,1,1.0
ADVAIT,True,258,5,2025-09-26,19,False,False,,INE0ALI01010,1,1.0
TIL,True,256,6,2025-10-01,21,False,False,,INE806C01018,1,1.0
BLEL,True,33,0,,0,False,False,,INE1EEM01017,1,
MOTISONS,True,256,6,2025-10-01,21,False,False,,INE0FRK01020,1,1.0
VIDYAWIRES,True,203,0,,0,False,False,,INE14UN01029,1,
TAJGVK,True,258,5,2025-09-26,19,False,True,1.0,INE586B01026,1,1.0
OMAXE,True,258,5,2025-09-26,19,False,True,1.0,INE800H01010,1,1.0
TCIEXP,True,258,5,2025-09-26,19,False,True,1.0,INE586V01016,1,1.0
