symbol,last_scaled,screener_date,prev_screener_date,gap,step,blend_move,nse_move,abs
LLOYDSENGG,2025-04-30,2025-05-02,2025-04-25,1,0.1283,0.1142,-0.0125,0.1283
LLOYDSENT,2025-08-13,2025-08-14,2025-08-08,1,0.0893,-0.0094,-0.0906,0.0893
MAHLIFE,2025-05-22,2025-05-23,2025-05-16,1,0.0884,0.0125,-0.0698,0.0884
ABFRL,2025-05-22,2025-05-23,2025-05-16,1,-0.0689,-0.0824,-0.0145,0.0689
PTCIL,2024-10-10,2024-10-11,2024-10-04,1,0.0563,0.0511,-0.005,0.0563
UPL,2024-11-28,2024-11-29,2024-11-22,1,0.0425,0.0389,-0.0035,0.0425
ETHOSLTD,2025-06-12,2025-06-13,2025-06-06,1,0.0353,0.0389,0.0035,0.0353
THANGAMAYL,2025-02-13,2025-02-14,2025-02-07,1,0.0322,0.011,-0.0205,0.0322
STLTECH,2025-04-24,2025-04-25,2025-04-17,1,0.0315,0.083,0.05,0.0315
M&MFIN,2025-05-15,2025-05-16,2025-05-09,1,0.0277,0.0339,0.006,0.0277
DBREALTY,2025-07-17,2025-07-18,2025-07-11,1,-0.0237,-0.0237,0.0,0.0237
SKYGOLD,2024-10-24,2024-10-25,2024-10-18,1,-0.0217,-0.0491,-0.0279,0.0217
MANORAMA,2025-03-06,2025-03-07,2025-02-28,1,0.0209,0.087,0.0648,0.0209
SHAILY,2025-02-13,2025-02-14,2025-02-07,1,-0.0204,-0.0478,-0.028,0.0204
SHAILY,2025-02-27,2025-02-28,2025-02-21,1,0.0204,0.0423,0.0215,0.0204
