symbol,last_before,first_after,missing_sessions,bse_code,bse_name,mapped_by,bse_trading_share,bse_traded_sessions,sessions_with_bse_file,verdict,detail
8KMILES,2019-11-01,2019-11-25,14,512161.0,SECUREKLOUD TECHNOLOGIES LIMIT,isin,0.0,0,14,no BSE trading either,
8KMILES,2020-01-27,2020-02-03,5,512161.0,SECUREKLOUD TECHNOLOGIES LIMIT,isin,0.0,0,5,no BSE trading either,
8KMILES,2020-05-26,2020-09-07,73,512161.0,SECUREKLOUD TECHNOLOGIES LIMIT,isin,0.0,0,73,no BSE trading either,
AFTEK,2015-05-14,2015-06-01,11,530707.0,AFTEK LTD,price match,0.0,0,11,no BSE trading either,
AFTEK,2015-06-01,2015-07-20,34,,,no NSE close to match,,0,34,not checked: no NSE close to match,
AFTEK,2015-07-27,2015-08-17,14,,,no NSE close to match,,0,14,not checked: no NSE close to match,
AFTEK,2015-08-31,2015-09-14,9,,,no NSE close to match,,0,9,not checked: no NSE close to match,
AFTEK,2015-09-14,2015-10-05,11,,,no NSE close to match,,0,11,not checked: no NSE close to match,
AFTEK,2015-10-19,2015-11-09,13,,,no NSE close to match,,0,13,not checked: no NSE close to match,
AJRINFRA,2023-03-10,2023-04-03,14,,,no BSE price match,,0,14,not checked: no BSE price match,
ALKYLAMINE,2009-03-23,2009-03-31,5,506767.0,ALKYL AMINES CHEMICALS LTD.,isin (another period),0.75,3,4,NSE-only gap: BSE traded,
ALKYLAMINE,2013-08-13,2013-08-22,5,506767.0,ALKYL AMINES CHEMICALS LTD.,isin (another period),0.2,1,5,partly traded on BSE,
AMTEKAUTO,2018-09-07,2018-10-01,13,531512.0,ORIENT TRADELINK LTD.,price match,,0,13,not checked: ISIN mismatch,NSE INE130C01021; BSE code 531512 INE681D01039
ANSALAPI,2023-03-10,2023-03-20,5,500013.0,ANSAL PROPERTIES & INFRASTRUCT,isin,0.0,0,5,no BSE trading either,
ANSALAPI,2023-11-06,2023-11-13,5,500013.0,ANSAL PROPERTIES & INFRASTRUCT,isin,0.0,0,5,no BSE trading either,
ANSALAPI,2024-01-15,2024-01-23,5,500013.0,ANSAL PROPERTIES & INFRASTRUCT,isin,0.0,0,5,no BSE trading either,
ANSALAPI,2024-02-26,2024-03-04,5,500013.0,ANSAL PROPERTIES & INFRASTRUCT,isin,0.0,0,5,no BSE trading either,
ANSALAPI,2024-05-13,2024-05-21,5,500013.0,ANSAL PROPERTIES & INFRASTRUCT,isin,0.0,0,5,no BSE trading either,
ANSALAPI,2024-12-16,2024-12-30,8,500013.0,ANSAL PROPERTIES & INFRASTRUCT,isin,0.125,1,8,partly traded on BSE,
ARSHIYA,2024-08-23,2024-09-02,5,506074.0,ARSHIYA LIMITED,isin,0.0,0,5,no BSE trading either,
ARSHIYA,2025-02-24,2025-03-10,8,506074.0,ARSHIYA LIMITED,isin,0.125,1,8,partly traded on BSE,
ARSSINFRA,2017-08-07,2017-09-27,34,533163.0,ARSS INFRASTRUCTURE PROJECTS L,isin,0.029,1,34,no BSE trading either,
ARSSINFRA,2023-04-17,2023-05-02,9,533163.0,ARSS INFRASTRUCTURE PROJECTS L,isin (another period),0.0,0,9,no BSE trading either,
ARSSINFRA,2024-01-15,2024-01-23,5,533163.0,ARSS INFRASTRUCTURE PROJECTS L,isin (another period),0.0,0,5,no BSE trading either,
ARSSINFRA,2025-01-03,2025-01-13,5,533163.0,ARSS INFRASTRUCTURE PROJECTS L,isin (another period),0.0,0,5,no BSE trading either,
ARSSINFRA,2025-01-27,2025-02-03,5,533163.0,ARSS INFRASTRUCTURE PROJECTS L,isin (another period),0.0,0,5,no BSE trading either,
ARSSINFRA,2025-03-13,2025-03-24,5,533163.0,ARSS INFRASTRUCTURE PROJECTS L,isin (another period),0.0,0,5,no BSE trading either,
ASIANELEC,2012-08-21,2013-06-17,204,503940.0,ASIAN ELECTR,price match,1.0,204,204,NSE-only gap: BSE traded,
ASIANELEC,2013-12-09,2014-07-30,158,,,no BSE price match,,0,158,not checked: no BSE price match,
ASIANELEC,2014-08-05,2014-08-18,7,,,no NSE close to match,,0,7,not checked: no NSE close to match,
ASIANELEC,2014-08-18,2014-09-15,18,,,no NSE close to match,,0,18,not checked: no NSE close to match,
ASIANELEC,2014-09-15,2014-11-24,42,,,no NSE close to match,,0,42,not checked: no NSE close to match,
ASIANELEC,2014-11-24,2014-12-08,9,,,no NSE close to match,,0,9,not checked: no NSE close to match,
ASIANHOTEL,2010-02-23,2010-04-07,27,500023.0,ASIAN HOTELS (NORTH) LIMITED,price match,0.0,0,27,no BSE trading either,
ASIANHOTNR,2010-02-23,2010-04-07,27,500023.0,ASIAN HOTELS (NORTH) LIMITED,isin (another period),0.0,0,27,no BSE trading either,
AURIONPRO,2008-12-11,2008-12-31,12,532668.0,AURIONPRO SOLUTIONS LTD.,isin (another period),0.833,10,12,NSE-only gap: BSE traded,
AURIONPRO,2009-01-02,2009-01-14,6,532668.0,AURIONPRO SOLUTIONS LTD.,isin (another period),1.0,6,6,NSE-only gap: BSE traded,
AURIONPRO,2013-07-18,2013-07-29,6,532668.0,AURIONPRO SOLUTIONS LTD.,isin,0.833,5,6,NSE-only gap: BSE traded,
AURIONPRO,2013-09-13,2013-09-24,6,532668.0,AURIONPRO SOLUTIONS LTD.,isin,0.333,2,6,partly traded on BSE,
AURIONPRO,2013-09-27,2013-10-08,5,532668.0,AURIONPRO SOLUTIONS LTD.,isin,0.6,3,5,NSE-only gap: BSE traded,
AURIONPRO,2013-10-08,2013-10-21,7,532668.0,AURIONPRO SOLUTIONS LTD.,isin,0.286,2,7,partly traded on BSE,
AURIONPRO,2013-12-27,2014-01-07,6,532668.0,AURIONPRO SOLUTIONS LTD.,isin,0.833,5,6,NSE-only gap: BSE traded,
AVANTIFEED,2010-04-09,2010-04-23,8,512573.0,AVANTI FEEDS LTD.,isin (another period),0.75,6,8,NSE-only gap: BSE traded,
AVANTIFEED,2015-01-29,2015-04-15,49,512573.0,AVANTI FEEDS LTD.,isin (another period),1.0,49,49,NSE-only gap: BSE traded,
BALLARPUR,2022-07-01,2022-07-11,5,,,no BSE price match,,0,5,not checked: no BSE price match,
BALLARPUR,2022-09-09,2022-09-19,5,500102.0,BALARPUR IND,price match,0.0,0,5,no BSE trading either,
BCG,2024-06-13,2024-07-01,10,532368.0,BRIGHTCOM GROUP LIMITED,isin,0.0,0,10,no BSE trading either,
BCG,2024-12-30,2025-07-14,133,532368.0,BRIGHTCOM GROUP LIMITED,isin,0.0,0,133,no BSE trading either,
BEPL,2013-10-28,2013-11-20,15,500052.0,BHANSALI ENGINEERING POLYMERS,isin,0.533,8,15,NSE-only gap: BSE traded,
BEPL,2013-12-13,2013-12-24,6,500052.0,BHANSALI ENGINEERING POLYMERS,isin,1.0,6,6,NSE-only gap: BSE traded,
BEPL,2014-01-01,2014-01-09,5,500052.0,BHANSALI ENGINEERING POLYMERS,isin,0.8,4,5,NSE-only gap: BSE traded,
BHARATRAS,2008-12-22,2009-01-02,7,590021.0,BHARAT RASAYAN LTD.,isin (another period),0.0,0,7,no BSE trading either,
BHARATRAS,2009-01-19,2009-01-28,5,590021.0,BHARAT RASAYAN LTD.,isin (another period),0.2,1,5,partly traded on BSE,
BHARATRAS,2009-02-18,2009-03-04,8,590021.0,BHARAT RASAYAN LTD.,isin (another period),0.5,4,8,NSE-only gap: BSE traded,
BHARATRAS,2009-03-04,2009-03-25,12,590021.0,BHARAT RASAYAN LTD.,isin (another period),0.364,4,11,partly traded on BSE,
BHARATRAS,2013-04-05,2013-04-22,9,590021.0,BHARAT RASAYAN LTD.,isin,0.111,1,9,partly traded on BSE,
BHARATRAS,2013-04-22,2013-05-03,6,590021.0,BHARAT RASAYAN LTD.,isin,0.0,0,6,no BSE trading either,
BHARATRAS,2013-05-17,2013-05-31,9,590021.0,BHARAT RASAYAN LTD.,isin,0.333,3,9,partly traded on BSE,
BHARATRAS,2013-06-05,2013-06-13,5,590021.0,BHARAT RASAYAN LTD.,isin,0.2,1,5,partly traded on BSE,
BHARATRAS,2013-06-20,2013-07-10,13,590021.0,BHARAT RASAYAN LTD.,isin,0.308,4,13,partly traded on BSE,
BHARATRAS,2013-07-11,2013-08-16,23,590021.0,BHARAT RASAYAN LTD.,isin,0.217,5,23,partly traded on BSE,
BHARATRAS,2013-08-16,2013-08-29,8,590021.0,BHARAT RASAYAN LTD.,isin,0.25,2,8,partly traded on BSE,
BHARATRAS,2013-10-04,2013-10-22,10,590021.0,BHARAT RASAYAN LTD.,isin,0.2,2,10,partly traded on BSE,
BHARATRAS,2013-11-01,2013-11-13,7,590021.0,BHARAT RASAYAN LTD.,isin,0.571,4,7,NSE-only gap: BSE traded,
BODALCHEM,2012-07-24,2012-08-01,5,524370.0,BODAL CHEMICALS LTD.,isin,1.0,5,5,NSE-only gap: BSE traded,
BODALCHEM,2012-08-22,2012-08-30,5,524370.0,BODAL CHEMICALS LTD.,isin,1.0,5,5,NSE-only gap: BSE traded,
BODALCHEM,2012-10-16,2012-10-29,7,524370.0,BODAL CHEMICALS LTD.,isin,1.0,7,7,NSE-only gap: BSE traded,
BODALCHEM,2013-03-15,2013-03-25,5,524370.0,BODAL CHEMICALS LTD.,isin,1.0,5,5,NSE-only gap: BSE traded,
BODALCHEM,2013-05-20,2013-05-28,5,524370.0,BODAL CHEMICALS LTD.,isin,1.0,5,5,NSE-only gap: BSE traded,
BODALCHEM,2013-07-05,2013-07-16,6,524370.0,BODAL CHEMICALS LTD.,isin,0.5,3,6,NSE-only gap: BSE traded,
BODALCHEM,2013-08-08,2013-08-21,6,524370.0,BODAL CHEMICALS LTD.,isin,1.0,6,6,NSE-only gap: BSE traded,
BODALCHEM,2013-09-12,2013-10-09,17,524370.0,BODAL CHEMICALS LTD.,isin,1.0,17,17,NSE-only gap: BSE traded,
BODALCHEM,2013-10-29,2013-11-07,6,524370.0,BODAL CHEMICALS LTD.,isin,1.0,6,6,NSE-only gap: BSE traded,
BODALCHEM,2013-11-14,2013-12-04,12,524370.0,BODAL CHEMICALS LTD.,isin,1.0,12,12,NSE-only gap: BSE traded,
BRFL,2022-05-20,2022-06-13,15,532678.0,BOMBAY RAYON,price match,0.0,0,15,no BSE trading either,
CASTROL,2014-02-26,2014-03-14,10,500870.0,CASTROL INDIA LTD.,price match,0.0,0,10,no BSE trading either,
CASTROLIND,2014-02-26,2014-03-14,10,500870.0,CASTROL INDIA LTD.,isin,0.0,0,10,no BSE trading either,
CENTUM,2009-10-28,2009-11-06,5,517544.0,CENTUM ELECTRONICS LTD.,isin (another period),1.0,5,5,NSE-only gap: BSE traded,
CERA,2009-02-17,2009-03-02,7,532443.0,CERA SANITARYWARE LTD.,isin (another period),0.571,4,7,NSE-only gap: BSE traded,
CGCL,2013-08-02,2013-08-13,5,531595.0,CAPRI GLOBAL CAPITAL LIMITED,isin (another period),0.6,3,5,NSE-only gap: BSE traded,
CGCL,2013-08-29,2013-09-11,7,531595.0,CAPRI GLOBAL CAPITAL LIMITED,isin (another period),0.714,5,7,NSE-only gap: BSE traded,
CGCL,2013-09-27,2013-10-09,6,531595.0,CAPRI GLOBAL CAPITAL LIMITED,isin (another period),0.833,5,6,NSE-only gap: BSE traded,
COFFEEDAY,2020-02-01,2020-02-24,14,539436.0,Coffee Day Enterprises Limited,isin,0.0,0,14,no BSE trading either,
COFFEEDAY,2020-08-24,2021-04-26,165,539436.0,Coffee Day Enterprises Limited,isin,0.0,0,165,no BSE trading either,
COFFEEDAY,2025-01-27,2025-02-03,5,539436.0,Coffee Day Enterprises Limited,isin,0.0,0,5,no BSE trading either,
COREEDUTEC,2015-11-26,2015-12-14,11,512199.0,COREEDUTEC,price match,0.0,0,11,no BSE trading either,
DALBHARAT,2019-01-04,2019-01-22,11,542216.0,DALMIA BHARAT LIMITED,isin,0.0,0,11,no BSE trading either,
DONEAR,2013-04-05,2013-04-16,6,512519.0,DONEAR INDUSTRIES LTD.,isin,0.5,3,6,NSE-only gap: BSE traded,
DONEAR,2013-04-25,2013-05-14,12,512519.0,DONEAR INDUSTRIES LTD.,isin,0.833,10,12,NSE-only gap: BSE traded,
DONEAR,2013-05-21,2013-05-29,5,512519.0,DONEAR INDUSTRIES LTD.,isin,1.0,5,5,NSE-only gap: BSE traded,
DONEAR,2013-06-18,2013-06-26,5,512519.0,DONEAR INDUSTRIES LTD.,isin,1.0,5,5,NSE-only gap: BSE traded,
DONEAR,2013-06-26,2013-07-11,10,512519.0,DONEAR INDUSTRIES LTD.,isin,0.4,4,10,partly traded on BSE,
DONEAR,2013-07-11,2013-07-22,6,512519.0,DONEAR INDUSTRIES LTD.,isin,0.833,5,6,NSE-only gap: BSE traded,
DONEAR,2013-07-29,2013-08-14,10,512519.0,DONEAR INDUSTRIES LTD.,isin,0.6,6,10,NSE-only gap: BSE traded,
DONEAR,2013-08-14,2013-08-27,7,512519.0,DONEAR INDUSTRIES LTD.,isin,0.857,6,7,NSE-only gap: BSE traded,
DONEAR,2013-11-08,2013-11-19,5,512519.0,DONEAR INDUSTRIES LTD.,isin,1.0,5,5,NSE-only gap: BSE traded,
DSKULKARNI,2018-03-20,2026-08-03,2072,523890.0,D.S.KULKARNI DEVELOPERS LTD.,isin,0.0,0,2072,no BSE trading either,
DYNAMATECH,2013-07-29,2013-08-12,8,505242.0,DYNAMATIC TECHNOLOGIES LTD.,isin,0.375,3,8,partly traded on BSE,
DYNAMATECH,2013-08-13,2013-08-28,9,505242.0,DYNAMATIC TECHNOLOGIES LTD.,isin,0.889,8,9,NSE-only gap: BSE traded,
E2E,2019-05-24,2019-06-03,5,544783.0,E2E Networks Limited,isin (another period),0.0,0,5,no BSE trading either,
E2E,2019-07-05,2019-07-15,5,544783.0,E2E Networks Limited,isin (another period),0.0,0,5,no BSE trading either,
E2E,2019-11-25,2019-12-03,5,544783.0,E2E Networks Limited,isin (another period),0.0,0,5,no BSE trading either,
E2E,2020-03-27,2020-04-15,8,544783.0,E2E Networks Limited,isin (another period),0.0,0,8,no BSE trading either,
E2E,2020-04-23,2020-05-05,6,544783.0,E2E Networks Limited,isin (another period),0.0,0,6,no BSE trading either,
E2E,2020-05-05,2020-05-19,9,544783.0,E2E Networks Limited,isin (another period),0.0,0,9,no BSE trading either,
E2E,2020-06-24,2020-07-02,5,544783.0,E2E Networks Limited,isin (another period),0.0,0,5,no BSE trading either,
E2E,2020-09-08,2020-09-17,6,544783.0,E2E Networks Limited,isin (another period),0.0,0,6,no BSE trading either,
EDUCOMP,2025-01-27,2025-02-03,5,532696.0,EDUCOMP SOLUTIONS LTD.,isin (another period),0.0,0,5,no BSE trading either,
ELDERPHARM,2016-02-24,2016-03-14,11,532322.0,ELDER PHARMA,price match,0.0,0,11,no BSE trading either,
ERAINFRA,2016-02-24,2016-03-14,11,530323.0,ERA INFRA,price match,0.0,0,11,no BSE trading either,
EROSMEDIA,2024-12-12,2024-12-30,10,533261.0,EROS INTERNATIONAL MEDIA LTD.,isin (another period),0.0,0,10,no BSE trading either,
EROSMEDIA,2025-01-27,2025-02-03,5,533261.0,EROS INTERNATIONAL MEDIA LTD.,isin (another period),0.0,0,5,no BSE trading either,
ESSDEE,2019-07-04,2019-07-29,16,532787.0,ESS DEE ALUM,price match,0.062,1,16,no BSE trading either,
FCONSUMER,2025-01-27,2025-02-03,5,533400.0,Future Consumer Limited,isin (another period),0.0,0,5,no BSE trading either,
FCONSUMER,2026-02-09,2026-03-02,14,533400.0,Future Consumer Limited,isin (another period),0.0,0,14,no BSE trading either,
FEL,2023-09-08,2023-09-18,5,523574.0,Future Enterprises Limited,isin,0.0,0,5,no BSE trading either,
FEL,2023-11-17,2023-11-28,5,523574.0,Future Enterprises Limited,isin,0.0,0,5,no BSE trading either,
FEL,2024-01-15,2024-01-23,5,523574.0,Future Enterprises Limited,isin,0.0,0,5,no BSE trading either,
FILATEX,2013-05-23,2013-06-06,9,526227.0,FILATEX INDIA LTD.,isin (another period),0.556,5,9,NSE-only gap: BSE traded,
FILATEX,2013-06-06,2013-06-19,8,526227.0,FILATEX INDIA LTD.,isin (another period),0.5,4,8,NSE-only gap: BSE traded,
FILATEX,2013-06-19,2013-07-08,12,526227.0,FILATEX INDIA LTD.,isin (another period),0.833,10,12,NSE-only gap: BSE traded,
FILATEX,2013-07-15,2013-07-23,5,526227.0,FILATEX INDIA LTD.,isin (another period),1.0,5,5,NSE-only gap: BSE traded,
FILATEX,2013-07-23,2013-08-01,6,526227.0,FILATEX INDIA LTD.,isin (another period),0.833,5,6,NSE-only gap: BSE traded,
FILATEX,2013-08-27,2013-09-12,10,526227.0,FILATEX INDIA LTD.,isin (another period),0.5,5,10,NSE-only gap: BSE traded,
FILATEX,2013-11-13,2013-11-27,8,526227.0,FILATEX INDIA LTD.,isin (another period),0.5,4,8,NSE-only gap: BSE traded,
FIRSTLEASE,2013-12-09,2014-08-08,165,500145.0,FIRST LEASIN,price match,1.0,165,165,NSE-only gap: BSE traded,
FIRSTLEASE,2014-08-11,2014-12-08,75,,,no NSE close to match,,0,75,not checked: no NSE close to match,
FRETAIL,2022-11-11,2022-11-21,5,540064.0,Future Retail Ltd.,isin (another period),0.0,0,5,no BSE trading either,
FRETAIL,2023-12-29,2024-01-08,5,540064.0,Future Retail Ltd.,isin (another period),0.0,0,5,no BSE trading either,
FRETAIL,2024-01-15,2024-01-23,5,540064.0,Future Retail Ltd.,isin (another period),0.0,0,5,no BSE trading either,
FRETAIL,2024-05-13,2024-05-21,5,540064.0,Future Retail Ltd.,isin (another period),0.0,0,5,no BSE trading either,
GALLANTT,2017-08-07,2017-09-04,17,532726.0,GALLANTT ISPAT LIMITED,isin,0.0,0,17,no BSE trading either,
GALLANTT,2017-09-04,2017-11-06,42,532726.0,GALLANTT ISPAT LIMITED,isin,0.0,0,42,no BSE trading either,
GALLANTT,2017-11-06,2017-12-04,19,532726.0,GALLANTT ISPAT LIMITED,isin,0.0,0,19,no BSE trading either,
GALLANTT,2017-12-04,2018-01-01,18,532726.0,GALLANTT ISPAT LIMITED,isin,0.0,0,18,no BSE trading either,
GAMMNINFRA,2023-03-10,2023-04-03,14,,,no NSE close to match,,0,14,not checked: no NSE close to match,
GAMMONIND,2018-02-22,2018-03-12,10,509550.0,GAMMON INDIA,price match,0.0,0,10,no BSE trading either,
GAYAPROJ,2024-01-15,2024-01-23,5,532767.0,GAYATRI PROJECTS LTD.,isin,0.0,0,5,no BSE trading either,
GAYAPROJ,2024-05-24,2024-06-03,5,532767.0,GAYATRI PROJECTS LTD.,isin,0.0,0,5,no BSE trading either,
GAYAPROJ,2024-10-04,2024-10-14,5,532767.0,GAYATRI PROJECTS LTD.,isin,0.0,0,5,no BSE trading either,
GAYAPROJ,2025-12-08,2026-01-05,18,532767.0,GAYATRI PROJECTS LTD.,isin,0.0,0,18,no BSE trading either,
GITANJALI,2018-09-07,2018-10-01,13,,,no BSE price match,,0,13,not checked: no BSE price match,
GVKPIL,2021-01-15,2021-02-08,14,532708.0,GVK POWER & INFRASTRUCTURE LTD,isin,0.0,0,14,no BSE trading either,
GVKPIL,2021-08-02,2022-08-12,256,532708.0,GVK POWER & INFRASTRUCTURE LTD,isin,0.0,0,256,no BSE trading either,
HDIL,2023-06-09,2023-06-19,5,532873.0,HOUSING DEVELOPMENT & INFRASTR,isin,0.0,0,5,no BSE trading either,
HDIL,2023-11-06,2023-11-13,5,532873.0,HOUSING DEVELOPMENT & INFRASTR,isin,0.0,0,5,no BSE trading either,
HDIL,2024-01-15,2024-01-23,5,532873.0,HOUSING DEVELOPMENT & INFRASTR,isin,0.0,0,5,no BSE trading either,
HDIL,2024-02-09,2024-02-19,5,532873.0,HOUSING DEVELOPMENT & INFRASTR,isin,0.0,0,5,no BSE trading either,
HDIL,2024-02-26,2024-03-04,5,532873.0,HOUSING DEVELOPMENT & INFRASTR,isin,0.0,0,5,no BSE trading either,
HDIL,2024-08-23,2024-09-02,5,532873.0,HOUSING DEVELOPMENT & INFRASTR,isin,0.0,0,5,no BSE trading either,
HDIL,2025-01-27,2025-02-03,5,532873.0,HOUSING DEVELOPMENT & INFRASTR,isin,0.0,0,5,no BSE trading either,
HDIL,2025-04-17,2025-04-28,5,532873.0,HOUSING DEVELOPMENT & INFRASTR,isin,0.0,0,5,no BSE trading either,
ICSA,2019-01-07,2019-01-21,9,,,no NSE close to match,,0,9,not checked: no NSE close to match,
ICSA,2019-02-04,2019-02-18,9,,,no NSE close to match,,0,9,not checked: no NSE close to match,
ICSA,2019-02-18,2019-03-11,13,,,no NSE close to match,,0,13,not checked: no NSE close to match,
ICSA,2019-03-25,2019-04-09,10,,,no NSE close to match,,0,10,not checked: no NSE close to match,
ICSA,2019-10-10,2019-10-29,11,,,no BSE price match,,0,11,not checked: no BSE price match,
ICSA,2020-01-27,2020-02-10,10,,,no NSE close to match,,0,10,not checked: no NSE close to match,
INNOIND,2015-11-26,2015-12-14,11,,,no BSE price match,,0,11,not checked: no BSE price match,
INNOIND,2016-01-18,2016-02-01,8,,,no NSE close to match,,0,8,not checked: no NSE close to match,
INNOIND,2016-03-08,2016-03-28,11,,,no NSE close to match,,0,11,not checked: no NSE close to match,
INNOIND,2016-03-28,2016-05-02,21,,,no NSE close to match,,0,21,not checked: no NSE close to match,
INNOIND,2016-05-30,2016-06-13,9,,,no NSE close to match,,0,9,not checked: no NSE close to match,
IOLCP,2013-07-17,2013-08-12,16,524164.0,IOL CHEMICALS & PHARMACEUTICAL,isin,0.688,11,16,NSE-only gap: BSE traded,
IOLCP,2013-08-13,2013-09-10,17,524164.0,IOL CHEMICALS & PHARMACEUTICAL,isin,0.588,10,17,NSE-only gap: BSE traded,
IOLCP,2013-09-12,2013-10-10,18,524164.0,IOL CHEMICALS & PHARMACEUTICAL,isin,0.667,12,18,NSE-only gap: BSE traded,
IOLCP,2014-01-03,2014-01-15,7,524164.0,IOL CHEMICALS & PHARMACEUTICAL,isin,0.857,6,7,NSE-only gap: BSE traded,
JBFIND,2023-03-10,2023-04-03,14,,,no BSE price match,,0,14,not checked: no BSE price match,
JBMA,2013-04-23,2013-05-07,7,532605.0,JBM AUTO LTD.,isin (another period),0.0,0,7,no BSE trading either,
JBMA,2013-05-17,2013-05-27,5,532605.0,JBM AUTO LTD.,isin (another period),0.4,2,5,partly traded on BSE,
JBMA,2013-06-20,2013-06-28,5,532605.0,JBM AUTO LTD.,isin (another period),0.2,1,5,partly traded on BSE,
JBMA,2013-07-04,2013-07-16,7,532605.0,JBM AUTO LTD.,isin (another period),0.714,5,7,NSE-only gap: BSE traded,
JBMA,2013-07-17,2013-08-01,10,532605.0,JBM AUTO LTD.,isin (another period),0.4,4,10,partly traded on BSE,
JBMA,2013-09-04,2013-09-18,8,532605.0,JBM AUTO LTD.,isin (another period),0.25,2,8,partly traded on BSE,
JMTAUTOLTD,2008-12-30,2009-01-09,6,532343.0,TVS MOTOR COMPANY LTD.,price match (ambiguous),,0,6,not checked: ambiguous BSE match,
JMTAUTOLTD,2009-01-12,2009-01-21,6,,,no NSE close to match,,0,6,not checked: no NSE close to match,
JMTAUTOLTD,2009-04-20,2009-05-04,7,509048.0,LANCOR HOLDINGS LTD.,price match,,0,7,not checked: ISIN mismatch,"NSE INE988E01010,INE988E01028,INE988E01036; BSE code 509048 INE572G01025"
JMTAUTOLTD,2009-06-19,2009-06-30,6,516072.0,VISHNU CHEMICALS LTD.,price match,,0,6,not checked: ISIN mismatch,"NSE INE988E01010,INE988E01028,INE988E01036; BSE code 516072 INE270I01022"
JMTAUTOLTD,2011-08-04,2011-08-16,6,513691.0,JMT AUTO LTD,price match,1.0,6,6,NSE-only gap: BSE traded,
JMTAUTOLTD,2021-12-10,2022-01-03,15,513691.0,JMT AUTO LTD,price match,0.0,0,15,no BSE trading either,
JPINFRATEC,2022-12-09,2022-12-19,5,,,no BSE price match,,0,5,not checked: no BSE price match,
JYOTISTRUC,2019-05-20,2019-06-03,9,513250.0,JYOTI STRUCTURES LTD.,isin,0.0,0,9,no BSE trading either,
JYOTISTRUC,2019-06-03,2019-07-01,18,513250.0,JYOTI STRUCTURES LTD.,isin,0.0,0,18,no BSE trading either,
JYOTISTRUC,2019-07-01,2019-08-05,24,513250.0,JYOTI STRUCTURES LTD.,isin,0.0,0,24,no BSE trading either,
JYOTISTRUC,2019-08-05,2019-09-03,17,513250.0,JYOTI STRUCTURES LTD.,isin,0.0,0,17,no BSE trading either,
JYOTISTRUC,2019-09-03,2019-10-07,21,513250.0,JYOTI STRUCTURES LTD.,isin,0.0,0,21,no BSE trading either,
JYOTISTRUC,2019-10-07,2019-12-02,36,513250.0,JYOTI STRUCTURES LTD.,isin,0.028,1,36,no BSE trading either,
JYOTISTRUC,2019-12-02,2019-12-23,14,513250.0,JYOTI STRUCTURES LTD.,isin,0.0,0,14,no BSE trading either,
JYOTISTRUC,2019-12-23,2020-01-06,8,513250.0,JYOTI STRUCTURES LTD.,isin,0.0,0,8,no BSE trading either,
JYOTISTRUC,2020-01-27,2020-02-03,5,513250.0,JYOTI STRUCTURES LTD.,isin,0.0,0,5,no BSE trading either,
JYOTISTRUC,2020-07-27,2020-08-10,9,513250.0,JYOTI STRUCTURES LTD.,isin,0.0,0,9,no BSE trading either,
JYOTISTRUC,2021-01-08,2021-01-18,5,513250.0,JYOTI STRUCTURES LTD.,isin,0.0,0,5,no BSE trading either,
KBL,2010-03-08,2010-04-20,27,500241.0,KIRLOSKAR BROTHERS LTD.,price match,0.0,0,27,no BSE trading either,
KEMROCK,2016-09-07,2016-10-03,16,,,no BSE price match,,0,16,not checked: no BSE price match,
KEMROCK,2016-10-24,2016-11-01,5,,,no NSE close to match,,0,5,not checked: no NSE close to match,
KEMROCK,2016-11-21,2016-12-05,9,,,no NSE close to match,,0,9,not checked: no NSE close to match,
KEMROCK,2017-01-02,2017-01-16,9,,,no NSE close to match,,0,9,not checked: no NSE close to match,
KEMROCK,2017-01-16,2017-02-06,13,,,no NSE close to match,,0,13,not checked: no NSE close to match,
KEMROCK,2017-02-13,2017-02-27,8,,,no NSE close to match,,0,8,not checked: no NSE close to match,
KIOCL,2016-12-06,2017-02-09,45,540680.0,KIOCL Limited,isin,0.0,0,45,no BSE trading either,
KIOCL,2017-02-09,2017-03-01,12,540680.0,KIOCL Limited,isin,0.0,0,12,no BSE trading either,
KIOCL,2017-03-01,2017-03-16,9,540680.0,KIOCL Limited,isin,0.0,0,9,no BSE trading either,
KIOCL,2017-03-16,2017-03-27,6,540680.0,KIOCL Limited,isin,0.0,0,6,no BSE trading either,
KIRLOSBROS,2010-03-08,2010-04-20,27,500241.0,KIRLOSKAR BROTHERS LTD.,isin (another period),0.0,0,27,no BSE trading either,
KNRCON,2013-07-11,2013-07-22,6,532942.0,KNR CONSTRUCTIONS LTD.,isin (another period),0.0,0,6,no BSE trading either,
KOHINOOR,2020-10-20,2020-11-09,13,512559.0,KOHINOOR FOODS LTD.,isin,0.0,0,13,no BSE trading either,
KOHINOOR,2020-11-09,2020-11-17,5,512559.0,KOHINOOR FOODS LTD.,isin,0.0,0,5,no BSE trading either,
KOHINOOR,2021-05-03,2022-04-06,231,512559.0,KOHINOOR FOODS LTD.,isin,0.0,0,231,no BSE trading either,
LAKSHMIEFL,2018-11-22,2018-12-17,15,,,no BSE price match,,0,15,not checked: no BSE price match,
MAITHANALL,2013-04-18,2013-04-30,5,590078.0,MAITHAN ALLOYS LTD.,isin,0.4,2,5,partly traded on BSE,
MAITHANALL,2013-05-08,2013-05-30,16,590078.0,MAITHAN ALLOYS LTD.,isin,0.875,14,16,NSE-only gap: BSE traded,
MAITHANALL,2013-06-06,2013-06-14,5,590078.0,MAITHAN ALLOYS LTD.,isin,1.0,5,5,NSE-only gap: BSE traded,
MAITHANALL,2013-09-11,2013-09-23,7,590078.0,MAITHAN ALLOYS LTD.,isin,0.857,6,7,NSE-only gap: BSE traded,
MAITHANALL,2013-09-23,2013-10-22,18,590078.0,MAITHAN ALLOYS LTD.,isin,0.889,16,18,NSE-only gap: BSE traded,
MAITHANALL,2013-11-08,2013-11-21,7,590078.0,MAITHAN ALLOYS LTD.,isin,1.0,7,7,NSE-only gap: BSE traded,
MANPASAND,2019-12-11,2019-12-30,11,542865.0,Anuroop Packaging Limited,price match,,0,11,not checked: ISIN mismatch,NSE INE122R01018; BSE code 542865 INE490Z01012
MANPASAND,2020-01-27,2020-02-03,5,,,no NSE close to match,,0,5,not checked: no NSE close to match,
MBAPL,2017-04-21,2017-05-02,5,526717.0,HCP PLASTENE BULKPACK LIMITED,price match,,0,5,not checked: ISIN mismatch,"NSE INE900L01010,INE900L01028; BSE code 526717 INE136C01044"
MBAPL,2017-05-02,2017-05-11,6,,,no BSE price match,,0,6,not checked: no BSE price match,
MBAPL,2017-08-16,2017-09-08,15,523696.0,FORTIS MALAR HOSPITALS LIMITED,price match,,0,15,not checked: ISIN mismatch,"NSE INE900L01010,INE900L01028; BSE code 523696 INE842B01015"
MBAPL,2017-09-21,2017-10-03,6,517548.0,STARLITE COMPONENTS LTD.,price match,,0,6,not checked: ISIN mismatch,"NSE INE900L01010,INE900L01028; BSE code 517548 INE035C01022"
MBAPL,2017-12-19,2018-01-01,7,524412.0,AAREY DRUGS & PHARMACEUTICALS,price match (ambiguous),,0,7,not checked: ambiguous BSE match,
MBAPL,2018-04-30,2018-06-11,28,526853.0,BILCARE LTD.,price match,,0,28,not checked: ISIN mismatch,"NSE INE900L01010,INE900L01028; BSE code 526853 INE986A01012"
MBAPL,2018-11-14,2018-11-22,5,540268.0,TruCap Finance Limited,price match,,0,5,not checked: ISIN mismatch,"NSE INE900L01010,INE900L01028; BSE code 540268 INE615R01029"
MBAPL,2018-11-22,2018-12-04,6,,,no NSE close to match,,0,6,not checked: no NSE close to match,
MBAPL,2018-12-04,2018-12-19,10,,,no NSE close to match,,0,10,not checked: no NSE close to match,
MBAPL,2018-12-19,2019-01-01,7,,,no NSE close to match,,0,7,not checked: no NSE close to match,
MBAPL,2019-05-03,2019-05-23,13,539437.0,IDFC FIRST BANK LIMITED,price match,,0,13,not checked: ISIN mismatch,"NSE INE900L01010,INE900L01028; BSE code 539437 INE092T01019"
MBAPL,2020-03-30,2020-04-09,5,500840.0,EIH LTD.,price match,,0,5,not checked: ISIN mismatch,"NSE INE900L01010,INE900L01028; BSE code 500840 INE230A01023"
MBAPL,2020-04-17,2020-05-11,14,509079.0,GUFIC BIOSCIENCES LTD.,price match,,0,14,not checked: ISIN mismatch,"NSE INE900L01010,INE900L01028; BSE code 509079 INE742B01025"
MBAPL,2020-05-11,2020-05-21,7,,,no NSE close to match,,0,7,not checked: no NSE close to match,
MBAPL,2020-05-26,2020-06-04,6,,,no NSE close to match,,0,6,not checked: no NSE close to match,
METALFORGE,2024-01-15,2024-01-23,5,538857.0,Scintilla Commercial & Credit,price match,,0,5,not checked: ISIN mismatch,NSE INE425A01011; BSE code 538857 INE892C01018
MID-DAY,2013-08-08,2013-08-22,7,,,no NSE close to match,,0,7,not checked: no NSE close to match,
MID-DAY,2013-08-23,2013-09-10,10,,,no NSE close to match,,0,10,not checked: no NSE close to match,
MID-DAY,2013-09-10,2013-10-10,20,,,no NSE close to match,,0,20,not checked: no NSE close to match,
MID-DAY,2013-12-03,2013-12-11,5,,,no NSE close to match,,0,5,not checked: no NSE close to match,
MID-DAY,2021-12-16,2021-12-27,6,,,no NSE close to match,,0,6,not checked: no NSE close to match,
MINDACORP,2012-03-19,2012-06-13,59,538962.0,Minda Corporation Limited,isin (another period),0.0,0,59,no BSE trading either,
MINDACORP,2012-06-13,2012-07-09,17,538962.0,Minda Corporation Limited,isin (another period),0.0,0,17,no BSE trading either,
MINDACORP,2012-07-13,2012-07-25,7,538962.0,Minda Corporation Limited,isin (another period),0.0,0,7,no BSE trading either,
MINDACORP,2012-07-25,2012-08-16,14,538962.0,Minda Corporation Limited,isin (another period),0.0,0,14,no BSE trading either,
MINDACORP,2012-08-16,2012-08-29,7,538962.0,Minda Corporation Limited,isin (another period),0.0,0,7,no BSE trading either,
MINDACORP,2012-08-29,2012-09-21,16,538962.0,Minda Corporation Limited,isin (another period),0.0,0,16,no BSE trading either,
MINDACORP,2012-09-28,2012-10-18,12,538962.0,Minda Corporation Limited,isin (another period),0.0,0,12,no BSE trading either,
MINDACORP,2012-10-18,2012-11-27,25,538962.0,Minda Corporation Limited,isin (another period),0.0,0,25,no BSE trading either,
MINDACORP,2013-03-05,2013-03-25,13,538962.0,Minda Corporation Limited,isin (another period),0.0,0,13,no BSE trading either,
MINDACORP,2013-04-08,2013-05-10,20,538962.0,Minda Corporation Limited,isin (another period),0.0,0,20,no BSE trading either,
MINDACORP,2013-05-21,2013-06-24,23,538962.0,Minda Corporation Limited,isin (another period),0.0,0,23,no BSE trading either,
MINDACORP,2013-06-24,2013-08-29,45,538962.0,Minda Corporation Limited,isin (another period),0.0,0,45,no BSE trading either,
MINDACORP,2013-08-29,2013-09-17,11,538962.0,Minda Corporation Limited,isin (another period),0.0,0,11,no BSE trading either,
MINDACORP,2013-09-17,2013-10-07,12,538962.0,Minda Corporation Limited,isin (another period),0.0,0,12,no BSE trading either,
MINDACORP,2013-10-08,2013-10-18,6,538962.0,Minda Corporation Limited,isin (another period),0.0,0,6,no BSE trading either,
MINDACORP,2013-10-31,2013-11-08,5,538962.0,Minda Corporation Limited,isin (another period),0.0,0,5,no BSE trading either,
MINDACORP,2013-11-21,2014-01-24,44,538962.0,Minda Corporation Limited,isin (another period),0.0,0,44,no BSE trading either,
MINDACORP,2014-01-24,2014-02-21,19,538962.0,Minda Corporation Limited,isin (another period),0.0,0,19,no BSE trading either,
MTEDUCARE,2024-08-30,2024-09-09,5,534312.0,MT EDUCARE LTD.,isin,0.0,0,5,no BSE trading either,
MTEDUCARE,2025-01-27,2025-02-03,5,534312.0,MT EDUCARE LTD.,isin,0.0,0,5,no BSE trading either,
MVL,2017-08-07,2018-01-29,118,,,no BSE price match,,0,118,not checked: no BSE price match,
MVL,2020-01-08,2020-01-27,12,,,no BSE price match,,0,12,not checked: no BSE price match,
MVL,2020-01-27,2020-02-03,5,,,no NSE close to match,,0,5,not checked: no NSE close to match,
NEULANDLAB,2009-02-16,2009-02-25,5,524558.0,NEULAND LABORATORIES LTD.,isin (another period),0.8,4,5,NSE-only gap: BSE traded,
NEXTMEDIA,2013-08-08,2013-08-22,7,532416.0,NEXT MEDIAWORKS LTD.,isin,0.714,5,7,NSE-only gap: BSE traded,
NEXTMEDIA,2013-08-23,2013-09-10,10,532416.0,NEXT MEDIAWORKS LTD.,isin,0.7,7,10,NSE-only gap: BSE traded,
NEXTMEDIA,2013-09-10,2013-10-10,20,532416.0,NEXT MEDIAWORKS LTD.,isin,0.75,15,20,NSE-only gap: BSE traded,
NEXTMEDIA,2013-12-03,2013-12-11,5,532416.0,NEXT MEDIAWORKS LTD.,isin,1.0,5,5,NSE-only gap: BSE traded,
NEXTMEDIA,2021-12-16,2021-12-27,6,532416.0,NEXT MEDIAWORKS LTD.,isin,0.167,1,6,partly traded on BSE,
ONELIFECAP,2019-08-13,2019-08-22,5,533632.0,ONELIFE CAPITAL ADVISORS LTD.,isin,0.2,1,5,partly traded on BSE,
ONELIFECAP,2021-06-11,2021-06-21,5,533632.0,ONELIFE CAPITAL ADVISORS LTD.,isin,0.0,0,5,no BSE trading either,
ONELIFECAP,2021-06-21,2021-07-05,9,533632.0,ONELIFE CAPITAL ADVISORS LTD.,isin,0.0,0,9,no BSE trading either,
ONELIFECAP,2021-07-05,2021-07-27,14,533632.0,ONELIFE CAPITAL ADVISORS LTD.,isin,0.071,1,14,no BSE trading either,
OPTOCIRCUI,2021-11-11,2021-11-29,10,532391.0,OPTO CIRCUIT,price match (ambiguous),,0,10,not checked: ambiguous BSE match,
ORBITCORP,2017-07-18,2017-08-07,13,532837.0,ORBITCO,price match,0.0,0,13,no BSE trading either,
ORBITCORP,2017-08-07,2017-08-21,8,,,no NSE close to match,,0,8,not checked: no NSE close to match,
ORBITCORP,2017-08-21,2017-09-04,8,,,no NSE close to match,,0,8,not checked: no NSE close to match,
ORBITCORP,2017-10-03,2017-10-16,8,,,no NSE close to match,,0,8,not checked: no NSE close to match,
PANAMAPET,2013-10-03,2013-10-11,5,524820.0,PANAMA PETROCHEM LTD.,isin (another period),0.4,2,5,partly traded on BSE,
PROVOGE,2012-03-06,2012-03-26,12,,,no NSE close to match,,0,12,not checked: no NSE close to match,
PROVOGUE,2012-03-06,2012-03-26,12,532647.0,PROVOGUE IND,price match,0.0,0,12,no BSE trading either,
PSL,2020-05-18,2020-06-01,8,,,no NSE close to match,,0,8,not checked: no NSE close to match,
PUNJABCHEM,2013-08-27,2013-09-05,6,506618.0,PUNJAB CHEMICALS AND CROP PROT,isin,0.833,5,6,NSE-only gap: BSE traded,
PVP,2019-04-08,2019-04-30,12,517556.0,PVP VENTURES LTD.,isin,0.0,0,12,no BSE trading either,
PVP,2019-10-29,2021-07-22,431,517556.0,PVP VENTURES LTD.,isin,0.0,0,431,no BSE trading either,
RASOYPR,2012-05-08,2012-05-18,7,531522.0,RASOYA PROTE,price match (ambiguous),,0,7,not checked: ambiguous BSE match,
RASOYPR,2012-07-04,2012-07-13,6,507522.0,MOUNTT SHIV.,price match (ambiguous),,0,6,not checked: ambiguous BSE match,
RASOYPR,2017-08-07,2017-10-03,37,,,no BSE price match,,0,37,not checked: no BSE price match,
RASOYPR,2017-10-03,2017-11-06,22,,,no NSE close to match,,0,22,not checked: no NSE close to match,
RASOYPR,2017-11-06,2017-12-04,19,,,no NSE close to match,,0,19,not checked: no NSE close to match,
RASOYPR,2017-12-04,2018-01-01,18,,,no NSE close to match,,0,18,not checked: no NSE close to match,
RASOYPR,2018-01-01,2018-02-05,23,,,no NSE close to match,,0,23,not checked: no NSE close to match,
RASOYPR,2018-02-05,2018-03-05,17,,,no NSE close to match,,0,17,not checked: no NSE close to match,
RASOYPR,2018-03-05,2018-04-02,17,,,no NSE close to match,,0,17,not checked: no NSE close to match,
RASOYPR,2018-04-02,2018-05-07,23,,,no NSE close to match,,0,23,not checked: no NSE close to match,
RASOYPR,2018-05-07,2018-06-04,19,,,no NSE close to match,,0,19,not checked: no NSE close to match,
RASOYPR,2018-06-04,2018-07-02,19,,,no NSE close to match,,0,19,not checked: no NSE close to match,
RASOYPR,2018-07-02,2018-08-06,24,,,no NSE close to match,,0,24,not checked: no NSE close to match,
RASOYPR,2018-08-06,2018-09-03,17,,,no NSE close to match,,0,17,not checked: no NSE close to match,
RASOYPR,2018-09-03,2018-11-05,40,,,no NSE close to match,,0,40,not checked: no NSE close to match,
RCOM,2024-01-15,2024-01-23,5,532712.0,RELIANCE COMMUNICATIONS LTD.,isin,0.0,0,5,no BSE trading either,
RCOM,2024-02-09,2024-02-19,5,532712.0,RELIANCE COMMUNICATIONS LTD.,isin,0.0,0,5,no BSE trading either,
RCOM,2024-02-26,2024-03-04,5,532712.0,RELIANCE COMMUNICATIONS LTD.,isin,0.0,0,5,no BSE trading either,
RCOM,2025-05-30,2025-06-09,5,532712.0,RELIANCE COMMUNICATIONS LTD.,isin,0.0,0,5,no BSE trading either,
REFEX,2013-04-05,2013-04-15,5,532884.0,REFEX INDUSTRIES LTD.,isin (another period),0.4,2,5,partly traded on BSE,
REFEX,2013-05-22,2013-06-27,25,532884.0,REFEX INDUSTRIES LTD.,isin (another period),0.48,12,25,partly traded on BSE,
REFEX,2013-06-27,2013-07-29,21,532884.0,REFEX INDUSTRIES LTD.,isin (another period),0.667,14,21,NSE-only gap: BSE traded,
REFEX,2013-07-29,2013-08-06,5,532884.0,REFEX INDUSTRIES LTD.,isin (another period),0.2,1,5,partly traded on BSE,
REFEX,2013-08-06,2013-08-26,11,532884.0,REFEX INDUSTRIES LTD.,isin (another period),0.545,6,11,NSE-only gap: BSE traded,
REFEX,2013-08-26,2013-09-06,8,532884.0,REFEX INDUSTRIES LTD.,isin (another period),0.5,4,8,NSE-only gap: BSE traded,
REFEX,2013-09-06,2013-10-23,29,532884.0,REFEX INDUSTRIES LTD.,isin (another period),0.655,19,29,NSE-only gap: BSE traded,
REFEX,2013-10-23,2013-11-11,12,532884.0,REFEX INDUSTRIES LTD.,isin (another period),0.583,7,12,NSE-only gap: BSE traded,
REIAGROLTD,2017-08-07,2017-09-04,17,,,no BSE price match,,0,17,not checked: no BSE price match,
REIAGROLTD,2017-09-04,2017-10-03,19,,,no NSE close to match,,0,19,not checked: no NSE close to match,
RELCAPITAL,2023-07-07,2023-07-17,5,500111.0,REL.CAP.,price match,0.0,0,5,no BSE trading either,
RELCAPITAL,2023-09-08,2023-09-18,5,500111.0,REL.CAP.,price match,0.0,0,5,no BSE trading either,
RELCAPITAL,2024-01-15,2024-01-23,5,500111.0,REL.CAP.,price match,0.0,0,5,no BSE trading either,
RESPONIND,2011-06-13,2011-06-23,7,505509.0,RESPONSIVE INDUSTRIES LTD.,isin,1.0,7,7,NSE-only gap: BSE traded,
RHFL,2026-03-13,2026-03-23,5,540709.0,Reliance Home Finance Limited,isin,0.0,0,5,no BSE trading either,
ROLTA,2023-06-09,2023-06-19,5,500366.0,ROLTA INDIA LTD.,isin (another period),0.0,0,5,no BSE trading either,
ROLTA,2023-11-06,2023-11-13,5,500366.0,ROLTA INDIA LTD.,isin (another period),0.0,0,5,no BSE trading either,
ROLTA,2024-01-15,2024-01-23,5,500366.0,ROLTA INDIA LTD.,isin (another period),0.0,0,5,no BSE trading either,
ROLTA,2024-02-09,2024-02-19,5,500366.0,ROLTA INDIA LTD.,isin (another period),0.0,0,5,no BSE trading either,
ROLTA,2024-02-26,2024-03-04,5,500366.0,ROLTA INDIA LTD.,isin (another period),0.0,0,5,no BSE trading either,
ROLTA,2024-05-13,2024-05-21,5,500366.0,ROLTA INDIA LTD.,isin (another period),0.0,0,5,no BSE trading either,
ROLTA,2024-08-23,2024-09-02,5,500366.0,ROLTA INDIA LTD.,isin (another period),0.0,0,5,no BSE trading either,
ROLTA,2025-01-03,2025-01-13,5,500366.0,ROLTA INDIA LTD.,isin (another period),0.0,0,5,no BSE trading either,
ROLTA,2025-01-27,2025-02-03,5,500366.0,ROLTA INDIA LTD.,isin (another period),0.0,0,5,no BSE trading either,
RTNINDIA,2020-03-16,2020-03-24,5,534597.0,RATTANINDIA ENTERPRISES LIMITE,isin (another period),0.0,0,5,no BSE trading either,
RUPA,2013-04-04,2013-04-12,5,533552.0,RUPA & COMPANY LTD.,isin,1.0,5,5,NSE-only gap: BSE traded,
RUPA,2013-05-08,2013-05-16,6,533552.0,RUPA & COMPANY LTD.,isin,1.0,6,6,NSE-only gap: BSE traded,
RUPA,2013-09-20,2013-10-04,8,533552.0,RUPA & COMPANY LTD.,isin,0.375,3,8,partly traded on BSE,
RUPA,2013-11-29,2013-12-30,19,533552.0,RUPA & COMPANY LTD.,isin,0.421,8,19,partly traded on BSE,
SAGCEM,2013-09-04,2013-10-10,23,502090.0,SAGAR CEMENTS LTD.,isin (another period),1.0,23,23,NSE-only gap: BSE traded,
SAKSOFT,2008-11-05,2008-11-14,5,590051.0,SAKSOFT LTD.,isin (another period),0.4,2,5,partly traded on BSE,
SAKSOFT,2008-11-21,2008-12-11,11,590051.0,SAKSOFT LTD.,isin (another period),0.364,4,11,partly traded on BSE,
SAKSOFT,2009-01-06,2009-01-16,6,590051.0,SAKSOFT LTD.,isin (another period),0.5,3,6,NSE-only gap: BSE traded,
SAKSOFT,2009-01-20,2009-02-04,9,590051.0,SAKSOFT LTD.,isin (another period),0.667,6,9,NSE-only gap: BSE traded,
SAKSOFT,2009-02-10,2009-02-24,8,590051.0,SAKSOFT LTD.,isin (another period),0.429,3,7,partly traded on BSE,
SAKSOFT,2013-07-09,2013-07-19,7,590051.0,SAKSOFT LTD.,isin (another period),0.571,4,7,NSE-only gap: BSE traded,
SAKSOFT,2013-07-30,2013-08-23,15,590051.0,SAKSOFT LTD.,isin (another period),0.4,6,15,partly traded on BSE,
SAKSOFT,2013-08-27,2013-09-04,5,590051.0,SAKSOFT LTD.,isin (another period),0.2,1,5,partly traded on BSE,
SAKSOFT,2013-09-20,2013-10-22,19,590051.0,SAKSOFT LTD.,isin (another period),0.684,13,19,NSE-only gap: BSE traded,
SAKSOFT,2013-12-09,2013-12-17,5,590051.0,SAKSOFT LTD.,isin (another period),1.0,5,5,NSE-only gap: BSE traded,
SECURKLOUD,2019-11-01,2019-11-25,14,512161.0,SECUREKLOUD TECHNOLOGIES LIMIT,isin (another period),0.0,0,14,no BSE trading either,
SECURKLOUD,2020-01-27,2020-02-03,5,512161.0,SECUREKLOUD TECHNOLOGIES LIMIT,isin (another period),0.0,0,5,no BSE trading either,
SECURKLOUD,2020-05-26,2020-09-07,73,512161.0,SECUREKLOUD TECHNOLOGIES LIMIT,isin (another period),0.0,0,73,no BSE trading either,
SHLAKSHMI,2013-08-01,2013-08-12,5,532150.0,INDRAPRASTHA MEDICAL CORP.LTD.,price match,,0,5,not checked: ISIN mismatch,NSE INE851B01016; BSE code 532150 INE681B01017
SHLAKSHMI,2015-08-19,2015-09-02,9,,,no BSE price match,,0,9,not checked: no BSE price match,
SHLAKSHMI,2015-09-08,2015-12-21,67,531661.0,HITTCO TOOLS LTD.,price match,,0,67,not checked: ISIN mismatch,NSE INE851B01016; BSE code 531661 INE863C01019
SHLAKSHMI,2015-12-21,2016-01-04,8,,,no NSE close to match,,0,8,not checked: no NSE close to match,
SHLAKSHMI,2016-01-04,2016-01-25,14,,,no NSE close to match,,0,14,not checked: no NSE close to match,
SHLAKSHMI,2016-01-25,2016-03-21,37,,,no NSE close to match,,0,37,not checked: no NSE close to match,
SHRENUJ,2017-03-24,2017-04-17,13,,,no BSE price match,,0,13,not checked: no BSE price match,
SINTEX,2022-03-21,2022-12-12,180,502742.0,SINTEX IND.,price match,0.0,0,180,no BSE trading either,
SIRPAPER,2013-05-20,2013-06-03,9,517168.0,SUBROS LTD.,price match (ambiguous),,0,9,not checked: ambiguous BSE match,
SIRPAPER,2013-08-16,2013-08-28,7,500246.0,ENVAIR ELECTRODYNE LTD.,price match (ambiguous),,0,7,not checked: ambiguous BSE match,
SIRPAPER,2015-08-13,2015-08-25,7,,,no BSE price match,,0,7,not checked: no BSE price match,
SIRPAPER,2015-09-09,2016-01-11,80,532339.0,COMPUCOM SOFTWARE LTD.,price match,,0,80,not checked: ISIN mismatch,NSE INE202C01010; BSE code 532339 INE453B01029
SIRPAPER,2016-01-11,2016-02-29,33,,,no NSE close to match,,0,33,not checked: no NSE close to match,
SIRPAPER,2016-03-08,2016-03-21,8,,,no NSE close to match,,0,8,not checked: no NSE close to match,
SITINET,2023-06-30,2023-07-10,5,532795.0,Siti Networks Ltd.,isin,0.0,0,5,no BSE trading either,
SITINET,2024-01-12,2024-01-23,6,532795.0,Siti Networks Ltd.,isin,0.0,0,6,no BSE trading either,
SITINET,2024-05-13,2024-05-21,5,532795.0,Siti Networks Ltd.,isin,0.0,0,5,no BSE trading either,
SOMANYCERA,2008-04-08,2008-04-17,5,531548.0,SOMANY CERAMICS LTD.,isin (another period),1.0,5,5,NSE-only gap: BSE traded,
SOMANYCERA,2009-04-27,2009-05-07,5,531548.0,SOMANY CERAMICS LTD.,isin (another period),0.8,4,5,NSE-only gap: BSE traded,
SPLPETRO,2022-04-06,2022-05-24,30,500405.0,SUPREME PETROCHEM LTD.,isin,0.0,0,30,no BSE trading either,
SPTL,2023-11-10,2023-11-20,5,,,no BSE price match,,0,5,not checked: no BSE price match,
SPTL,2024-01-15,2024-01-23,5,542844.0,Nippon India Mutual Fund,price match,,0,5,not checked: ISIN mismatch,NSE INE501W01021; BSE code 542844 INF204KB16G1
SPTL,2024-05-13,2024-05-21,5,,,no NSE close to match,,0,5,not checked: no NSE close to match,
SREINFRA,2022-09-09,2022-09-19,5,523756.0,SREIINFRA,price match,0.0,0,5,no BSE trading either,
SREINFRA,2023-02-17,2023-02-27,5,,,no BSE price match,,0,5,not checked: no BSE price match,
STERLINBIO,2018-04-17,2018-05-07,12,,,no BSE price match,,0,12,not checked: no BSE price match,
SUBEXLTD,2020-10-21,2020-11-05,10,532348.0,SUBEX LTD.,isin,0.0,0,10,no BSE trading either,
SUDARSCHEM,2008-03-03,2008-03-12,5,506655.0,SUDARSHAN CHEMICAL INDUSTRIES,isin (another period),1.0,5,5,NSE-only gap: BSE traded,
SUDARSCHEM,2008-04-08,2008-04-17,5,506655.0,SUDARSHAN CHEMICAL INDUSTRIES,isin (another period),1.0,5,5,NSE-only gap: BSE traded,
SUDARSCHEM,2008-06-16,2008-06-25,6,506655.0,SUDARSHAN CHEMICAL INDUSTRIES,isin (another period),0.833,5,6,NSE-only gap: BSE traded,
SUDARSCHEM,2008-07-04,2008-07-16,7,506655.0,SUDARSHAN CHEMICAL INDUSTRIES,isin (another period),0.857,6,7,NSE-only gap: BSE traded,
SUPPETRO,2022-04-06,2022-05-24,30,500405.0,SUPREME PETROCHEM LTD.,price match,0.0,0,30,no BSE trading either,
SUPREMEINF,2021-01-15,2021-02-08,14,532904.0,SUPREME INFRASTRUCTURE INDIA L,isin,0.0,0,14,no BSE trading either,
SUPREMEINF,2021-08-02,2021-11-02,62,532904.0,SUPREME INFRASTRUCTURE INDIA L,isin,0.0,0,62,no BSE trading either,
SWANDEF,2025-05-09,2025-05-19,5,533107.0,SWAN DEFENCE AND HEAVY INDUSTR,isin,0.0,0,5,no BSE trading either,
TATAMTRDVR,2009-02-03,2009-02-19,11,570001.0,TATA MOTORS LTD - DVR,isin (another period),0.0,0,10,no BSE trading either,
TATAMTRDVR,2009-03-02,2009-03-16,7,570001.0,TATA MOTORS LTD - DVR,isin (another period),0.571,4,7,NSE-only gap: BSE traded,
TATAMTRDVR,2009-03-27,2009-04-09,6,570001.0,TATA MOTORS LTD - DVR,isin (another period),0.333,2,6,partly traded on BSE,
TATAMTRDVR,2009-05-11,2009-05-19,5,570001.0,TATA MOTORS LTD - DVR,isin (another period),0.0,0,4,no BSE trading either,
TIIL,2013-06-11,2013-06-19,5,532804.0,TECHNOCRAFT INDUSTRIES (INDIA),isin,1.0,5,5,NSE-only gap: BSE traded,
TIPSMUSIC,2013-09-05,2013-09-17,6,532375.0,TIPS MUSIC LIMITED,isin (another period),1.0,6,6,NSE-only gap: BSE traded,
TIPSMUSIC,2013-10-24,2013-11-05,7,532375.0,TIPS MUSIC LIMITED,isin (another period),0.571,4,7,NSE-only gap: BSE traded,
TIPSMUSIC,2013-12-19,2014-01-06,10,532375.0,TIPS MUSIC LIMITED,isin (another period),0.8,8,10,NSE-only gap: BSE traded,
TULIP,2014-09-08,2014-09-29,14,531419.0,GOPLEE INFOT,price match,0.857,12,14,NSE-only gap: BSE traded,
TULIP,2015-02-23,2015-03-02,5,,,no NSE close to match,,0,5,not checked: no NSE close to match,
UBHOLDINGS,2017-09-07,2017-09-25,11,507458.0,UNITED BREWE,price match,0.0,0,11,no BSE trading either,
VINDHYATEL,2009-01-29,2009-02-09,6,517015.0,VINDHYA TELELINKS LTD.,isin (another period),0.5,3,6,NSE-only gap: BSE traded,
VINDHYATEL,2013-04-05,2013-04-16,6,517015.0,VINDHYA TELELINKS LTD.,isin,0.5,3,6,NSE-only gap: BSE traded,
VINDHYATEL,2013-05-16,2013-05-24,5,517015.0,VINDHYA TELELINKS LTD.,isin,0.6,3,5,NSE-only gap: BSE traded,
VINDHYATEL,2013-05-31,2013-06-10,5,517015.0,VINDHYA TELELINKS LTD.,isin,0.4,2,5,partly traded on BSE,
VINDHYATEL,2013-08-16,2013-08-26,5,517015.0,VINDHYA TELELINKS LTD.,isin,0.0,0,5,no BSE trading either,
VINDHYATEL,2013-10-15,2013-10-28,7,517015.0,VINDHYA TELELINKS LTD.,isin,0.714,5,7,NSE-only gap: BSE traded,
WEBELSOLAR,2013-05-27,2013-06-06,7,517498.0,WEBSOL ENERGY SYSTEM LTD.,isin,0.857,6,7,NSE-only gap: BSE traded,
WEBELSOLAR,2013-08-08,2013-08-29,12,517498.0,WEBSOL ENERGY SYSTEM LTD.,isin,1.0,12,12,NSE-only gap: BSE traded,
WEBELSOLAR,2014-01-08,2014-01-16,5,517498.0,WEBSOL ENERGY SYSTEM LTD.,isin,1.0,5,5,NSE-only gap: BSE traded,
ZODIACLOTH,2013-08-14,2013-08-29,9,521163.0,ZODIAC CLOTHING CO.LTD.,isin,0.889,8,9,NSE-only gap: BSE traded,
