date,file,indices,title
2026-09-15,ind_prs15092026,N50," September 15, 2026 Replacements in indices The Index Maintenance Sub-Committee (Equity) of NSE Indices Limite"
2026-09-03,ind_prs03092026,S250," September 03, 2026 Corporate Action Adjustment for HEG Ltd. in Nifty indices NSE vide its circular NSE/CML/76"
2026-08-10,ind_prs10082026,"N50,NN50,M150,S250,MC250"," August 10, 2026 Replacements in indices The Index Maintenance Sub-Committee (Equity) of NSE Indices Limited h"
2026-07-20,ind_prs20072026,MC250," July 20, 2026 Exclusion of Allcargo Global Ltd. from Nifty Indices NSE Indices Limited vide its press release"
2026-07-17,ind_prs17072026,MC250," July 17, 2026 Corporate Action Adjustment for Triveni Engineering & Industries Ltd. in Nifty indices and Incl"
2026-06-22,ind_prs22062026,NN50," June 22, 2026 Exclusion of Vedanta Oil and Gas Ltd. from Nifty Indices NSE Indices Limited vide its press rel"
2026-06-19,ind_prs19062026,NN50," June 19, 2026 Exclusion of Vedanta Aluminium Metal Ltd. from Nifty Indices NSE Indices Limited vide its press"
2026-06-17,ind_prs17062026,NN50," June 17, 2026 Exclusion of Vedanta Power Ltd. and Vedanta Iron and Steel Ltd. from Nifty Indices NSE Indices "
2026-06-10,ind_prs10062026,"M150,S250"," June 10, 2026 Revision in criteria and replacements in indices The Index Maintenance Sub-Committee (Equity) o"
2026-06-04,ind_prs04062026,M150," June 04, 2026 NSE Indices launches three hybrid indices NSE’s index services subsidiary, NSE Indices Limited "
2026-05-27,ind_prs27052026,"N50,NN50"," May 27, 2026 Higher frequency for real time index dissemination This is further to the press release dated Ap"
2026-05-08,ind_prs08052026,MC250," May 08, 2026 Replacement in indices The Index Maintenance Sub-Committee (Equity) of NSE Indices Limited has d"
2026-05-04,ind_prs04052026,"S250,MC250"," May 04, 2026 Replacement in indices The Index Maintenance Sub-Committee (Equity) of NSE Indices Limited has d"
2026-04-23,ind_prs23042026,"N50,NN50"," April 23, 2026 Corporate Action Adjustment for Vedanta Ltd. and Replacement in Nifty indices A. Corporate Act"
2026-04-22,ind_prs22042026,N50," April 22, 2026 Higher frequency for real time index dissemination of Nifty 50 The flagship 'Nifty 50' index i"
2026-02-23,ind_prs23022026,"N50,NN50,M150,S250,MC250"," February 23, 2026 Replacements in indices The Index Maintenance Sub-Committee (Equity) of NSE Indices Limited"
2026-02-04,ind_prs04022026,"M150,S250"," February 04, 2026 NSE Indices launches Nifty MidSmallcap400 50:50 Index NSE’s index services subsidiary, NSE "
2026-01-23,ind_prs23012026,M150," January 23, 2026 NSE Indices launches Nifty Smallcap 500 Index NSE’s index services subsidiary, NSE Indices L"
2025-12-23,ind_prs23122025,MC250," December 23, 2025 Replacement in indices NSE vide its circular NSE/CML/71805 dated December 15, 2025 has anno"
2025-12-11,ind_prs11122025,"M150,S250"," December 11, 2025 Replacements in indices The Index Maintenance Sub-Committee (Equity) of NSE Indices Limited"
2025-11-26,ind_prs26112025,S250," November 26, 2025 Exclusion of Advent Hotels International Ltd. from Nifty indices NSE Indices Limited vide i"
2025-11-07,ind_prs07112025,MC250," November 07, 2025 Corporate Action Adjustment for Allcargo Logistics Ltd. in Nifty indices NSE vide its circu"
2025-10-20,ind_prs20102025,MC250," October 20, 2025 Replacement in indices The Index Maintenance Sub-Committee (Equity) of NSE Indices Limited h"
2025-10-10,ind_prs10102025,S250," October 10, 2025 Corporate Action Adjustment for SKF India Ltd. in Nifty indices NSE vide its circular NSE/CM"
2025-09-22,ind_prs22092025,MC250," September 22, 2025 Exclusion of STL Networks Ltd. from Nifty indices NSE Indices Limited vide its press relea"
2025-08-22,ind_prs22082025,"N50,NN50,M150,S250,MC250"," August 22, 2025 Replacements in indices The Index Maintenance Sub-Committee (Equity) of NSE Indices Limited h"
2025-07-15,ind_prs15072025,S250," July 15, 2025 Corporate Action Adjustment for Valor Estate Ltd. in Nifty indices and Replacement in Nifty IPO"
2025-07-08,ind_prs08072025,S250," July 08, 2025 Exclusion of Raymond Realty Ltd. from Nifty indices NSE Indices Limited vide its press release "
2025-06-06,ind_prs06062025,"M150,S250"," June 06, 2025 Replacements in indices The Index Maintenance Sub-Committee (Equity) of NSE Indices Limited has"
2025-05-19,ind_prs19052025,M150," May 19, 2025 Corporate Action Adjustment for Aditya Birla Fashion and Retail Ltd. in Nifty indices NSE vide i"
2025-05-09,ind_prs09052025,S250," May 09, 2025 Corporate Action Adjustment for Raymond Ltd. in Nifty indices NSE vide its circular NSE/CML/6793"
2025-04-21,ind_prs21042025,MC250," April 21, 2025 Corporate Action Adjustment for Sterlite Technologies Ltd. in Nifty indices NSE vide its circu"
2025-04-08,ind_prs08042025,N50," April 08, 2025 11 new Passive Funds tracking Nifty Indices launched in Japan and Korea in FY 2024-25 In FY 20"
2025-04-04,ind_prs04042025,"M150,S250"," April 04, 2025 NSE Indices launches Nifty500 Flexicap Quality 30 Index NSE’s index services subsidiary, NSE I"
2025-04-02,ind_prs02042025,NN50," April 02, 2025 Corporate Action Adjustment for Siemens Ltd. in Nifty indices NSE vide its circular NSE/CMTR/6"
2025-03-17,ind_prs17032025,"S250,MC250"," March 17, 2025 Replacement in indices NSE vide its circular NSE/CML/67118 dated March 13, 2025 has announced "
2025-03-06,ind_prs06032025,MC250," March 06, 2025 Replacement in indices The Index Maintenance Sub-Committee (Equity) of NSE Indices Limited has"
2025-02-21,ind_prs21022025,"N50,NN50,M150,S250,MC250"," February 21, 2025 Replacements in indices The Index Maintenance Sub-Committee (Equity) of NSE Indices Limited"
2024-12-11,ind_prs11122024,"M150,S250"," December 11, 2024 Replacements in indices and revision in criteria The Index Maintenance Sub-Committee (Equit"
2024-10-22,ind_prs22102024,N50," October 22, 2024 NSE Indices launches Nifty Top 20 Equal Weight Index NSE’s index services subsidiary, NSE In"
2024-10-15,ind_prs15102024,N50," October 15, 2024 NSE Indices launches Nifty Top 15 Equal Weight Index NSE’s index services subsidiary, NSE In"
2024-10-10,ind_prs10102024,S250," October 10, 2024 Replacement in indices The Index Maintenance Sub-Committee (Equity) of NSE Indices Limited h"
2024-10-04,ind_prs04102024,S250," October 04, 2024 Replacement in indices The Index Maintenance Sub-Committee (Equity) of NSE Indices Limited h"
2024-09-25,ind_prs25092024,"M150,S250"," September 25, 2024 Replacements in indices The Index Maintenance Sub-Committee (Equity) of NSE Indices Limite"
2024-09-23,ind_prs23092024,MC250," September 23, 2024 Replacements in indices and revision in guideline for calculation of ‘Investable Weight Fa"
2024-09-19,ind_prs19092024,S250," September 19, 2024 Exclusion of Sanofi Consumer Healthcare India Ltd. from Nifty indices NSE Indices Limited "
2024-09-13,ind_prs13092024,S250," September 13, 2024 Exclusion of Raymond Lifestyle Ltd. from Nifty indices NSE Indices Limited vide its press "
2024-09-06,ind_prs06092024,MC250," September 06, 2024 Corporate Adjustment for Infibeam Avenues Ltd. in Nifty indices NSE vide its circular NSE/"
2024-09-04,ind_prs04092024,"M150,S250"," September 04, 2024 NSE Indices launches Nifty500 Multicap Momentum Quality 50 index NSE’s index services subs"
2024-08-27,ind_prs27082024,MC250," August 27, 2024 Replacement in indices The Index Maintenance Sub-Committee (Equity) of NSE Indices Limited ha"
2024-08-23,ind_prs23082024,"N50,NN50,M150,S250,MC250"," August 23, 2024 Replacements in indices and revision in criteria The Index Maintenance Sub-Committee (Equity)"
2024-07-05,ind_prs05072024,S250," July 05, 2024 Corporate Adjustment for Raymond Ltd. in Nifty indices NSE vide its circular NSE/CML/62751 date"
2024-06-24,ind_prs24062024,N50," June 24, 2024 NSE Indices launches Nifty Top 10 Equal Weight Index NSE’s index services subsidiary, NSE Indic"
2024-06-07,ind_prs07062024,"M150,S250"," June 07, 2024 Replacements in indices The Index Maintenance Sub-Committee (Equity) of NSE Indices Limited has"
2024-04-24,ind_prs24042024,MC250," April 24, 2024 Replacement in indices NSE vide its circular NSE/CML/61602 dated April 15, 2024 has announced "
2024-03-28,ind_prs28032024,N50," March 28, 2024 NSE Indices wins ‘2024 Best of the Best Awards’ by Asia Asset Management for Index Provider of"
2024-03-19,ind_prs19032024,"N50,M150,S250"," March 19, 2024 Replacements in indices The Index Maintenance Sub-Committee (Equity) of NSE Indices Limited ha"
2024-02-28,ind_prs28022024,"N50,NN50,M150,S250,MC250"," February 28, 2024 Replacements in indices The Index Maintenance Sub-Committee (Equity) of NSE Indices Limited"
2024-02-26,ind_prs26022024,"M150,S250"," February 26, 2024 Revision in methodology of Nifty equity indices The Index Maintenance Sub-Committee (Equity"
2024-02-15,ind_prs15022024,N50," February 15, 2024 Higher frequency for real time index dissemination NSE Indices computes over 380 indices (e"
2024-02-08,ind_prs08022024,"M150,S250"," February 08, 2024 NSE Indices launches Nifty MidSmallcap400 Momentum Quality 100 index NSE’s index services s"
2024-01-30,ind_prs30012024,MC250," January 30, 2024 Replacement in indices The Index Maintenance Sub-Committee (Equity) of NSE Indices Limited h"
2024-01-10,ind_prs10012024,MC250," January 10, 2024 Replacement in indices The Index Maintenance Sub-Committee (Equity) of NSE Indices Limited h"
2023-12-21,ind_prs21122023,S250," December 21, 2023 NSE Indices launches Nifty Smallcap250 Momentum Quality 100 index NSE’s index services subs"
2023-12-20,ind_prs20122023,N50," December 20, 2023 New Passive Funds tracking Nifty Indices launched in Japan and Korea 7 new Passive Funds la"
2023-12-07,ind_prs07122023,"M150,S250"," December 07, 2023 Replacements in indices The Index Maintenance Sub-Committee (Equity) of NSE Indices Limited"
2023-12-05,ind_prs05122023,N50," December 05, 2023 NSE Indices launches new variant of the Nifty 50 index – the Nifty 50 Net Total Return (NTR"
2023-10-17,ind_prs17102023,"S250,MC250"," October 17, 2023 Replacements in indices The Index Maintenance Sub-Committee (Equity) of NSE Indices Limited "
2023-08-17,ind_prs17082023,"N50,NN50,M150,S250,MC250"," August 17, 2023 Replacements in indices and revision in criteria The Index Maintenance Sub-Committee (Equity)"
2023-08-07,ind_prs07082023,N50," August 07, 2023 Revision in Nifty Fixed Income indices The Index Maintenance Sub-Committee (Debt) of NSE Indi"
2023-07-04,ind_prs04072023,"N50,NN50,M150"," July 04, 2023 Replacement in indices The Index Maintenance Sub-Committee (Equity) of NSE Indices Limited has "
2023-06-09,ind_prs09062023,"M150,S250"," June 09, 2023 Replacements in indices The Index Maintenance Sub-Committee (Equity) of NSE Indices Limited has"
2023-04-19,ind_prs19042023,N50," April 19, 2023 NSE Indices launches two new multi asset indices NSE Indices Limited, a wholly owned subsidiar"
2023-03-22,ind_prs22032023,"N50,NN50"," March 22, 2023 Revision in Nifty Next 50 index methodology The Nifty Next 50 index represents the balance 50 "
2022-12-22,ind_prs22122022,"S250,MC250"," December 22, 2022 Replacements in indices The Index Maintenance Sub-Committee (Equity) of NSE Indices Limited"
2022-12-06,ind_prs06122022,"M150,S250,MC250"," December 06, 2022 Replacements in indices The Index Maintenance Sub-Committee (Equity) of NSE Indices Limited"
2022-10-20,ind_prs20102022,MC250," October 20, 2022 Replacements in indices NSE vide its circular NSE/CML/54037 dated October 12, 2022 has annou"
2022-09-16,ind_prs16092022,"S250,MC250"," September 16, 2022 Replacements in indices The Index Maintenance Sub-Committee (Equity) of NSE Indices Limite"
2022-09-01,ind_prs01092022,"N50,NN50,M150,S250,MC250"," September 01, 2022 Replacements in indices The Index Maintenance Sub-Committee (Equity) of NSE Indices Limite"
2022-08-16,ind_prs16082022,M150," August 16, 2022 NSE Indices launches Nifty Midcap150 Momentum 50 Index NSE’s index services subsidiary, NSE I"
2022-07-11,ind_prs11072022,"NN50,M150,S250"," July 11, 2022 Replacements in indices The Index Maintenance Sub-Committee (Equity) of NSE Indices Limited has"
2022-06-15,ind_prs15062022,M150," June 15, 2022 Replacements in indices The Index Maintenance Sub-Committee - Equity of NSE Indices Limited has"
2022-05-24,ind_prs24052022,"S250,MC250"," May 24, 2022 Replacement in indices The Index Maintenance Sub-Committee - Equity of NSE Indices Limited has d"
2022-04-06,ind_prs06042022,"S250,MC250"," April 06, 2022 Replacement in indices NSE vide its circular dated April 6, 2022 has announced suspension of t"
2022-04-05,ind_prs05042022,M150," April 05, 2022 Replacements in indices The Index Maintenance Sub-Committee - Equity (IMSC) of NSE Indices Lim"
2022-03-14,ind_prs14032022,N50,"NSE’s index services subsidiary, NSE Indices Limited today published its first Nifty Alternative Investment Fu"
2021-12-08,ind_prs08122021,M150," December 08, 2021 Replacements in indices The Index Maintenance Sub-Committee - Equity (IMSC) of NSE Indices "
2021-11-09,ind_prs09112021,N50, PRESS RELEASE Launch of UTI India Sovereign Bond ETF UTI International Limited (UTI International) has launch
2021-10-22,ind_prs22102021,"M150,MC250"," October 22, 2021 Revision in index maintenance guidelines and replacements in indices The Index Maintenance S"
2021-10-13,ind_prs13102021,MC250," Oct 13, 2021 NSE Indices launches Nifty Total Market Index NSE’s index services subsidiary, NSE Indices Limit"
2021-10-08,ind_prs08102021,MC250," October 08, 2021 Revision in criteria of NIFTY Microcap 250 index The Index Maintenance Sub-Committee - Equit"
2021-09-15,ind_prs15092021,"M150,S250,MC250"," September 15, 2021 Replacements in indices and revision in criteria The Index Maintenance Sub-Committee - Equ"
2021-09-14,ind_prs14092021,M150," Sep 14, 2021 NSE Indices launches Nifty Midcap Select Index NSE’s index services subsidiary, NSE Indices Limi"
2021-08-16,ind_prs16082021,M150," August 16, 2021 NSE Indices launches Nifty India Manufacturing Index Index tracks a portfolio of stocks repre"
2021-06-15,ind_prs15062021,"NN50,M150"," Press Release June 15, 2021 Replacements in Indices The Index Maintenance Sub-Committee (Equity) of NSE Indic"
2021-05-10,ind_prs10052021,MC250," Press Release May 10, 2021 NSE Indices launches Nifty Microcap 250 Index Index tracks a portfolio of 250 stoc"
2021-04-22,ind_prs22042021,S250," Press Release April 22, 2021 Replacements in Indices The Index Maintenance Sub-Committee (Equity) of NSE Indi"
2021-02-23,ind_prs23022021,"N50,NN50,M150,S250"," Press Release February 23, 2021 Replacements in Indices The Index Maintenance Sub-Committee (Equity) has deci"
2020-12-11,ind_prs11122020,M150," Press Release December 11, 2020 Replacements in Indices The Index Maintenance Sub-Committee (Equity) of NSE I"
2020-11-18,ind_prs18112020,S250," Press Release November 18, 2020 Replacement in Indices The Index Maintenance Sub-Committee (IMSC) of NSE Indi"
2020-10-26,ind_prs26102020,S250," Press Release October 26, 2020 Replacement in Indices The Index Maintenance Sub-Committee (IMSC) of NSE Indic"
2020-09-30,ind_prs30092020,M150," Press Release September 30, 2020 Replacement in Indices The Index Maintenance Sub-Committee (IMSC) of NSE Ind"
2020-09-07,ind_prs07092020,"N50,S250"," Press Release September 07, 2020 Replacements in Indices The Index Maintenance Sub-Committee (IMSC) of NSE In"
2020-08-20,ind_prs20082020,"N50,NN50,M150,S250"," Press Release August 20, 2020 Revision in criteria and replacements in Indices The Index Maintenance Sub-Comm"
2020-06-10,ind_prs10062020,"NN50,M150,S250"," Press Release June 10, 2020 Replacements in Indices This has reference to press release dated May 13, 2020 re"
2020-05-13,ind_prs13052020,N50," Press Release May 13, 2020 Index reconstitution and revision in eligibility criteria A. Replacement in indice"
2020-03-23,ind_prs23032020,S250," Press Release Deferment of Index Rebalancing March 23, 2020 The Index Maintenance Sub-Committee (IMSC) of NSE"
2020-03-19,ind_prs19032020,"M150,S250"," Press Release March 19, 2020 Replacement in indices This has a reference to press releases issued by NSE Indi"
2020-03-16,ind_prs16032020,"N50,NN50,M150,S250"," Press Release March 16, 2020 Replacement in indices This has a reference to press releases issued by NSE Indi"
2020-03-12,ind_prs12032020,"N50,S250"," Press Release March 12, 2020 Replacements in Indices The Index Maintenance Sub-Committee (IMSC) of NSE Indice"
2020-02-18,ind_prs18022020,"N50,NN50,M150,S250"," Press Release February 18, 2020 Revision in criteria and replacements in Indices The Index Maintenance Sub-Co"
2020-01-09,ind_prs09012020,S250," Press Release January 09, 2020 Replacement in indices The Index Maintenance Sub-Committee (IMSC) of NSE Indic"
2019-12-19,ind_prs19122019,S250," Press Release December 19, 2019 Replacement in indices The Index Maintenance Sub-Committee (IMSC) of NSE Indi"
2019-12-18,ind_prs18122019,S250," Press Release December 18, 2019 Replacement in indices NSE vide its circular NSE/CML/42939 dated December 18,"
2019-12-16,ind_prs16122019,"M150,S250"," Press Release December 16, 2019 Replacements and revision in Index criteria The Index Maintenance Sub-Committ"
2019-10-24,ind_prs24102019,M150," Press Release October 24, 2019 NSE Indices launches Nifty Midcap150 Quality 50 Index Index tracks performance"
2019-09-17,ind_prs17092019,"M150,S250"," Press Release September 17, 2019 Replacements in Indices The Index Maintenance Sub-Committee (IMSC) of NSE In"
2019-08-28,ind_prs28082019,"N50,NN50,M150,S250"," Press Release August 28, 2019 Replacements in Indices The Index Maintenance Sub-Committee (IMSC) of NSE Indic"
2019-06-13,ind_prs13062019,"M150,S250"," Press Release June 13, 2019 Replacements in Indices The Index Maintenance Sub-Committee (IMSC) of NSE Indices"
2019-04-08,ind_prs08042019,S250," Press Release April 08, 2019 Replacement in Indices The Index Maintenance Sub-Committee (IMSC) of NSE Indices"
2019-02-25,ind_prs25022019,"N50,NN50,M150,S250"," Press Release February 25, 2019 Replacements in Indices The Index Maintenance Sub-Committee (IMSC) of NSE Ind"
2019-01-21,ind_prs21012019,S250," Press Release January 21, 2019 Replacements in Indices The Index Maintenance Sub-Committee (IMSC) has decided"
