2026-09-15	15092026	Replacements in indices The Index Maintenance Sub-Committee (Equity) of NSE Indices Limited has
2026-09-03	03092026	Corporate Action Adjustment for HEG Ltd. in Nifty indices NSE vide its circular NSE/CML/76106 d
2026-08-10	10082026	Replacements in indices The Index Maintenance Sub-Committee (Equity) of NSE Indices Limited has
2026-07-20	20072026	Exclusion of Allcargo Global Ltd. from Nifty Indices NSE Indices Limited vide its press release
2026-07-17	17072026	Corporate Action Adjustment for Triveni Engineering & Industries Ltd. in Nifty indices and Incl
2026-06-22	22062026	Exclusion of Vedanta Oil and Gas Ltd. from Nifty Indices NSE Indices Limited vide its press rel
2026-06-19	19062026	Exclusion of Vedanta Aluminium Metal Ltd. from Nifty Indices NSE Indices Limited vide its press
2026-06-17	17062026	Exclusion of Vedanta Power Ltd. and Vedanta Iron and Steel Ltd. from Nifty Indices
2026-06-10	10062026	Revision in criteria and replacements in indices The Index Maintenance Sub-Committee (Equity) o
2026-06-04	04062026	NSE Indices launches three hybrid indices NSE’s index services subsidiary, NSE Indices Limited 
2026-05-27	27052026	Higher frequency for real time index dissemination This is further to the press release dated A
2026-05-08	08052026	Replacement in indices The Index Maintenance Sub-Committee (Equity) of NSE Indices Limited has 
2026-05-04	04052026	Replacement in indices The Index Maintenance Sub-Committee (Equity) of NSE Indices Limited has 
2026-04-23	23042026	Corporate Action Adjustment for Vedanta Ltd. and Replacement in Nifty indices
2026-04-22	22042026	Higher frequency for real time index dissemination of Nifty 50 The flagship 'Nifty 50' index is
2026-02-23	23022026	Replacements in indices The Index Maintenance Sub-Committee (Equity) of NSE Indices Limited has
2026-02-04	04022026	NSE Indices launches Nifty MidSmallcap400 50:50 Index NSE’s index services subsidiary, NSE Indi
2026-01-23	23012026	NSE Indices launches Nifty Smallcap 500 Index NSE’s index services subsidiary, NSE Indices Limi
2025-12-23	23122025	Replacement in indices NSE vide its circular NSE/CML/71805 dated December 15, 2025 has announce
2025-12-11	11122025	Replacements in indices The Index Maintenance Sub-Committee (Equity) of NSE Indices Limited has
2025-11-26	26112025	Exclusion of Advent Hotels International Ltd. from Nifty indices NSE Indices Limited vide its p
2025-11-07	07112025	Corporate Action Adjustment for Allcargo Logistics Ltd. in Nifty indices NSE vide its circular 
2025-10-20	20102025	Replacement in indices The Index Maintenance Sub-Committee (Equity) of NSE Indices Limited has 
2025-10-10	10102025	Corporate Action Adjustment for SKF India Ltd. in Nifty indices NSE vide its circular NSE/CML/7
2025-09-22	22092025	Exclusion of STL Networks Ltd. from Nifty indices NSE Indices Limited vide its press release da
2025-08-22	22082025	Replacements in indices The Index Maintenance Sub-Committee (Equity) of NSE Indices Limited has
2025-07-15	15072025	Corporate Action Adjustment for Valor Estate Ltd. in Nifty indices and Replacement in Nifty IPO
2025-07-08	08072025	Exclusion of Raymond Realty Ltd. from Nifty indices NSE Indices Limited vide its press release 
2025-06-06	06062025	Replacements in indices The Index Maintenance Sub-Committee (Equity) of NSE Indices Limited has
2025-05-19	19052025	Corporate Action Adjustment for Aditya Birla Fashion and Retail Ltd. in Nifty indices
2025-05-09	09052025	Corporate Action Adjustment for Raymond Ltd. in Nifty indices NSE vide its circular NSE/CML/679
2025-04-21	21042025	Corporate Action Adjustment for Sterlite Technologies Ltd. in Nifty indices NSE vide its circul
2025-04-08	08042025	11 new Passive Funds tracking Nifty Indices launched in Japan and Korea in FY 2024-25
2025-04-04	04042025	NSE Indices launches Nifty500 Flexicap Quality 30 Index NSE’s index services subsidiary, NSE In
2025-04-02	02042025	Corporate Action Adjustment for Siemens Ltd. in Nifty indices NSE vide its circular NSE/CMTR/67
2025-03-17	17032025	Replacement in indices NSE vide its circular NSE/CML/67118 dated March 13, 2025 has announced s
2025-03-06	06032025	Replacement in indices The Index Maintenance Sub-Committee (Equity) of NSE Indices Limited has 
2025-02-21	21022025	Replacements in indices The Index Maintenance Sub-Committee (Equity) of NSE Indices Limited has
2024-12-11	11122024	Replacements in indices and revision in criteria The Index Maintenance Sub-Committee (Equity) o
2024-10-22	22102024	NSE Indices launches Nifty Top 20 Equal Weight Index NSE’s index services subsidiary, NSE Indic
2024-10-15	15102024	NSE Indices launches Nifty Top 15 Equal Weight Index NSE’s index services subsidiary, NSE Indic
2024-10-10	10102024	Replacement in indices The Index Maintenance Sub-Committee (Equity) of NSE Indices Limited has 
2024-10-04	04102024	Replacement in indices The Index Maintenance Sub-Committee (Equity) of NSE Indices Limited has 
2024-09-25	25092024	Replacements in indices The Index Maintenance Sub-Committee (Equity) of NSE Indices Limited has
2024-09-23	23092024	Replacements in indices and revision in guideline for calculation of ‘Investable Weight Factor’
2024-09-19	19092024	Exclusion of Sanofi Consumer Healthcare India Ltd. from Nifty indices NSE Indices Limited vide 
2024-09-13	13092024	Exclusion of Raymond Lifestyle Ltd. from Nifty indices NSE Indices Limited vide its press relea
2024-09-06	06092024	Corporate Adjustment for Infibeam Avenues Ltd. in Nifty indices NSE vide its circular NSE/CML/6
2024-09-04	04092024	NSE Indices launches Nifty500 Multicap Momentum Quality 50 index NSE’s index services subsidiar
2024-08-27	27082024	Replacement in indices The Index Maintenance Sub-Committee (Equity) of NSE Indices Limited has 
2024-08-23	23082024	Replacements in indices and revision in criteria The Index Maintenance Sub-Committee (Equity) o
2024-07-05	05072024	Corporate Adjustment for Raymond Ltd. in Nifty indices NSE vide its circular NSE/CML/62751 date
2024-06-24	24062024	NSE Indices launches Nifty Top 10 Equal Weight Index NSE’s index services subsidiary, NSE Indic
2024-06-07	07062024	Replacements in indices The Index Maintenance Sub-Committee (Equity) of NSE Indices Limited has
2024-04-24	24042024	Replacement in indices NSE vide its circular NSE/CML/61602 dated April 15, 2024 has announced s
2024-03-28	28032024	NSE Indices wins ‘2024 Best of the Best Awards’ by Asia Asset Management for Index Provider of 
2024-03-19	19032024	Replacements in indices The Index Maintenance Sub-Committee (Equity) of NSE Indices Limited has
2024-02-28	28022024	Replacements in indices The Index Maintenance Sub-Committee (Equity) of NSE Indices Limited has
2024-02-26	26022024	Revision in methodology of Nifty equity indices The Index Maintenance Sub-Committee (Equity) of
2024-02-15	15022024	Higher frequency for real time index dissemination NSE Indices computes over 380 indices (equit
2024-02-08	08022024	NSE Indices launches Nifty MidSmallcap400 Momentum Quality 100 index NSE’s index services subsi
2024-01-30	30012024	Replacement in indices The Index Maintenance Sub-Committee (Equity) of NSE Indices Limited has 
2024-01-10	10012024	Replacement in indices The Index Maintenance Sub-Committee (Equity) of NSE Indices Limited has 
2023-12-21	21122023	NSE Indices launches Nifty Smallcap250 Momentum Quality 100 index NSE’s index services subsidia
2023-12-20	20122023	New Passive Funds tracking Nifty Indices launched in Japan and Korea 7 new Passive Funds launch
2023-12-07	07122023	Replacements in indices The Index Maintenance Sub-Committee (Equity) of NSE Indices Limited has
2023-12-05	05122023	NSE Indices launches new variant of the Nifty 50 index – the Nifty 50 Net Total Return (NTR) in
2023-10-17	17102023	Replacements in indices The Index Maintenance Sub-Committee (Equity) of NSE Indices Limited has
2023-08-17	17082023	Replacements in indices and revision in criteria The Index Maintenance Sub-Committee (Equity) o
2023-08-07	07082023	Revision in Nifty Fixed Income indices The Index Maintenance Sub-Committee (Debt) of NSE Indice
2023-07-04	04072023	Replacement in indices The Index Maintenance Sub-Committee (Equity) of NSE Indices Limited has 
2023-06-09	09062023	Replacements in indices The Index Maintenance Sub-Committee (Equity) of NSE Indices Limited has
2023-04-19	19042023	NSE Indices launches two new multi asset indices NSE Indices Limited, a wholly owned subsidiary
2023-03-22	22032023	Revision in Nifty Next 50 index methodology The Nifty Next 50 index represents the balance 50 c
2022-12-22	22122022	Replacements in indices The Index Maintenance Sub-Committee (Equity) of NSE Indices Limited has
2022-12-06	06122022	Replacements in indices The Index Maintenance Sub-Committee (Equity) of NSE Indices Limited has
2022-10-20	20102022	Replacements in indices NSE vide its circular NSE/CML/54037 dated October 12, 2022 has announce
2022-09-16	16092022	Replacements in indices The Index Maintenance Sub-Committee (Equity) of NSE Indices Limited has
2022-09-01	01092022	Replacements in indices The Index Maintenance Sub-Committee (Equity) of NSE Indices Limited has
2022-08-16	16082022	NSE Indices launches Nifty Midcap150 Momentum 50 Index NSE’s index services subsidiary, NSE Ind
2022-07-11	11072022	Replacements in indices The Index Maintenance Sub-Committee (Equity) of NSE Indices Limited has
2022-06-15	15062022	Replacements in indices The Index Maintenance Sub-Committee - Equity of NSE Indices Limited has
2022-05-24	24052022	Replacement in indices The Index Maintenance Sub-Committee - Equity of NSE Indices Limited has 
2022-04-06	06042022	Replacement in indices NSE vide its circular dated April 6, 2022 has announced suspension of tr
2022-04-05	05042022	Replacements in indices The Index Maintenance Sub-Committee - Equity (IMSC) of NSE Indices Limi
2022-03-14	14032022	Investment Fund (AIF) Benchmark Report. The Nifty AIF Benchmark Report aims to provide the user
2021-12-08	08122021	Replacements in indices The Index Maintenance Sub-Committee - Equity (IMSC) of NSE Indices Limi
2021-11-09	09112021	Launch of UTI India Sovereign Bond ETF UTI International Limited (UTI International) has launch
2021-10-22	22102021	Revision in index maintenance guidelines and replacements in indices The Index Maintenance Sub-
2021-10-13	13102021	NSE Indices launches Nifty Total Market Index NSE’s index services subsidiary, NSE Indices Limi
2021-10-08	08102021	Revision in criteria of NIFTY Microcap 250 index The Index Maintenance Sub-Committee - Equity (
2021-09-15	15092021	Replacements in indices and revision in criteria The Index Maintenance Sub-Committee - Equity (
2021-09-14	14092021	NSE Indices launches Nifty Midcap Select Index NSE’s index services subsidiary, NSE Indices Lim
2021-08-16	16082021	NSE Indices launches Nifty India Manufacturing Index Index tracks a portfolio of stocks represe
2021-06-15	15062021	June 15, 2021 Replacements in Indices
2021-05-10	10052021	Nifty Microcap 250 index. The Nifty Microcap 250 index aims to track the performance of microca
2021-04-22	22042021	April 22, 2021 Replacements in Indices
2021-02-23	23022021	February 23, 2021 Replacements in Indices
2020-12-11	11122020	December 11, 2020 Replacements in Indices
2020-11-18	18112020	November 18, 2020 Replacement in Indices
2020-10-26	26102020	October 26, 2020 Replacement in Indices
2020-09-30	30092020	September 30, 2020 Replacement in Indices
2020-09-07	07092020	September 07, 2020 Replacements in Indices
2020-08-20	20082020	August 20, 2020 Revision in criteria and replacements in Indices
2020-06-10	10062020	June 10, 2020 Replacements in Indices
2020-05-13	13052020	May 13, 2020 Index reconstitution and revision in eligibility criteria
2020-03-23	23032020	Deferment of Index Rebalancing March 23, 2020
2020-03-19	19032020	March 19, 2020 Replacement in indices
2020-03-16	16032020	March 16, 2020 Replacement in indices
2020-03-12	12032020	March 12, 2020 Replacements in Indices
2020-02-18	18022020	February 18, 2020 Revision in criteria and replacements in Indices
2020-01-09	09012020	January 09, 2020 Replacement in indices
2019-12-19	19122019	December 19, 2019 Replacement in indices
2019-12-18	18122019	December 18, 2019 Replacement in indices
2019-12-16	16122019	December 16, 2019 Replacements and revision in Index criteria
2019-10-24	24102019	based smart-beta mid-cap index namely, Nifty Midcap150 Quality 50. The Nifty Midcap150 Quality 
2019-09-17	17092019	September 17, 2019 Replacements in Indices
2019-08-28	28082019	August 28, 2019 Replacements in Indices
2019-06-13	13062019	June 13, 2019 Replacements in Indices
2019-04-08	08042019	April 08, 2019 Replacement in Indices
2019-02-25	25022019	February 25, 2019 Replacements in Indices
2019-01-21	21012019	January 21, 2019 Replacements in Indices