Company Name,Industry,Symbol,Series,ISIN Code,MarketCapCr
SBI FUNDS MANAGEMENT LTD,Finance,SBIFUNDS,EQ,,105110.0
MANIPAL HEALTH ENTERPRI L,Health Services,MANIPALHOS,EQ,,93168.0
INDO-MIM LIMITED,Producer Manufacturing,INDOMIM,EQ,,61437.0
3M INDIA LIMITED,Producer Manufacturing,3MINDIA,EQ,,36228.0
DHOOT TRANSMISSION LTD,Producer Manufacturing,DHOOTTRANS,EQ,,30453.0
TVS HOLDINGS LIMITED,Producer Manufacturing,TVSHLTD,EQ,,24495.0
HATSUN AGRO PRODUCT LTD.,Consumer Non-Durables,HATSUN,EQ,,24480.0
MILKY MIST DAIRY FOOD L,Consumer Non-Durables,MILKYMIST,BE,,24362.0
GO DIGIT GENERAL INS LTD,Finance,GODIGIT,EQ,,24058.0
METRO BRANDS LIMITED,Retail Trade,METROBRAND,EQ,,22947.0
GUJARAT ENERGY LIMITED,Utilities,GUJENERGY,EQ,,22786.0
P&G HYGIENE & HEALTH CARE,Consumer Non-Durables,PGHH,EQ,,22068.0
LALITHAA JEWELLERY MART L,Retail Trade,LALITHAA,EQ,,21375.0
KIOCL LIMITED,Non-Energy Minerals,KIOCL,EQ,,20196.0
LMW LIMITED,Producer Manufacturing,LMW,EQ,,18014.0
PFIZER LTD,Health Technology,PFIZER,EQ,,17729.0
ESDS SOFTWARE SOLUTION L,Technology Services,ESDS,EQ,,17693.0
ALIVUS LIFE SCIENCES LTD,Health Technology,ALIVUS,EQ,,16934.0
ALEMBIC PHARMA LTD,Health Technology,APLLTD,EQ,,16225.0
TRAVEL FOOD SERVICES LTD,Consumer Services,TRAVELFOOD,EQ,,15809.0
FINE ORGANIC IND. LTD.,Process Industries,FINEORG,EQ,,15712.0
JUNIPER GREEN ENERGY LTD,Utilities,JNPR,EQ,,15551.0
ASTRAZENECA PHARMA IND LT,Health Technology,ASTRAZEN,EQ,,15465.0
DR AGARWALS HEALTH CARE L,Health Services,AGARWALEYE,EQ,,15195.0
CENTURY PLYBOARDS (I) LTD,Producer Manufacturing,CENTURYPLY,EQ,,15149.0
PUNJAB & SIND BANK,Finance,PSB,EQ,,15135.0
MOLBIO DIAGNOSTICS LTD,Health Technology,MOLBIO,EQ,,15084.0
BASF INDIA LTD,Process Industries,BASF,EQ,,14924.0
SWAN DEFENCE N HEVY IND L,Producer Manufacturing,SWANDEF,BE,,14522.0
HORIZON INDUSTRIAL PRKS L,Finance,HORIZONIND,EQ,,14495.0
MAHARASHTRA SCOOTERS LTD,Producer Manufacturing,MAHSCOOTER,EQ,,14373.0
DCM SHRIRAM LIMITED,Producer Manufacturing,DCMSHRIRAM,EQ,,14278.0
JSW DULUX LIMITED,Consumer Durables,JSWDULUX,EQ,,14022.0
SKF IND (INDUSTRIAL) LTD,Producer Manufacturing,SKFINDUS,EQ,,13684.0
VARROC ENGINEERING LTD.,Producer Manufacturing,VARROC,EQ,,13185.0
BIKAJI FOODS INTERN LTD,Consumer Non-Durables,BIKAJI,EQ,,13083.0
INGERSOLL-RAND INDIA LTD,Producer Manufacturing,INGERRAND,EQ,,13082.0
VENTIVE HOSPITALITY LTD,Consumer Services,VENTIVE,EQ,,13041.0
PRUDENT CORP ADV SER LTD,Finance,PRUDENT,EQ,,12957.0
CORONA REMEDIES LIMITED,Health Technology,CORONA,EQ,,12803.0
KARAMTARA ENGINEERING L,Electronic Technology,KARAMTARA,EQ,,12723.0
ASK AUTOMOTIVE LIMITED,Producer Manufacturing,ASKAUTOLTD,EQ,,12619.0
JSW HOLDINGS LIMITED,Finance,JSWHL,EQ,,12594.0
VINATI ORGANICS LTD,Process Industries,VINATIORGA,EQ,,12111.0
BLUE DART EXPRESS LTD,Transportation,BLUEDART,EQ,,10984.0
AUGMONT ENTERPRISES LTD,Retail Trade,AUGMONT,EQ,,9928.0
MAHARASHTRA SEAMLESS LTD,Non-Energy Minerals,MAHSEAMLES,EQ,,9884.0
MAX ESTATES LIMITED,Finance,MAXESTATES,EQ,,9604.0
MANIPAL PAYMENT & IDE S L,Commercial Services,MPIMANIPAL,EQ,,9484.0
BOMBAY BURMAH TRADING COR,Consumer Non-Durables,BBTC,EQ,,9471.0
TSF INVESTMENTS LIMITED,Finance,TSFINV,EQ,,9265.0
KINGFA SCI & TEC IND LTD.,Process Industries,KINGFA,EQ,,8785.0
SANOFI CONS HEALTHC IND L,Health Technology,SANOFICONR,EQ,,8758.0
SHIPROCKET LIMITED,Technology Services,SHIPROCKET,EQ,,8743.0
ESAB INDIA LTD,Producer Manufacturing,ESABINDIA,EQ,,8512.0
STANDARD ENGNG TCNLGY LTD,Health Technology,SETL,EQ,,8435.0
JUPITER LIFE LINE HOSP L,Health Services,JLHL,EQ,,8314.0
RAGHAV PRODUCTIVITY ENH L,Process Industries,RPEL,EQ,,8307.0
GALAXY SURFACTANTS LTD,Consumer Non-Durables,GALAXYSURF,EQ,,8271.0
RAYMOND LTD,Process Industries,RAYMOND,EQ,,8076.0
G R INFRAPROJECTS LIMITED,Industrial Services,GRINFRA,EQ,,7747.0
MAHINDRA LIFESPACE DEVLTD,Finance,MAHLIFE,EQ,,7688.0
SYMBIOTEC PHARMALAB LTD,Health Technology,SYMBIOTEC,EQ,,7561.0
GARWARE TECH FIBRES LTD,Producer Manufacturing,GARFIBRES,EQ,,7527.0
STAR CEMENT LIMITED,Non-Energy Minerals,STARCEMENT,EQ,,7505.0
SKF INDIA LTD,Producer Manufacturing,SKFINDIA,EQ,,7465.0
ORKLA INDIA LIMITED,Consumer Non-Durables,ORKLAINDIA,EQ,,7439.0
WATERWAYS LEISURE TOUR L,Consumer Services,CORDELIA,EQ,,7427.0
BLISS GVS PHARMA LTD,Health Technology,BLISSGVS,BE,,7380.0
NESCO LTD.,Producer Manufacturing,NESCO,EQ,,7376.0
CYIENT DLM LIMITED,Electronic Technology,CYIENTDLM,EQ,,7256.0
SANOFI INDIA LIMITED,Health Technology,SANOFI,EQ,,7040.0
EUREKA FORBES LIMITED,Producer Manufacturing,EUREKAFORB,EQ,,6987.0
HINDUSTAN FOODS LIMITED,Consumer Non-Durables,HNDFDS,EQ,,6964.0
INDIA SHELTER FIN CORP L,Finance,INDIASHLTR,EQ,,6939.0
HERO MOTORS LIMITED,Producer Manufacturing,HEROMOTORS,EQ,,6929.0
INDIABULLS LIMITED,Finance,IBULLSLTD,EQ,,6906.0
MOREPEN LAB. LTD,Health Technology,MOREPENLAB,EQ,,6904.0
OPTIEMUS INFRACOM LTD,Distribution Services,OPTIEMUS,EQ,,6853.0
MAN INDUSTRIES (I) LTD.,Producer Manufacturing,MANINDS,EQ,,6806.0
ETHOS LIMITED,Retail Trade,ETHOSLTD,EQ,,6789.0
KANOHAR ELECTRICALS LTD,Producer Manufacturing,KANOHAR,EQ,,6784.0
KSH INTERNATIONAL LIMITED,Producer Manufacturing,KSHINTL,EQ,,6783.0
AJAX ENGINEERING LIMITED,Producer Manufacturing,AJAXENGG,EQ,,6716.0
TRANSPORT CORPN OF INDIA,Transportation,TCI,EQ,,6704.0
FINEOTEX CHEMICAL LIMITED,Process Industries,FCL,EQ,,6690.0
INNOVA CAPTAB LIMITED,Health Technology,INNOVACAP,EQ,,6637.0
SUPRAJIT ENGINEERING LTD,Producer Manufacturing,SUPRAJIT,EQ,,6601.0
GMM PFAUDLER LIMITED,Producer Manufacturing,GMMPFAUDLR,EQ,,6594.0
TECHNOCRAFT IND LTD,Producer Manufacturing,TIIL,EQ,,6577.0
TOURISM FINANCE CORP. OF,Finance,TFCILTD,EQ,,6570.0
REDTAPE LIMITED,Retail Trade,REDTAPE,EQ,,6501.0
ISGEC HEAVY ENG LTD,Industrial Services,ISGEC,EQ,,6493.0
INOX GREEN ENERGY SER LTD,Utilities,INOXGREEN,EQ,,6467.0
STEEL STRIPS WHEELS LTD.,Producer Manufacturing,SSWL,EQ,,6418.0
RASHI PERIPHERALS LIMITED,Distribution Services,RPTECH,EQ,,6332.0
KUSUMGAR LIMITED,Process Industries,KUSUMGAR,EQ,,6309.0
SHIVALIK BIMETAL CON. LTD,Non-Energy Minerals,SBCL,EQ,,6173.0
UJAAS ENERGY LIMITED,Utilities,UEL,EQ,,6165.0
DODLA DAIRY LIMITED,Consumer Non-Durables,DODLA,EQ,,6150.0
JK LAKSHMI CEMENT LTD,Non-Energy Minerals,JKLAKSHMI,EQ,,6112.0
IOL CHEM AND PHARMA LTD,Process Industries,IOLCP,EQ,,6078.0
LEAP INDIA LIMITED,Transportation,LEAPIND,EQ,,6070.0
SPECTRUM ELECTRIC IND LTD,Electronic Technology,SPECTRUM,BE,,6044.0
MARINE ELECTRICAL (I) LTD,Distribution Services,MARINE,EQ,,6011.0
GANESH HOUSING LIMITED,Consumer Durables,GANESHHOU,EQ,,5996.0
SESHAASAI TECHNOLOGIES L,Technology Services,STYL,EQ,,5986.0
ORCHID PHARMA LIMITED,Health Technology,ORCHPHARMA,EQ,,5971.0
SMARTWORKS COWORKING SP L,Finance,SMARTWORKS,EQ,,5946.0
SIS LIMITED,Commercial Services,SIS,EQ,,5924.0
INDIA TOUR. DEV. CO. LTD.,Consumer Services,ITDC,EQ,,5898.0
LOHIA CORP LIMITED,Producer Manufacturing,LCL,EQ,,5886.0
KRISHANA PHOSCHEM LIMITED,Process Industries,KRISHANA,EQ,,5819.0
KALPATARU LIMITED,Finance,KALPATARU,EQ,,5739.0
WHEELS INDIA LTD,Producer Manufacturing,WHEELS,EQ,,5700.0
ROSSELL TECHSYS LIMITED,Electronic Technology,ROSSTECH,EQ,,5667.0
GULF OIL LUB. IND. LTD.,Energy Minerals,GULFOILLUB,EQ,,5577.0
SS RETAIL LIMITED,Retail Trade,SSRETAIL,EQ,,5574.0
FDC LIMITED,Health Technology,FDC,EQ,,5526.0
LG BALAKRISHNAN & BROS,Producer Manufacturing,LGBBROSLTD,EQ,,5518.0
SHARDA MOTOR INDS LTD,Producer Manufacturing,SHARDAMOTR,EQ,,5494.0
PRISM JOHNSON LIMITED,Non-Energy Minerals,PRSMJOHNSN,EQ,,5473.0
ARTEMIS MED SERVICE LTD,Health Services,ARTEMISMED,EQ,,5470.0
ELEVATE CAMPUSES LIMITED,Consumer Services,ELEVATE,EQ,,5443.0
RAM RATNA WIRES LIMITED,Producer Manufacturing,RAMRAT,EQ,,5437.0
GREENLAM INDUSTRIES LTD.,Non-Energy Minerals,GREENLAM,EQ,,5431.0
RENTOMOJO LIMITED,Finance,RENTOMOJO,EQ,,5314.0
SAATVIK GREEN ENERGY LTD,Producer Manufacturing,SAATVIKGL,EQ,,5256.0
VADILAL INDUSTRIES LTD,Consumer Non-Durables,VADILALIND,EQ,,5213.0
AGI GREENPAC LIMITED,Process Industries,AGI,EQ,,5204.0
TRIVENI ENGG. & INDS. LTD,Process Industries,TRIVENI,EQ,,5194.0
NRB BEARING LIMITED,Producer Manufacturing,NRBBEARING,EQ,,5176.0
MAS FINANCIAL SERV LTD,Finance,MASFIN,EQ,,5130.0
MAN INFRA LTD,Finance,MANINFRA,EQ,,5121.0
BOSCH HOME COMFRT IND LTD,Consumer Durables,BOSCH-HCIL,EQ,,5103.0
DEE DEVELOPMENT ENG LTD,Producer Manufacturing,DEEDEV,EQ,,5093.0
VRL LOGISTICS LIMITED,Transportation,VRLLOG,EQ,,5074.0
GOODLUCK INDIA LIMITED,Non-Energy Minerals,GOODLUCK,EQ,,5066.0
BANSAL WIRE INDUSTRIES L,Non-Energy Minerals,BANSALWIRE,EQ,,5064.0
GUJARAT THEMIS BIOSYN LTD,Health Technology,GUJTHEM,EQ,,5045.0
RPG LIFE SCIENCES LTD,Health Technology,RPGLIFE,EQ,,5023.0
ROLEX RINGS LIMITED,Producer Manufacturing,ROLEXRINGS,EQ,,4987.0
PRASOL CHEMICALS LIMITED,Process Industries,PRASOLCHEM,EQ,,4966.0
EMUDHRA LIMITED,Technology Services,EMUDHRA,EQ,,4940.0
SAVITA OIL TECHNOLO. LTD,Process Industries,SOTL,EQ,,4928.0
FOSECO INDIA LTD,Process Industries,FOSECOIND,EQ,,4871.0
CARE RATINGS LIMITED,Commercial Services,CARERATING,EQ,,4869.0
WEST COAST PAPER MILLS LT,Producer Manufacturing,WSTCSTPAPR,EQ,,4865.0
SAMBHV STEEL TUBES LTD,Non-Energy Minerals,SAMBHV,EQ,,4859.0
DEEP INDUSTRIES LIMITED,Industrial Services,DEEPINDS,EQ,,4838.0
YASHO INDUSTRIES LIMITED,Consumer Non-Durables,YASHO,EQ,,4829.0
FILATEX INDIA LTD,Process Industries,FILATEX,EQ,,4785.0
KDDL LIMITED,Consumer Durables,KDDL,EQ,,4781.0
UFLEX LIMITED,Process Industries,UFLEX,EQ,,4750.0
JUNIPER HOTELS LIMITED,Consumer Services,JUNIPER,EQ,,4749.0
ASSET RECONSTRUC CO (I) L,Commercial Services,ARCIL,EQ,,4698.0
BAJAJ HINDUSTHAN SUGAR LT,Process Industries,BAJAJHIND,EQ,,4671.0
JINDAL WORLDWIDE LTD,Process Industries,JINDWORLD,EQ,,4666.0
MPS LIMITED,Consumer Services,MPSLTD,EQ,,4617.0
UNIVERSAL CABLES LTD,Electronic Technology,UNIVCABLES,EQ,,4616.0
SHOPPERS STOP LIMITED,Retail Trade,SHOPERSTOP,EQ,,4574.0
GE POWER INDIA LIMITED,Industrial Services,GVPIL,EQ,,4561.0
KEYSTONE REALTORS LIMITED,Finance,RUSTOMJEE,EQ,,4560.0
GSPL TRANSMISSION LIMITED,Industrial Services,GSPLTRANS,BE,,4516.0
ZOTA HEALTH CARE LIMITED,Health Technology,ZOTA,EQ,,4484.0
VISHNU CHEMICALS LIMITED,Process Industries,VISHNU,EQ,,4473.0
LCC PROJECTS LIMITED,Industrial Services,LCCPROJECT,EQ,,4471.0
SMS PHARMACEUTICALS LTD.,Health Technology,SMSPHARMA,EQ,,4463.0
RAYMOND REALTY LIMITED,Finance,RAYMONDREL,EQ,,4460.0
SHANTHI GEARS LTD,Producer Manufacturing,SHANTIGEAR,EQ,,4449.0
VENUS PIPES & TUBES LTD,Non-Energy Minerals,VENUSPIPES,EQ,,4448.0
TEMPSENS INST (INDIA) LTD,Electronic Technology,TEMPSENS,EQ,,4416.0
PURPLE STYLE LABS LIMITED,Retail Trade,PERNIASPOP,EQ,,4387.0
PILANI INV & IND COR LTD,Finance,PILANIINVS,EQ,,4381.0
EPIGRAL LIMITED,Process Industries,EPIGRAL,EQ,,4368.0
GUFIC BIOSCIENCES LTD.,Health Technology,GUFICBIO,EQ,,4332.0
MAHINDRA LOGISTIC LIMITED,Transportation,MAHLOG,EQ,,4327.0
SWARAJ ENGINES LTD,Producer Manufacturing,SWARAJENG,EQ,,4309.0
PITTI ENGINEERING LIMITED,Producer Manufacturing,PITTIENG,EQ,,4291.0
SANATHAN TEXTILES LIMITED,Process Industries,SANATHAN,EQ,,4289.0
HARSHA ENGINEERS INT LTD,Producer Manufacturing,HARSHA,EQ,,4282.0
TRIB BHIMJI ZAVERI LTD,Consumer Durables,TBZ,BE,,4238.0
KALYANI STEELS LIMITED,Non-Energy Minerals,KSL,EQ,,4214.0
SEAMEC LIMITED,Industrial Services,SEAMECLTD,EQ,,4174.0
TATVA CHIN PHARM CHEM LTD,Process Industries,TATVA,EQ,,4174.0
INDIQUBE SPACES LIMITED,Finance,INDIQUBE,EQ,,4163.0
DHANUKA AGRITECH LTD,Process Industries,DHANUKA,EQ,,4138.0
BANNARI AMMAN SUGARS LTD,Process Industries,BANARISUG,EQ,,4138.0
AVANTEL LIMITED,Electronic Technology,AVANTEL,EQ,,4095.0
ICRA LIMITED,Commercial Services,ICRA,EQ,,4084.0
D. P. ABHUSHAN LIMITED,Retail Trade,DPABHUSHAN,EQ,,4083.0
HIRECT LIMITED,Producer Manufacturing,HIRECT,EQ,,4068.0
TRUALT BIOENERGY LIMITED,Process Industries,TRUALT,EQ,,4019.0
SYMPHONY LIMITED,Producer Manufacturing,SYMPHONY,EQ,,4000.0
SG FINSERVE LIMITED,Finance,SGFIN,EQ,,3982.0
ANTELOPUS SELAN ENRGY LTD,Energy Minerals,ANTELOPUS,EQ,,3966.0
SANGHVI MOVERS LTD,Finance,SANGHVIMOV,EQ,,3941.0
AARTI DRUGS LTD.,Health Technology,AARTIDRUGS,EQ,,3933.0
MOSCHIP TECHNOLOGIES LTD,Electronic Technology,MOSCHIP,EQ,,3925.0
MAHINDRA HOLIDAYS LTD,Consumer Services,MHRIL,EQ,,3925.0
ASHIANA HOUSING LTD,Finance,ASHIANA,EQ,,3880.0
VARDHMAN SPC STEEL LTD,Non-Energy Minerals,VSSL,EQ,,3878.0
AYE FINANCE LIMITED,Finance,AYE,EQ,,3847.0
UNICHEM LABORATORIES LTD,Health Technology,UNICHEMLAB,EQ,,3841.0
STEELCAST LIMITED,Non-Energy Minerals,STEELCAS,EQ,,3817.0
VST TILLERS TRACTORS LTD,Producer Manufacturing,VSTTILLERS,EQ,,3799.0
UNIPARTS INDIA LIMITED,Producer Manufacturing,UNIPARTS,EQ,,3775.0
KOLTE PATIL DEV. LTD.,Finance,KOLTEPATIL,EQ,,3768.0
KIRLOSKAR INDUSTRIES LTD,Non-Energy Minerals,KIRLOSIND,EQ,,3753.0
GREENPLY INDUSTRIES LTD,Producer Manufacturing,GREENPLY,EQ,,3746.0
JASH ENGINEERING LIMITED,Producer Manufacturing,JASH,EQ,,3739.0
63 MOONS TECHNOLOGIES LTD,Technology Services,63MOONS,EQ,,3737.0
RANE (MADRAS) LIMITED,Producer Manufacturing,RML,EQ,,3736.0
GHCL LIMITED,Process Industries,GHCL,EQ,,3736.0
TCPL PACKAGING LIMITED,Commercial Services,TCPLPACK,EQ,,3733.0
LASER POWER & INFRA LTD,Producer Manufacturing,LASERPOWER,EQ,,3704.0
AHLUWALIA CONT IND LTD,Industrial Services,AHLUCONT,EQ,,3685.0
NETWORK PEOPLE SRV TECH L,Technology Services,NPST,EQ,,3682.0
PREMIER EXPLOSIVES LTD,Process Industries,PREMEXPLN,EQ,,3678.0
IDEAFORGE TECHNO LTD,Electronic Technology,IDEAFORGE,EQ,,3633.0
DIVGI TORQTRANSFER SYST L,Producer Manufacturing,DIVGIITTS,EQ,,3614.0
RATTANINDIA ENT LIMITED,Commercial Services,RTNINDIA,EQ,,3602.0
STYRENIX PERFORMANCE LTD,Process Industries,STYRENIX,EQ,,3544.0
SINDHU TRADE LINKS LTD,Transportation,SINDHUTRAD,EQ,,3529.0
KIRI INDUSTRIES LIMITED,Process Industries,KIRIINDUS,EQ,,3528.0
SANDHAR TECHNOLOGIES LTD,Consumer Durables,SANDHAR,EQ,,3527.0
ALOK INDUSTRIES LIMITED,Process Industries,ALOKINDS,EQ,,3520.0
BOROSIL LIMITED,Producer Manufacturing,BOROLTD,EQ,,3508.0
JKUMAR INFR.LTD.,Industrial Services,JKIL,EQ,,3506.0
BAJAJ ELECT.LTD,Consumer Durables,BAJAJELEC,EQ,,3502.0
SOLARA ACTIVE PHA SCI LTD,Health Technology,SOLARA,EQ,,3487.0
CALIBER MINING AND LOG L,Energy Minerals,CMLL,EQ,,3478.0
JTL INDUSTRIES LIMITED,Non-Energy Minerals,JTLIND,EQ,,3470.0
PACE DIGITEK LIMITED,Utilities,PACEDIGITK,EQ,,3453.0
INDOSTAR CAPITAL FIN LTD,Finance,INDOSTAR,EQ,,3453.0
PONDY OXIDES & CHEM LTD,Non-Energy Minerals,POCL,EQ,,3453.0
VST INDUSTRIES LTD,Consumer Non-Durables,VSTIND,EQ,,3451.0
PARAG MILK FOODS LTD.,Consumer Non-Durables,PARAGMILK,EQ,,3412.0
TVS SRICHAKRA LIMITED,Consumer Durables,TVSSRICHAK,EQ,,3398.0
INDO TECH TRANSFORM LTD.,Producer Manufacturing,INDOTECH,EQ,,3386.0
IND SWIFT LABORATORIES LT,Health Technology,INDSWFTLAB,EQ,,3381.0
ORIENT ELECTRIC LIMITED,Consumer Durables,ORIENTELEC,EQ,,3374.0
NITIN SPINNERS LIMITED,Process Industries,NITINSPIN,EQ,,3364.0
LUX INDUSTRIES LIMITED,Consumer Non-Durables,LUXIND,EQ,,3329.0
R SYS INTERNATIONAL LTD,Technology Services,RSYSTEMS,EQ,,3317.0
POLYPLEX CORPORATION LTD,Process Industries,POLYPLEX,EQ,,3312.0
DALMIA BHARAT SUG IN LTD,Process Industries,DALMIASUG,EQ,,3309.0
AGI INFRA LIMITED,Finance,AGIIL,EQ,,3309.0
HEMISPHERE PROP IND LTD,Finance,HEMIPROP,EQ,,3251.0
PRABHA ENERGY LIMITED,Energy Minerals,PRABHA,EQ,,3251.0
ANAND RATHI SH N STK BR L,Finance,ARSSBL,EQ,,3249.0
MIDWEST LIMITED,Non-Energy Minerals,MIDWESTLTD,EQ,,3236.0
JTEKT INDIA LIMITED,Consumer Durables,JTEKTINDIA,EQ,,3234.0
INDRAPRASTHA MEDICAL CORP,Health Services,INDRAMEDCO,EQ,,3199.0
THE ANUP ENGINEERING LTD,Producer Manufacturing,ANUP,EQ,,3198.0
MAYUR UNIQUOTERS LTD,Process Industries,MAYURUNIQ,EQ,,3191.0
WONDERLA HOLIDAYS LTD.,Consumer Services,WONDERLA,EQ,,3175.0
VARMORA GRANITO LIMITED,Producer Manufacturing,VARMORA,EQ,,3156.0
VINDHYA TELELINKS LTD,Industrial Services,VINDHYATEL,EQ,,3156.0
SANGAM (INDIA) LTD,Process Industries,SANGAMIND,EQ,,3150.0
GOPAL SNACKS LIMITED,Consumer Non-Durables,GOPAL,EQ,,3129.0
D.B.CORP LTD,Consumer Services,DBCORP,EQ,,3126.0
JUBILANT AGRI N CON PRO L,Process Industries,JUBLCPL,EQ,,3123.0
LUMINO INDUSTRIES LIMITED,Producer Manufacturing,LUMINO,EQ,,3120.0
NACL INDUSTRIES LIMITED,Process Industries,NACLIND,EQ,,3112.0
WINDSOR MACHINES LIMITED,Producer Manufacturing,WINDMACHIN,EQ,,3106.0
BHANSALI ENG. POLYMERS LT,Process Industries,BEPL,EQ,,3096.0
BHAGIRADHA CHEM & INDS L,Process Industries,BHAGCHEM,EQ,,3093.0
APCOTEX INDUSTRIES LIMITE,Process Industries,APCOTEXIND,EQ,,3088.0
STEAMHOUSE INDIA LIMITED,Process Industries,STEAMHOUSE,EQ,,3066.0
HLE GLASCOAT LIMITED,Producer Manufacturing,HLEGLAS,EQ,,3052.0
MUTHOOT MICROFIN LIMITED,Finance,MUTHOOTMF,EQ,,3042.0
PSP PROJECTS LIMITED,Industrial Services,PSPPROJECT,EQ,,3041.0
HEIDELBERGCEMENT (I) LTD,Non-Energy Minerals,HEIDELBERG,EQ,,3005.0
ADF FOODS LIMITED,Consumer Non-Durables,ADFFOODS,EQ,,3000.0
CARRARO INDIA LIMITED,Producer Manufacturing,CARRARO,EQ,,2999.0
BLS E-SERVICES LIMITED,Technology Services,BLSE,EQ,,2986.0
SHANKARA BUILDPRO LIMITED,Distribution Services,BUILDPRO,EQ,,2985.0
CRIZAC LIMITED,Technology Services,CRIZAC,EQ,,2977.0
RAVINDRA ENERGY LIMITED,Utilities,RELTD,EQ,,2972.0
CARYSIL LIMITED,Consumer Durables,CARYSIL,EQ,,2947.0
JINDAL POLY FILMS LIMITED,Process Industries,JINDALPOLY,EQ,,2945.0
CHEMPLAST SANMAR LIMITED,Process Industries,CHEMPLASTS,EQ,,2940.0
PANAMA PETROCHEM LTD,Process Industries,PANAMAPET,EQ,,2929.0
BAAZAR STYLE RETAIL LTD,Retail Trade,STYLEBAAZA,EQ,,2929.0
CONFIDENCE PETRO IND LTD.,Retail Trade,CONFIPET,EQ,,2928.0
IMAGICAAWORLD ENT LTD,Consumer Services,IMAGICAA,EQ,,2890.0
MM FORGINGS LTD,Producer Manufacturing,MMFL,EQ,,2890.0
NOCIL LIMITED,Process Industries,NOCIL,EQ,,2858.0
NILKAMAL LIMITED,Consumer Durables,NILKAMAL,EQ,,2838.0
KEWAL KIRAN CLOTHING LTD,Consumer Non-Durables,KKCL,EQ,,2837.0
FUSION FINANCE LIMITED,Finance,FUSION,EQ,,2835.0
KERNEX MICROSYS(I) LTD,Electronic Technology,KERNEX,EQ,,2833.0
PRINCE PIPES FITTINGS LTD,Producer Manufacturing,PRINCEPIPE,EQ,,2828.0
NIIT LEARNING SYSTEMS LTD,Commercial Services,NIITMTS,EQ,,2822.0
KABRA EXTRUSION TECHNIK L,Producer Manufacturing,KABRAEXTRU,EQ,,2817.0
INDIA NIPPON ELECT  LTD,Producer Manufacturing,INDNIPPON,EQ,,2815.0
INTERARCH BLDNG SOLTN LTD,Producer Manufacturing,INTERARCH,EQ,,2814.0
RPSG VENTURES LIMITED,Finance,RPSGVENT,EQ,,2814.0
SUNDROP BRANDS LIMITED,Process Industries,SUNDROP,EQ,,2809.0
SPORTKING INDIA LIMITED,Process Industries,SPORTKING,EQ,,2797.0
GUJ IND POW CO. LTD,Utilities,GIPCL,EQ,,2789.0
RATNAVEER PRECISION ENG L,Non-Energy Minerals,RATNAVEER,EQ,,2776.0
SBC EXPORTS LIMITED,Distribution Services,SBC,EQ,,2776.0
ADOR WELDING LTD,Producer Manufacturing,ADOR,EQ,,2770.0
ARVIND SMARTSPACES LTD,Finance,ARVSMART,EQ,,2763.0
BALMER LAWRIE & CO LTD,Producer Manufacturing,BALMLAWRIE,EQ,,2756.0
ALEMBIC LIMITED,Health Technology,ALEMBICLTD,EQ,,2753.0
NALWA SONS INVESTMENT LTD,Finance,NSIL,EQ,,2734.0
MANGALAM CEMENT LTD,Non-Energy Minerals,MANGLMCEM,EQ,,2731.0
SHUKRA PHARMACEUTICALS L,Health Technology,SHUKRAPHAR,EQ,,2730.0
GANDHAR OIL REFINE IND L,Process Industries,GANDHAR,EQ,,2729.0
XPRO INDIA LIMITED,Process Industries,XPROINDIA,EQ,,2727.0
RISHABH INSTRUMENTS LTD,Producer Manufacturing,RISHABH,EQ,,2720.0
NAVNEET EDUCATION LTD,Producer Manufacturing,NAVNETEDUL,EQ,,2710.0
SUNDARAM CLAYTON LIMITED,Producer Manufacturing,SUNCLAY,EQ,,2709.0
MAITHAN ALLOYS LTD,Non-Energy Minerals,MAITHANALL,EQ,,2694.0
PROTEAN EGOV TECHNO LTD,Technology Services,PROTEAN,EQ,,2689.0
HIKAL LIMITED,Health Technology,HIKAL,EQ,,2687.0
VIMTA LABS LIMITED,Commercial Services,VIMTALABS,EQ,,2683.0
GANESHA ECOSPHERE LIMITED,Process Industries,GANECOS,EQ,,2681.0
STALLION IND FLUOROCHEM L,Distribution Services,STALLION,BE,,2676.0
RAMCO INDUSTRIES LIMITED,Non-Energy Minerals,RAMCOIND,EQ,,2671.0
JAYKAY ENTERPRISES LTD,Commercial Services,JAYKAY,EQ,,2670.0
UNITED FOODBRANDS LIMITED,Consumer Services,UFBL,BE,,2655.0
TALBROS AUTO. COMP. LTD,Producer Manufacturing,TALBROAUTO,EQ,,2653.0
PRATAAP SNACKS LIMITED,Consumer Non-Durables,DIAMONDYD,EQ,,2653.0
VINTAGE COFFEE N BVRGS L,Distribution Services,VINCOFE,EQ,,2636.0
STOVE KRAFT LIMITED,Consumer Durables,STOVEKRAFT,EQ,,2632.0
MARATHON NXTGEN REALT LTD,Finance,MARATHON,EQ,,2625.0
PATEL ENGINEERING LTD.,Industrial Services,PATELENG,EQ,,2624.0
INDO RAMA SYNTHETICS LTD,Process Industries,INDORAMA,EQ,,2621.0
MUFIN GREEN FINANCE LTD,Finance,MUFIN,EQ,,2606.0
MUKAND LTD.,Non-Energy Minerals,MUKANDLTD,EQ,,2603.0
GATEWAY DISTRIPARKS LTD,Transportation,GATEWAY,EQ,,2600.0
HUBTOWN LIMITED,Finance,HUBTOWN,EQ,,2590.0
DDEV PLASTIKS IND LTD,Process Industries,DDEVPLSTIK,EQ,,2582.0
AUTOMOTIVE AXLES LIMITED,Producer Manufacturing,AUTOAXLES,EQ,,2579.0
DREDGING CORP OF INDIA,Transportation,DREDGECORP,EQ,,2577.0
GNA AXLES LIMITED,Producer Manufacturing,GNA,EQ,,2569.0
SATIN CREDIT NET LTD,Finance,SATIN,EQ,,2565.0
DOLPHIN OFF ENT (IND) L,Industrial Services,DOLPHIN,EQ,,2550.0
EFC (I) LIMITED,Distribution Services,EFCIL,EQ,,2548.0
ORIENT HOTELS LTD,Consumer Services,ORIENTHOT,EQ,,2543.0
SASKEN TECHNOLOGIES LTD,Technology Services,SASKEN,EQ,,2541.0
SOMANY CERAMICS LIMITED,Producer Manufacturing,SOMANYCERA,EQ,,2534.0
J.G.CHEMICALS LIMITED,Process Industries,JGCHEM,EQ,,2528.0
MONARCH NETWORTH CAP LTD,Finance,MONARCH,EQ,,2498.0
BODAL CHEMICALS LTD,Process Industries,BODALCHEM,BE,,2498.0
PENNAR INDUSTRIES LTD,Non-Energy Minerals,PENIND,EQ,,2493.0
GLASS WALL SYSTEM (I) LTD,Process Industries,GLASSWALL,EQ,,2480.0
FEDERAL-MOGUL GOETZE (IND,Producer Manufacturing,FMGOETZE,EQ,,2479.0
GLOBUS SPIRITS LTD,Consumer Non-Durables,GLOBUSSPR,EQ,,2474.0
DISHMAN CARBO AMCIS LTD,Health Technology,DCAL,EQ,,2469.0
JNK INDIA LIMITED,Producer Manufacturing,JNKINDIA,EQ,,2452.0
SIYARAM SILK MILLS LTD,Process Industries,SIYSIL,EQ,,2450.0
UTKARSH SMALL FIN BANK L,Finance,UTKARSHBNK,EQ,,2449.0
EPACK PREFAB TECHN LTD,Industrial Services,EPACKPEB,EQ,,2447.0
ORIENT CEMENT LTD.,Non-Energy Minerals,ORIENTCEM,EQ,,2440.0
TASTY BITE EATABLES LTD,Consumer Non-Durables,TASTYBITE,EQ,,2434.0
SAKAR HEALTHCARE LIMITED,Health Technology,SAKAR,EQ,,2432.0
GK ENERGY LIMITED,Industrial Services,GKENERGY,EQ,,2431.0
S. P. APPARELS LIMITED,Consumer Non-Durables,SPAL,EQ,,2425.0
FLAIR WRITING INDUST LTD,Producer Manufacturing,FLAIR,EQ,,2417.0
INDOCO REMEDIES LTD.,Health Technology,INDOCO,EQ,,2415.0
VENUS REMEDIES LIMITED,Health Technology,VENUSREM,EQ,,2401.0
VEEDOL CORPORATION LTD,Energy Minerals,VEEDOL,EQ,,2393.0
STL NETWORKS LIMITED,Communications,STLNETWORK,EQ,,2390.0
BHARAT BIJLEE LTD,Producer Manufacturing,BBL,EQ,,2368.0
SHANTI GOLD INTERNATION L,Consumer Durables,SHANTIGOLD,EQ,,2368.0
THEJO ENGINEERING LIMITED,Distribution Services,THEJO,EQ,,2360.0
SYNCOM FORMU (I) LTD,Health Technology,SYNCOMF,EQ,,2358.0
PIX TRANSMISSIONS LIMITED,Producer Manufacturing,PIXTRANS,EQ,,2353.0
EVEREADY INDS. IND.  LTD.,Producer Manufacturing,EVEREADY,EQ,,2349.0
RAJRATAN GLOBAL WIRE LTD,Producer Manufacturing,RAJRATAN,EQ,,2344.0
SAI PARENTERALS LIMITED,Health Technology,SAIPARENT,EQ,,2338.0
AJMERA REALTY & INF I LTD,Finance,AJMERA,EQ,,2337.0
EASY TRIP PLANNERS LTD,Consumer Services,EASEMYTRIP,EQ,,2335.0
SIRCA PAINT INDIA LIMITED,Process Industries,SIRCA,EQ,,2329.0
ROSSARI BIOTECH LIMITED,Process Industries,ROSSARI,EQ,,2315.0
ESAF SMALL FINANCE BANK L,Finance,ESAFSFB,BE,,2298.0
ASIAN ENERGY SERVICES LTD,Energy Minerals,ASIANENE,EQ,,2296.0
BETA DRUGS LIMITED,Health Technology,BETA,EQ,,2283.0
HINDUSTAN OIL EXPLORATION,Energy Minerals,HINDOILEXP,EQ,,2270.0
PARKHOTELS,Consumer Services,PARKHOTELS,EQ,,2260.0
MEDI ASSIST HEALTH SER L,Finance,MEDIASSIST,EQ,,2258.0
WINDLAS BIOTECH LIMITED,Health Technology,WINDLAS,EQ,,2252.0
TURTLEMINT FINTECH SOLS L,Finance,TURTLEMINT,EQ,,2251.0
PANACEA BIOTEC LTD,Health Technology,PANACEABIO,EQ,,2242.0
VENKY S (INDIA) LIMITED,Process Industries,VENKEYS,EQ,,2237.0
APOLLO PIPES LIMITED,Producer Manufacturing,APOLLOPIPE,EQ,,2237.0
MV ELECTROSYSTEMS LIMITED,Producer Manufacturing,MVELECTRO,EQ,,2232.0
COSMO FIRST LIMITED,Process Industries,COSMOFIRST,EQ,,2220.0
ARKADE DEVELOPERS LIMITED,Consumer Durables,ARKADE,EQ,,2217.0
PRAKASH INDUSTRIES LTD,Non-Energy Minerals,PRAKASH,EQ,,2216.0
G M BREWERIES LTD,Consumer Non-Durables,GMBREW,EQ,,2209.0
KNACK PACKAGING LIMITED,Process Industries,KNACK,EQ,,2203.0
FISCHER MEDICAL VENTURE L,Process Industries,FISCHER,EQ,,2196.0
ORISSA MIN DEV CO LTD,Non-Energy Minerals,ORISSAMINE,EQ,,2191.0
QUADRANT FUTURE TEK LTD,Producer Manufacturing,QUADFUTURE,EQ,,2190.0
POKARNA LIMITED,Producer Manufacturing,POKARNA,EQ,,2188.0
MOLD-TEK PACKAGING LTD,Producer Manufacturing,MOLDTKPAC,EQ,,2188.0
RANE HOLDINGS LIMITED,Producer Manufacturing,RANEHOLDIN,EQ,,2184.0
BOMBAY DYEING & MFG. CO L,Process Industries,BOMDYEING,EQ,,2181.0
GSP CROP SCIENCE LIMITED,Process Industries,GSPCROP,EQ,,2173.0
SHRINGAR HOU OF MANGALS L,Consumer Durables,SHRINGARMS,EQ,,2166.0
BRIGADE HOTEL VENTURE LTD,Consumer Services,BRIGHOTEL,EQ,,2164.0
DELTA CORP LIMITED,Consumer Services,DELTACORP,EQ,,2156.0
AMIR CHAND JAG KUM (E) L,Process Industries,AEROPLANE,EQ,,2139.0
GEOJIT FINANCIAL SER L,Finance,GEOJITFSL,EQ,,2138.0
REPCO HOME FINANCE LTD,Finance,REPCOHOME,EQ,,2138.0
VERANDA LEARNING SOL LTD,Commercial Services,VERANDA,EQ,,2127.0
NITCO LIMITED,Producer Manufacturing,NITCO,EQ,,2120.0
BLUSPRING ENTERPRISES LTD,Commercial Services,BLUSPRING,EQ,,2119.0
DYNAMIC CABLES LIMITED,Producer Manufacturing,DYCL,EQ,,2118.0
EXICOM TELE SYSTEMS LTD,Producer Manufacturing,EXICOM,EQ,,2116.0
SANSTAR LIMITED,Consumer Non-Durables,SANSTAR,EQ,,2102.0
MACPOWER CNC MACHINES LTD,Producer Manufacturing,MACPOWER,EQ,,2097.0
KALYANI INVEST CO LTD,Finance,KICL,EQ,,2095.0
NELCO LTD,Electronic Technology,NELCO,EQ,,2087.0
RAMCO SYSTEMS LTD.,Technology Services,RAMCOSYS,EQ,,2085.0
ADVAIT ENRGY TRANSITION L,Producer Manufacturing,ADVAIT,EQ,,2083.0
TIL LTD,Producer Manufacturing,TIL,BE,,2082.0
BEHARI LAL ENGINEERING L,Non-Energy Minerals,BLEL,EQ,,2054.0
MOTISONS JEWELLERS LTD,Retail Trade,MOTISONS,EQ,,2048.0
VIDYA WIRES LIMITED,Non-Energy Minerals,VIDYAWIRES,EQ,,2008.0
TAJ GVK HOTELS & RESORTS,Consumer Services,TAJGVK,EQ,,2008.0
OMAXE LIMITED,Finance,OMAXE,EQ,,2008.0
TCI EXPRESS LIMITED,Transportation,TCIEXP,EQ,,2005.0
