symbol,date,ticker,nse_raw,ours,factor,later_steps,product_of_later_steps,yahoo,eod2,marketlens,raw_x_factor_ok,refs_within_2pct,refs_compared
ADANIENT,2010-08-20,ADANIENT,643.9,83.463,0.129621,3,0.129621,0.8457,0.1296,0.1335,True,0,3
SRF,2011-07-07,SRF,310.25,62.05,0.2,1,0.2,1.0,1.0,1.0,True,3,3
NETWORK18,2012-05-18,NETWORK18,32.5,32.361,0.995722,1,0.995722,1.0,0.9957,1.0056,True,3,3
GIPCL,2013-01-28,GIPCL,70.05,70.05,1.0,0,1.0,1.0,1.0,1.0,True,3,3
ASTRAZEN,2013-07-01,ASTRAZEN,684.0,684.0,1.0,0,1.0,1.0,1.0,1.0,True,3,3
GAIL,2014-09-09,GAIL,458.7,86.0062,0.1875,4,0.1875,1.0,1.0001,1.0,True,3,3
UPL,2016-03-21,UPL,445.25,284.7354,0.639496,2,0.639496,0.9592,0.9592,0.9976,True,1,3
HDIL,2017-02-07,HDIL,68.1,68.1,1.0,0,1.0,1.0,1.0,1.0,True,3,3
JPINFRATEC,2017-02-23,JPINFRATEC,10.35,10.35,1.0,0,1.0,,,1.0,True,1,1
NAVINFLUOR,2017-06-27,NAVINFLUOR,3038.9,607.78,0.2,1,0.2,1.0,1.0,1.0,True,3,3
DELTACORP,2017-07-04,DELTACORP,154.9,154.9,1.0,0,1.0,1.0,1.0,1.0,True,3,3
JUBLFOOD,2018-01-30,JUBLFOOD,2138.25,213.825,0.1,2,0.1,1.0,1.0001,1.0,True,3,3
EDELWEISS,2018-06-07,EDELWEISS,331.4,183.1421,0.552632,1,0.552632,1.0224,0.5526,0.5526,True,0,3
SONATSOFTW,2018-09-14,SONATSOFTW,394.4,147.9,0.375,2,0.375,1.0,1.0,1.0,True,3,3
GLAXO,2018-09-26,GLAXO,1518.55,1518.55,1.0,0,1.0,1.0,1.0,1.0,True,3,3
CEMPRO,2018-11-05,ITDCEM,114.25,114.25,1.0,0,1.0,1.0,1.0,1.0,True,3,3
DLF,2018-11-07,DLF,172.95,172.95,1.0,0,1.0,1.0026,1.0,1.0,True,3,3
TITAN,2019-01-29,TITAN,966.1,966.1,1.0,0,1.0,1.0,1.0,1.0,True,3,3
HAL,2019-02-06,HAL,658.8,329.4,0.5,1,0.5,1.0,1.0,1.0,True,3,3
TATASTLLP,2019-02-08,TATASPONGE,748.2,638.6733,0.853613,1,0.853613,,,0.9987,True,1,1
EQUITAS,2019-08-02,EQUITAS,113.75,113.75,1.0,0,1.0,,,1.0,True,1,1
KPITTECH,2019-10-07,KPITTECH,95.35,95.35,1.0,0,1.0,1.0,1.0,1.0,True,3,3
SUMICHEM,2020-07-30,SUMICHEM,268.15,268.15,1.0,0,1.0,1.0,1.0,1.0,True,3,3
ICICIGI,2021-03-08,ICICIGI,1481.5,1481.5,1.0,0,1.0,1.0,1.0,1.0,True,3,3
TORNTPHARM,2021-07-14,TORNTPHARM,3011.65,1505.825,0.5,1,0.5,1.0,1.0,1.0,True,3,3
BALAMINES,2021-10-25,BALAMINES,3824.5,3824.5,1.0,0,1.0,1.0,1.0,1.0,True,3,3
VTL,2022-03-09,VTL,2592.1,518.42,0.2,1,0.2,1.0,1.0,0.2,True,2,3
CASTROLIND,2022-05-16,CASTROLIND,105.3,105.3,1.0,0,1.0,1.0,1.0,1.0,True,3,3
CHOLAFIN,2022-05-24,CHOLAFIN,642.7,642.7,1.0,0,1.0,1.0,1.0,1.0,True,3,3
UCOBANK,2022-07-22,UCOBANK,11.45,11.45,1.0,0,1.0,1.0,1.0,1.0,True,3,3
OIL,2023-05-19,OIL,268.9,179.2667,0.666667,1,0.666667,1.0,1.0001,1.0,True,3,3
AUROPHARMA,2024-07-30,AUROPHARMA,1399.45,1399.45,1.0,0,1.0,1.0,1.0,1.0,True,3,3
ABBOTINDIA,2024-08-08,ABBOTINDIA,27219.7,27219.6992,1.0,0,1.0,1.0,1.0,1.0,True,3,3
J&KBANK,2025-01-08,J&KBANK,96.82,96.82,1.0,0,1.0,1.0,1.0,1.0,True,3,3
SUNTV,2025-04-30,SUNTV,620.9,620.9,1.0,0,1.0,1.0,1.0,1.0,True,3,3
TATAELXSI,2025-08-11,TATAELXSI,5676.5,5676.5,1.0,0,1.0,1.0,1.0,1.0,True,3,3
ZENSARTECH,2025-09-23,ZENSARTECH,808.1,808.1,1.0,0,1.0,1.0,1.0,1.0,True,3,3
ADANIENSOL,2025-12-23,ADANIENSOL,994.6,994.6,1.0,0,1.0,1.0,1.0,1.0,True,3,3
TATACAP,2026-04-23,TATACAP,340.6,340.6,1.0,0,1.0,1.0,1.0,1.0,True,3,3
MEDANTA,2026-08-31,MEDANTA,1479.7,1479.7,1.0,0,1.0,1.0,1.0,1.0,True,3,3
