sample,symbol,entry,exit,reason,ret_engine,ret_by_hand,entry_eq_close,exit_eq_close,raw_entry,raw_exit,tick_entry,tick_exit,actions_between,member_on_entry,yahoo,eod2,marketlens,hand_ok,refs_within_2pts,refs_compared
largest,ADANIENT,2020-11-02,2021-09-01,Rank Dropped (#41 > Buffer 40),3.5887,3.5887,True,True,341.1000061035156,1565.199951171875,ADANIENT,ADANIENT,,True,3.5887,3.5887,3.5886,True,3,3
largest,DIXON,2020-05-04,2021-06-01,Rank Dropped (#101 > Buffer 40),3.4775,3.4775,True,True,4586.75,4107.39990234375,DIXON,DIXON,2021-03-18 x0.2000 nse_list:2021-03-18: Face Value Split (Sub-Divisio,True,3.4775,3.4775,-0.1045,True,2,3
largest,RAIN,2017-03-01,2018-02-01,Trend Breakdown (< 50 EMA),3.1098,3.1098,True,True,88.3499984741211,363.1000061035156,RAIN,RAIN,,True,3.1098,3.1098,3.1098,True,3,3
largest,AUROPHARMA,2013-12-02,2015-03-02,Trend Breakdown (< 50 EMA),2.5736,2.5736,True,True,304.20001220703125,1087.0999755859375,AUROPHARMA,AUROPHARMA,,True,2.5736,2.5736,2.5736,True,3,3
largest,TRENT,2023-11-01,2024-11-01,Trend Breakdown (< 50 EMA),2.253,2.253,True,True,2197.64990234375,7149.0,TRENT,TRENT,,True,2.253,2.253,2.253,True,3,3
largest,TVSMOTOR,2014-01-01,2014-12-01,Trend Breakdown (< 50 EMA),2.2229,2.2229,True,True,73.3499984741211,236.39999389648438,TVSMOTOR,TVSMOTOR,,True,2.2229,2.2229,2.2229,True,3,3
largest,PFC,2023-05-02,2024-03-01,Trend Breakdown (< 50 EMA),1.9756,1.9756,True,True,173.60000610351562,413.25,PFC,PFC,2023-09-21 x0.8000 nse_list:2023-09-21:Bonus 1:4 | tejhq:2023-09-21:B,True,1.9756,1.9752,1.9756,True,3,3
largest,TATAELXSI,2020-11-02,2021-08-02,Rank Dropped (#107 > Buffer 40),1.8222,1.8222,True,True,1496.300048828125,4222.7998046875,TATAELXSI,TATAELXSI,,True,1.8222,1.8222,1.8222,True,3,3
largest,RECLTD,2023-07-03,2024-03-01,Trend Breakdown (< 50 EMA),1.7648,1.7648,True,True,166.25,459.6499938964844,RECLTD,RECLTD,,True,1.7648,1.7648,1.7648,True,3,3
largest,ATGL,2020-12-01,2021-07-01,Trend Breakdown (< 50 EMA),1.6843,1.6843,True,True,360.95001220703125,968.9000244140625,ADANIGAS,ATGL,,True,1.6843,1.6843,1.6843,True,3,3
largest,RAJESHEXPO,2015-05-04,2016-04-01,Trend Breakdown (< 50 EMA),1.5858,1.5858,True,True,240.25,621.25,RAJESHEXPO,RAJESHEXPO,,True,1.5858,1.5858,1.5858,True,3,3
largest,TTML,2021-11-01,2022-02-01,Trend Breakdown (< 50 EMA),1.5679,1.5679,True,True,55.20000076293945,141.75,TTML,TTML,,True,1.5679,1.5679,1.5679,True,3,3
largest,SRF,2014-04-01,2015-01-01,Rank Dropped (#65 > Buffer 40),1.5231,1.5231,True,True,347.3500061035156,876.4000244140625,SRF,SRF,,True,1.5231,1.5241,1.5231,True,3,3
largest,FLUOROCHEM,2021-07-01,2022-03-02,Trend Breakdown (< 50 EMA),1.3695,1.3695,True,True,1131.449951171875,2681.0,FLUOROCHEM,FLUOROCHEM,,True,1.3695,1.3695,1.3695,True,3,3
largest,ADANIGREEN,2020-09-01,2021-04-01,Trend Breakdown (< 50 EMA),1.3452,1.3452,True,True,494.6499938964844,1160.050048828125,ADANIGREEN,ADANIGREEN,,True,1.3452,1.3452,1.3452,True,3,3
largest,DBL,2017-05-02,2018-02-01,Trend Breakdown (< 50 EMA),1.2756,1.2756,True,True,422.1000061035156,960.5499877929688,DBL,DBL,,True,1.2756,1.2756,1.2756,True,3,3
largest,PFS,2014-06-02,2015-02-02,Rank Dropped (#57 > Buffer 40),1.2063,1.2063,True,True,28.600000381469727,63.099998474121094,PFS,PFS,,True,1.2063,1.2063,1.2063,True,3,3
largest,APLAPOLLO,2020-10-01,2021-06-01,Rank Dropped (#62 > Buffer 40),1.1957,1.1957,True,True,2954.35009765625,1297.4000244140625,APLAPOLLO,APLAPOLLO,2020-12-15 x0.2000 nse_list:2020-12-15: Face Value Split (Sub-Divisio,True,1.1957,1.196,1.1957,True,3,3
largest,VAKRANGEE,2016-12-01,2018-02-01,Trend Breakdown (< 50 EMA),1.1164,1.1164,True,True,275.75,291.79998779296875,VAKRANGEE,VAKRANGEE,2017-12-21 x0.5000 nse_list:2017-12-21: Bonus 1:1 | tejhq:2017-12-21:,True,1.1164,1.116,1.1163,True,3,3
largest,JKLAKSHMI,2014-06-02,2015-02-02,Trend Breakdown (< 50 EMA),1.077,1.077,True,True,191.60000610351562,397.95001220703125,JKLAKSHMI,JKLAKSHMI,,True,1.077,1.077,1.077,True,3,3
largest,BSE,2023-09-01,2024-03-01,Rank Dropped (#42 > Buffer 40),1.0747,1.0747,True,True,1126.1500244140625,2336.449951171875,BSE,BSE,,True,1.0747,1.0746,1.0748,True,3,3
largest,FINCABLES,2014-04-01,2014-10-01,Rank Dropped (#54 > Buffer 40),0.9674,0.9674,True,True,108.94999694824219,214.35000610351562,FINCABLES,FINCABLES,,True,0.9674,0.9674,0.9674,True,3,3
largest,HAL,2023-12-01,2024-08-01,Trend Breakdown (< 50 EMA),0.9548,0.9548,True,True,2462.25,4813.2998046875,HAL,HAL,,True,0.9548,0.9548,0.9548,True,3,3
largest,BRITANNIA,2014-11-03,2015-09-01,Trend Breakdown (< 50 EMA),0.9367,0.9367,True,True,1508.199951171875,2920.89990234375,BRITANNIA,BRITANNIA,,True,0.9367,0.9367,0.9367,True,3,3
largest,EICHERMOT,2014-08-01,2015-04-01,Rank Dropped (#55 > Buffer 40),0.9053,0.9053,True,True,8408.0,16019.5,EICHERMOT,EICHERMOT,,True,0.9053,0.9053,0.9053,True,3,3
random,CYIENT,2014-01-01,2014-02-03,Below the liquidity floor,0.0366,0.0366,True,True,339.75,352.20001220703125,INFOTECENT,INFOTECENT,,True,0.0366,0.0366,0.0366,True,3,3
random,HEROMOTOCO,2013-09-02,2013-12-02,Rank Dropped (#66 > Buffer 40),0.0197,0.0197,True,True,2023.9000244140625,2063.800048828125,HEROMOTOCO,HEROMOTOCO,,True,0.0197,0.0197,0.0197,True,3,3
random,VINATIORGA,2019-06-03,2019-08-01,Trend Breakdown (< 50 EMA),-0.1597,-0.1597,True,True,2153.050048828125,1809.1500244140625,VINATIORGA,VINATIORGA,,True,-0.1597,-0.1597,-0.1597,True,3,3
random,AUROPHARMA,2024-09-02,2024-10-01,Trend Breakdown (< 50 EMA),-0.0744,-0.0744,True,True,1553.949951171875,1438.300048828125,AUROPHARMA,AUROPHARMA,,True,-0.0744,-0.0744,-0.0744,True,3,3
random,ONGC,2017-01-02,2017-03-01,Trend Breakdown (< 50 EMA),0.0083,0.0083,True,True,192.25,193.85000610351562,ONGC,ONGC,,True,0.0083,0.0083,0.0083,True,3,3
random,BAJAJFINSV,2021-09-01,2021-12-01,Trend Breakdown (< 50 EMA),0.0355,0.0355,True,True,16786.30078125,17382.94921875,BAJAJFINSV,BAJAJFINSV,,True,0.0355,0.0355,0.0355,True,3,3
random,GUJALKALI,2017-11-01,2018-01-01,Rank Dropped (#80 > Buffer 40),-0.0209,-0.0209,True,True,764.9500122070312,749.0,GUJALKALI,GUJALKALI,,True,-0.0209,-0.0209,-0.0209,True,3,3
random,ACC,2011-10-03,2012-01-02,Trend Breakdown (< 50 EMA),0.0348,0.0348,True,True,1100.550048828125,1138.8499755859375,ACC,ACC,,True,0.0348,0.0348,0.0348,True,3,3
random,IOC,2026-03-02,2026-04-01,Trend Breakdown (< 50 EMA),-0.2423,-0.2423,True,True,179.11000061035156,135.72000122070312,IOC,IOC,,True,-0.2423,-0.2423,-0.2423,True,3,3
random,EICHERMOT,2013-05-02,2013-07-01,Trend Breakdown (< 50 EMA),0.1315,0.1315,True,True,3061.949951171875,3464.64990234375,EICHERMOT,EICHERMOT,,True,0.1315,0.1315,0.1315,True,3,3
random,WOCKPHARMA,2015-03-02,2015-05-04,Trend Breakdown (< 50 EMA),-0.1369,-0.1369,True,True,1660.4000244140625,1433.050048828125,WOCKPHARMA,WOCKPHARMA,,True,-0.1369,-0.1369,-0.1369,True,3,3
random,SYNGENE,2016-12-01,2017-02-01,Trend Breakdown (< 50 EMA),-0.1072,-0.1072,True,True,604.7000122070312,539.9000244140625,SYNGENE,SYNGENE,,True,-0.1072,-0.1072,-0.1072,True,3,3
random,TATASTLBSL,2012-07-02,2012-09-03,Trend Breakdown (< 50 EMA),-0.0047,-0.0047,True,True,463.75,461.54998779296875,BHUSANSTL,BHUSANSTL,,True,,,-0.0048,True,1,1
random,CAIRN,2012-01-02,2012-04-02,Trend Breakdown (< 50 EMA),0.0834,0.0834,True,True,314.75,341.0,CAIRN,CAIRN,,True,,,0.0834,True,1,1
random,JKCEMENT,2025-02-01,2025-03-03,Trend Breakdown (< 50 EMA),-0.0585,-0.0585,True,True,4725.10009765625,4448.75,JKCEMENT,JKCEMENT,,True,-0.0585,-0.0585,-0.0585,True,3,3
random,SKFINDIA,2014-08-01,2014-09-01,Below the liquidity floor,-0.0146,-0.0146,True,True,1176.5,1159.3499755859375,SKFINDIA,SKFINDIA,,True,-0.0146,-0.0146,-0.0146,True,3,3
random,POLYMED,2024-11-01,2024-12-02,Rank Dropped (#42 > Buffer 40),-0.1228,-0.1228,True,True,3128.89990234375,2744.64990234375,POLYMED,POLYMED,,True,-0.1228,-0.1228,-0.1228,True,3,3
random,HINDALCO,2022-03-02,2022-04-01,Rank Dropped (#66 > Buffer 40),-0.0493,-0.0493,True,True,600.0999755859375,570.5,HINDALCO,HINDALCO,,True,-0.0493,-0.0493,-0.0493,True,3,3
random,HEXAWARE,2011-02-01,2011-03-01,Trend Breakdown (< 50 EMA),-0.0054,-0.0054,True,True,110.5,54.95000076293945,HEXAWARE,HEXAWARE,2011-02-24 x0.5000 nse_list:2011-02-24:Dividend Rs 1.40 Per Share / B,True,,,-0.0054,True,1,1
random,LMW,2021-02-01,2021-05-03,Trend Breakdown (< 50 EMA),0.1623,0.1623,True,True,5385.2998046875,6259.2998046875,LAXMIMACH,LAXMIMACH,,True,0.1623,0.1623,0.1623,True,3,3
random,JMFINANCIL,2013-07-01,2013-08-01,Trend Breakdown (< 50 EMA),-0.2753,-0.2753,True,True,28.149999618530273,20.399999618530273,JMFINANCIL,JMFINANCIL,,True,-0.2753,-0.2753,-0.2753,True,3,3
random,GRINDWELL,2022-01-03,2022-03-02,Trend Breakdown (< 50 EMA),-0.1783,-0.1783,True,True,1949.300048828125,1601.6500244140625,GRINDWELL,GRINDWELL,,True,-0.1783,-0.1783,-0.1783,True,3,3
random,VSTIND,2019-12-02,2020-01-01,Below the liquidity floor,0.0124,0.0124,True,True,4223.35009765625,4275.60009765625,VSTIND,VSTIND,,True,0.0124,0.0124,0.0124,True,3,3
random,BHARATFORG,2014-07-01,2015-06-01,Trend Breakdown (< 50 EMA),0.8598,0.8598,True,True,652.7999877929688,1214.0999755859375,BHARATFORG,BHARATFORG,,True,0.8598,0.8598,0.8598,True,3,3
random,KANSAINER,2016-03-01,2016-05-02,Rank Dropped (#42 > Buffer 40),0.0636,0.0636,True,True,274.20001220703125,291.6499938964844,KANSAINER,KANSAINER,,True,0.0636,0.0637,0.0636,True,3,3
