fill,signal,first_session_of_month,held,eligible,same_as_engine_this_month,diff_this_month,same_whole_run,rule_breaks,gross_by_hand,engine_net_plus_cost,bench_by_hand,engine_bench,return_gap,bench_gap
2010-01-04,2009-12-31,True,20,181,True,,True,,-0.026065960569655454,-0.026018998115127923,-0.03923162341304809,-0.03923162341304809,-4.696245452753128e-05,0.0
2010-02-01,2010-01-29,True,20,95,True,,True,,-0.01463483221166732,-0.014625387377470747,-0.0009532206944212751,-0.0009532206944211641,-9.444834196572008e-06,-1.1102230246251565e-16
2010-03-02,2010-02-26,True,20,88,True,,True,,0.08939287627955608,0.08928208781173777,0.03647162655344305,0.03647162655344305,0.00011078846781831242,0.0
2010-04-01,2010-03-31,True,20,146,True,,True,,0.007222547198708341,0.007222037078898038,-0.0009090490656356032,-0.0009090490656358252,5.101198103027449e-07,2.220446049250313e-16
2010-05-03,2010-04-30,True,20,165,True,,True,,-0.03396353165629291,-0.03393909724450319,-0.044261445436222235,-0.0442614454362219,-2.443441178971717e-05,-3.3306690738754696e-16
2010-06-01,2010-05-31,True,20,95,True,,True,,0.07397150269516733,0.07385540550259605,0.05718107541394524,0.057181075413945015,0.00011609719257128781,2.220446049250313e-16
2010-07-01,2010-06-30,True,20,138,True,,True,,0.052304500931149515,0.05225216998849055,0.03126745471747583,0.03126745471747583,5.233094265896798e-05,0.0
2010-08-02,2010-07-30,True,20,151,True,,True,,0.07968741954923887,0.07958710746501925,0.01767436719354487,0.017674367193544205,0.00010031208421962257,6.661338147750939e-16
2010-09-01,2010-08-31,True,20,147,True,,True,,0.06993963018009293,0.06990802384100062,0.0902258089041914,0.09022580890419074,3.160633909231325e-05,6.661338147750939e-16
2010-10-01,2010-09-30,True,20,189,True,,True,,0.08081248591080398,0.08075324191065168,0.006804415398103059,0.006804415398103503,5.924400015229481e-05,-4.440892098500626e-16
2010-11-01,2010-10-29,True,20,151,True,,True,,-0.056452483956510334,-0.05638878895339294,-0.0349597759724517,-0.03495977597245181,-6.369500311739079e-05,1.1102230246251565e-16
2010-12-01,2010-11-30,True,20,59,True,,True,,-0.028250936874246985,-0.02819704592980931,0.01866169021594244,0.018661690215942217,-5.389094443767478e-05,2.220446049250313e-16
2011-01-03,2010-12-31,True,20,92,True,,True,,-0.11631597039272282,-0.11621209385790035,-0.12383991303122432,-0.12383991303122421,-0.00010387653482246684,-1.1102230246251565e-16
2011-02-01,2011-01-31,True,20,24,True,,True,,-0.0618892407550174,-0.06177373316214889,0.009098951093137853,0.00909895109313763,-0.00011550759286851203,2.220446049250313e-16
2011-03-01,2011-02-28,True,12,12,True,,True,,0.020708410308728248,0.02066431003221983,0.05653782660670581,0.05653782660670581,4.4100276508418634e-05,0.0
2011-04-01,2011-03-31,True,20,83,True,,True,,0.011057881895041529,0.0110642512114184,-0.014310190622946029,-0.014310190622946362,-6.369316376871742e-06,3.3306690738754696e-16
2011-05-02,2011-04-29,True,20,89,True,,True,,0.043148288232119435,0.04309288448551618,-0.012211253593956584,-0.012211253593956806,5.540374660325392e-05,2.220446049250313e-16
2011-06-01,2011-05-31,True,20,71,True,,True,,0.009777525431837542,0.009763067346391426,0.0009407233609279864,0.0009407233609277643,1.445808544611564e-05,2.220446049250313e-16
2011-07-01,2011-06-30,True,20,73,True,,True,,0.04502628918368079,0.044997473177595435,-0.01795645780121846,-0.017956457801218684,2.8816006085355395e-05,2.220446049250313e-16
2011-08-01,2011-07-29,True,20,78,True,,True,,-0.023888673168411263,-0.02387836311987037,-0.08330612382764568,-0.08330612382764557,-1.0310048540893013e-05,-1.1102230246251565e-16
2011-09-02,2011-08-30,True,20,37,True,,True,,-0.026511932402387528,-0.026468922807498088,-0.041194821783880786,-0.041194821783880786,-4.3009594889439895e-05,0.0
2011-10-03,2011-09-30,True,20,35,True,,True,,0.053381914872492865,0.05330810136386554,0.06854632096741131,0.06854632096741153,7.381350862732672e-05,-2.220446049250313e-16
2011-11-01,2011-10-31,True,20,60,True,,True,,-0.08259303521328021,-0.08250172020510874,-0.07004735359347847,-0.07004735359347825,-9.131500817147198e-05,-2.220446049250313e-16
2011-12-01,2011-11-30,True,20,31,True,,True,,-0.07355925765584331,-0.07340916872844308,-0.07118547929665342,-0.0711854792966532,-0.0001500889274002326,-2.220446049250313e-16
2012-01-02,2011-12-30,True,18,18,True,,True,,0.054727909822772015,0.054635890900309875,0.14297015961138104,0.14297015961138082,9.201892246214066e-05,2.220446049250313e-16
2012-02-01,2012-01-31,True,20,80,True,,True,,0.0515803095295785,0.051525822505961195,0.030649293876212846,0.03064929387621329,5.4487023617301455e-05,-4.440892098500626e-16
2012-03-01,2012-02-29,True,20,121,True,,True,,0.01662608714286657,0.016586750369836874,0.0007540500736376021,0.0007540500736373801,3.933677302969674e-05,2.220446049250313e-16
2012-04-02,2012-03-30,True,20,94,True,,True,,-0.01691940992325414,-0.016890890506680818,-0.01781278329153857,-0.017812783291538348,-2.851941657332213e-05,-2.220446049250313e-16
2012-05-02,2012-04-30,True,20,63,True,,True,,-0.048168219530469986,-0.048102303876156625,-0.07655886654040711,-0.07655886654040689,-6.591565431336016e-05,-2.220446049250313e-16
2012-06-01,2012-05-31,True,20,39,True,,True,,0.037607932924555484,0.03754723369955101,0.08539830475473464,0.08539830475473487,6.069922500447772e-05,-2.220446049250313e-16
2012-07-02,2012-06-29,True,20,82,True,,True,,-0.006597888644651022,-0.0065864836542380385,-0.009340094238082575,-0.009340094238082686,-1.1404990412983845e-05,1.1102230246251565e-16
2012-08-01,2012-07-31,True,20,68,True,,True,,0.029491023018494617,0.02945926164042355,-0.0033197725653995036,-0.0033197725654000587,3.1761378071065716e-05,5.551115123125783e-16
2012-09-03,2012-08-31,True,20,70,True,,True,,0.06058183802895436,0.060537616318923466,0.09564933020033406,0.0956493302003345,4.422171003089226e-05,-4.440892098500626e-16
2012-10-01,2012-09-28,True,20,135,True,,True,,-0.009656717890329203,-0.009632709967602602,-0.010855746802418631,-0.010855746802419297,-2.4007922726601225e-05,6.661338147750939e-16
2012-11-01,2012-10-31,True,20,101,True,,True,,0.07988352816241578,0.07980065978094028,0.047207662304279197,0.04720766230427964,8.28683814755038e-05,-4.440892098500626e-16
2012-12-03,2012-11-30,True,20,144,True,,True,,0.023151839606903375,0.02312368942569718,0.02158995101439687,0.021589951014396647,2.8150181206193503e-05,2.220446049250313e-16
2013-01-01,2012-12-31,True,20,160,True,,True,,-0.01810270684546686,-0.018065509244399907,-0.0021520203919602743,-0.0021520203919601633,-3.7197601066952385e-05,-1.1102230246251565e-16
2013-02-01,2013-01-31,True,20,92,True,,True,,-0.08627579200275673,-0.08617022486341976,-0.05782156242802394,-0.05782156242802383,-0.00010556713933697337,-1.1102230246251565e-16
2013-03-01,2013-02-28,True,20,30,True,,True,,-0.0064348992936465385,-0.006484082684419109,-0.007589310517250869,-0.007589310517250869,4.918339077257007e-05,0.0
2013-04-01,2013-03-28,True,20,34,True,,True,,0.017683446829084803,0.017667618704529098,0.05138167323539955,0.05138167323539933,1.582812455570501e-05,2.220446049250313e-16
2013-05-02,2013-04-30,True,20,87,True,,True,,0.016146618005496285,0.01612702667391285,-0.007614402402530307,-0.007614402402530085,1.959133158343715e-05,-2.220446049250313e-16
2013-06-03,2013-05-31,True,20,73,True,,True,,-0.019605226584646415,-0.0195898924950541,-0.01872598888245014,-0.01872598888245025,-1.5334089592314998e-05,1.1102230246251565e-16
2013-07-01,2013-06-28,True,20,49,True,,True,,0.001386267444306938,0.0013873032269159974,-0.04769195437495222,-0.04769195437495233,-1.0357826090592968e-06,1.1102230246251565e-16
2013-08-01,2013-07-31,True,20,35,True,,True,,-0.004719077912280411,-0.004732441931482106,-0.027273771244832323,-0.027273771244832323,1.3364019201695006e-05,0.0
2013-09-02,2013-08-30,True,20,31,True,,True,,0.028989280706175527,0.02892747214115716,0.044306711528244946,0.044306711528244946,6.180856501836543e-05,0.0
2013-10-01,2013-09-30,True,20,61,True,,True,,0.04611477493289339,0.04610759155090824,0.09046100974473781,0.09046100974473714,7.183381985152726e-06,6.661338147750939e-16
2013-11-01,2013-10-31,True,20,92,True,,True,,0.01803126958383459,0.018025929935214027,-0.003856520837652977,-0.003856520837653199,5.339648620563547e-06,2.220446049250313e-16
2013-12-02,2013-11-29,True,20,87,True,,True,,0.07669496009744113,0.07660260960857565,0.024321455332611874,0.024321455332611874,9.23504888654808e-05,0.0
2014-01-01,2013-12-31,True,20,117,True,,True,,-0.00975112013378436,-0.009754009290617942,-0.05541275082550157,-0.055412750825501456,2.889156833581555e-06,-1.1102230246251565e-16
2014-02-03,2014-01-31,True,20,57,True,,True,,0.0785908968925034,0.07849981502873081,0.03608652160351067,0.036086521603510224,9.108186377258798e-05,4.440892098500626e-16
2014-03-03,2014-02-28,True,20,102,True,,True,,0.030359866518978852,0.030347875918909,0.08648755268567165,0.08648755268567188,1.1990600069851365e-05,-2.220446049250313e-16
2014-04-01,2014-03-31,True,20,167,True,,True,,0.041226745017717475,0.041181846447526496,0.005369922699867136,0.005369922699867358,4.4898570190979314e-05,-2.220446049250313e-16
2014-05-02,2014-04-30,True,20,165,True,,True,,0.1451321591393001,0.1450018934918505,0.1236943897965197,0.12369438979651948,0.00013026564744961222,2.220446049250313e-16
2014-06-02,2014-05-30,True,20,264,True,,True,,0.1315878037856277,0.13139322023141153,0.04875078234687136,0.04875078234687136,0.00019458355421617113,0.0
2014-07-01,2014-06-30,True,20,312,True,,True,,-0.04236270332233828,-0.04232357960186172,-0.01422603590380489,-0.014226035903804668,-3.9123720476562374e-05,-2.220446049250313e-16
2014-08-01,2014-07-31,True,20,173,True,,True,,0.050297366424414354,0.05024998860879537,0.053463029926207106,0.05346302992620666,4.73778156189833e-05,4.440892098500626e-16
2014-09-01,2014-08-28,True,20,167,True,,True,,0.06234343042196281,0.06228445266374228,-0.0062748021651173325,-0.006274802165117888,5.897775822052975e-05,5.551115123125783e-16
2014-10-01,2014-09-30,True,20,187,True,,True,,0.06568346524954477,0.06559988605181927,0.04786614671657774,0.047866146716578184,8.357919772550293e-05,-4.440892098500626e-16
2014-11-03,2014-10-31,True,20,191,True,,True,,0.06733845527199123,0.06729302465910462,0.028899363095326924,0.02889936309532737,4.543061288660166e-05,-4.440892098500626e-16
2014-12-01,2014-11-28,True,20,210,True,,True,,0.029286326304745255,0.02927085012049161,-0.016229224201042336,-0.016229224201042336,1.547618425364397e-05,0.0
2015-01-01,2014-12-31,True,20,173,True,,True,,0.06267920400919766,0.06263694692435195,0.05699886532765497,0.05699886532765497,4.2257084845703785e-05,0.0
2015-02-02,2015-01-30,True,20,202,True,,True,,0.04869895794837894,0.048647369420668496,0.01767067713198278,0.017670677131983226,5.158852771044303e-05,-4.440892098500626e-16
2015-03-02,2015-02-28,True,20,161,True,,True,,0.0042293581614101065,0.0042375792810940005,-0.03280294260683725,-0.03280294260683769,-8.221119683893968e-06,4.440892098500626e-16
2015-04-01,2015-03-31,True,20,123,True,,True,,-0.07833010101422669,-0.07823610430448988,-0.02645817398940542,-0.026458173989405198,-9.399670973680996e-05,-2.220446049250313e-16
2015-05-04,2015-04-30,True,20,65,True,,True,,0.0580847439337674,0.05795819455741725,0.012228300404457881,0.012228300404457881,0.00012654937635014907,0.0
2015-06-01,2015-05-29,True,20,110,True,,True,,0.05690058581839383,0.05680985975366539,0.002134402690640913,0.002134402690640913,9.07260647284372e-05,0.0
2015-07-01,2015-06-30,True,20,105,True,,True,,0.07716332994317412,0.07710164637973586,0.022474649685182868,0.02247464968518309,6.16835634382612e-05,-2.220446049250313e-16
2015-08-03,2015-07-31,True,20,164,True,,True,,-0.09019861769232715,-0.09007803403600584,-0.08511011362042364,-0.08511011362042342,-0.0001205836563213103,-2.220446049250313e-16
2015-09-01,2015-08-31,True,20,79,True,,True,,0.04666654682138424,0.04659243710463634,0.020276744988309225,0.02027674498830989,7.41097167478999e-05,-6.661338147750939e-16
2015-10-01,2015-09-30,True,20,86,True,,True,,0.00825959996253944,0.008276553860773105,0.012983695243819815,0.012983695243820481,-1.6953898233664638e-05,-6.661338147750939e-16
2015-11-02,2015-10-30,True,20,107,True,,True,,0.026832862446296613,0.026810102411266048,-0.004213087273212679,-0.004213087273212457,2.2760035030565395e-05,-2.220446049250313e-16
2015-12-01,2015-11-30,True,20,108,True,,True,,0.0051701710954763225,0.00516471519832405,0.006130353817504597,0.006130353817504375,5.455897152272307e-06,2.220446049250313e-16
2016-01-01,2015-12-31,True,20,128,True,,True,,-0.08294504041273332,-0.08288095291901429,-0.06101145306611966,-0.061011453066120214,-6.408749371902833e-05,5.551115123125783e-16
2016-02-01,2016-01-29,True,20,66,True,,True,,-0.07026572328896433,-0.07014427655409748,-0.050704869433581434,-0.050704869433581434,-0.00012144673486684521,0.0
2016-03-01,2016-02-29,True,15,15,True,,True,,0.019274774828304583,0.019242724195348296,0.07067217049692265,0.07067217049692243,3.205063295628682e-05,2.220446049250313e-16
2016-04-01,2016-03-31,True,20,89,True,,True,,0.018218347556309297,0.018206129376456263,0.020890543790241134,0.020890543790240912,1.2218179853033112e-05,2.220446049250313e-16
2016-05-02,2016-04-29,True,20,137,True,,True,,0.05281948760460177,0.05274097623259186,0.035759063243239186,0.03575906324323941,7.851137200991232e-05,-2.220446049250313e-16
2016-06-01,2016-05-31,True,20,132,True,,True,,0.0710160774617911,0.07094694569008055,0.031164486570952832,0.031164486570953054,6.913177171055662e-05,-2.220446049250313e-16
2016-07-01,2016-06-30,True,20,172,True,,True,,0.11395557368982998,0.11391768650275443,0.043711803752214395,0.04371180375221395,3.788718707554983e-05,4.440892098500626e-16
2016-08-01,2016-07-29,True,20,203,True,,True,,0.02855721710790402,0.028527712711964477,0.018984192336793937,0.018984192336793715,2.950439593954121e-05,2.220446049250313e-16
2016-09-01,2016-08-31,True,20,218,True,,True,,0.045014515116294895,0.04495706421101308,0.007753234416600918,0.00775323441660114,5.7450905281815345e-05,-2.220446049250313e-16
2016-10-03,2016-09-30,True,20,172,True,,True,,0.015008436235499786,0.014995151118403154,-0.00398951176607254,-0.003989511766072762,1.328511709663277e-05,2.220446049250313e-16
2016-11-01,2016-10-30,True,20,194,True,,True,,-0.15787864015181574,-0.15767817893503827,-0.061575271253765496,-0.061575271253765274,-0.00020046121677746997,-2.220446049250313e-16
2016-12-01,2016-11-30,True,20,99,True,,True,,-0.030028086495326074,-0.029997721820395243,-0.005362025496253642,-0.005362025496253531,-3.0364674930831448e-05,-1.1102230246251565e-16
2017-01-02,2016-12-30,True,20,76,True,,True,,0.06181240443333536,0.06174473587295828,0.07333809353802212,0.0733380935380219,6.766856037708491e-05,2.220446049250313e-16
2017-02-01,2017-01-31,True,20,188,True,,True,,0.021279475820533505,0.02126919371955032,0.03175205061169084,0.03175205061169106,1.0282100983183967e-05,-2.220446049250313e-16
2017-03-01,2017-02-28,True,20,235,True,,True,,0.03998068447368139,0.03989345810892336,0.03848633731801354,0.0384863373180131,8.722636475802514e-05,4.440892098500626e-16
2017-04-03,2017-03-31,True,20,277,True,,True,,0.07312033087233503,0.07304515745789783,0.022127987185138753,0.022127987185138753,7.51734144372046e-05,0.0
2017-05-02,2017-04-28,True,20,305,True,,True,,0.0019125995003714986,0.0019126729569349178,0.016497901316308905,0.016497901316309127,-7.34565634191893e-08,-2.220446049250313e-16
2017-06-01,2017-05-31,True,20,190,True,,True,,0.022271141343263117,0.022250164925328133,0.0058861141487842605,0.0058861141487842605,2.097641793498417e-05,0.0
2017-07-03,2017-06-30,True,20,155,True,,True,,0.03167762034660812,0.03164698968255831,0.0470747588042395,0.04707475880423928,3.0630664049811906e-05,2.220446049250313e-16
2017-08-01,2017-07-31,True,20,225,True,,True,,0.052873842338469236,0.05280067999451162,-0.00650772757188578,-0.006507727571885336,7.3162343957614e-05,-4.440892098500626e-16
2017-09-01,2017-08-31,True,20,165,True,,True,,0.037059052527455526,0.037022554069782755,-0.010605065532109381,-0.010605065532109492,3.64984576727706e-05,1.1102230246251565e-16
2017-10-03,2017-09-29,True,20,143,True,,True,,0.08300265838589706,0.08295319696993171,0.06608445696342824,0.06608445696342913,4.9461415965346145e-05,-8.881784197001252e-16
2017-11-01,2017-10-31,True,20,261,True,,True,,0.03131411788598416,0.03127087753258885,-0.018890398869499836,-0.01889039886949917,4.324035339531296e-05,-6.661338147750939e-16
2017-12-01,2017-11-30,True,20,254,True,,True,,0.05483625457405208,0.05475224071262443,0.04128956778950155,0.04128956778950177,8.401386142764533e-05,-2.220446049250313e-16
2018-01-01,2017-12-29,True,20,293,True,,True,,-0.04624119602434477,-0.04618392706527063,0.02676877417987167,0.02676877417987167,-5.726895907413876e-05,0.0
2018-02-01,2018-01-31,True,20,165,True,,True,,-0.006715993527862221,-0.006784466053641826,-0.04766156879545358,-0.04766156879545369,6.847252577960473e-05,1.1102230246251565e-16
2018-03-01,2018-02-28,True,20,118,True,,True,,-0.020344148564669814,-0.020321352486513244,-0.02186908897765394,-0.02186908897765394,-2.2796078156570032e-05,0.0
2018-04-02,2018-03-28,True,20,87,True,,True,,0.10148459257546052,0.10135985974181444,0.04664435480296114,0.04664435480296003,0.00012473283364608512,1.1102230246251565e-15
2018-05-02,2018-04-30,True,20,194,True,,True,,-0.0008704661585227993,-0.0008759348839456055,-0.020038117422838675,-0.020038117422838675,5.468725422806144e-06,0.0
2018-06-01,2018-05-31,True,20,114,True,,True,,-0.017105548813199683,-0.01710169991909329,-0.015801842197671556,-0.015801842197671556,-3.84889410639383e-06,0.0
2018-07-02,2018-06-29,True,20,86,True,,True,,0.08048234869251017,0.0804374650249868,0.0595784389065761,0.059578438906576325,4.488366752336548e-05,-2.220446049250313e-16
2018-08-01,2018-07-31,True,20,127,True,,True,,0.03180753247067054,0.03178700407845113,0.02796916605364852,0.027969166053648742,2.0528392219408553e-05,-2.220446049250313e-16
2018-09-03,2018-08-31,True,20,163,True,,True,,-0.12485653637804385,-0.12472191664156011,-0.07621212197567939,-0.07621212197567928,-0.0001346197364837376,-1.1102230246251565e-16
2018-10-01,2018-09-28,True,20,40,True,,True,,-0.05484392048888124,-0.054739772231661446,-0.042878184496208616,-0.04287818449620795,-0.00010414825721979243,-6.661338147750939e-16
2018-11-01,2018-10-31,True,20,48,True,,True,,0.003766969784935981,0.0037358873830731195,0.04039897406668569,0.04039897406668591,3.108240186286155e-05,-2.220446049250313e-16
2018-12-03,2018-11-30,True,20,87,True,,True,,-0.001751133921096536,-0.0017480664715157853,0.007779202138732844,0.0077792021387323995,-3.0674495807507095e-06,4.440892098500626e-16
2019-01-01,2018-12-31,True,20,100,True,,True,,-0.01057332239674921,-0.010571277584743535,-0.015394818382456932,-0.015394818382457154,-2.0448120056741625e-06,2.220446049250313e-16
2019-02-01,2019-01-31,True,20,67,True,,True,,-0.009236157929100609,-0.009224687917691717,-0.002075902962578424,-0.002075902962578313,-1.1470011408892464e-05,-1.1102230246251565e-16
2019-03-01,2019-02-28,True,20,73,True,,True,,0.060732886612233,0.06066905970857021,0.0735269709543569,0.0735269709543569,6.382690366279337e-05,0.0
2019-04-01,2019-03-29,True,20,174,True,,True,,-0.006248579580546443,-0.006248462405419116,-0.0066481137909709664,-0.006648113790970189,-1.1717512732756924e-07,-7.771561172376096e-16
2019-05-02,2019-04-30,True,20,115,True,,True,,0.04762746170714846,0.04757585095649161,0.029582360570687527,0.029582360570687305,5.1610750656849724e-05,2.220446049250313e-16
2019-06-03,2019-05-31,True,20,163,True,,True,,-0.008142456017884332,-0.008130258486423313,-0.02112349585794049,-0.02112349585794049,-1.219753146101954e-05,0.0
2019-07-01,2019-06-28,True,20,121,True,,True,,-0.08436357538571387,-0.08428788182641835,-0.08002162050859674,-0.08002162050859685,-7.569355929552823e-05,1.1102230246251565e-16
2019-08-01,2019-07-31,True,20,44,True,,True,,0.013922336944805052,0.013902140683297452,-0.014928797247013348,-0.014928797247013015,2.01962615076004e-05,-3.3306690738754696e-16
2019-09-03,2019-08-30,True,20,81,True,,True,,0.03761689521665823,0.037571141903885434,0.04931069543928612,0.0493106954392859,4.575331277279632e-05,2.220446049250313e-16
2019-10-01,2019-09-30,True,20,132,True,,True,,0.07316241755619199,0.07307767475683663,0.050625784937854634,0.05062578493785441,8.474279935535844e-05,2.220446049250313e-16
2019-11-01,2019-10-31,True,20,163,True,,True,,0.02479260881619133,0.024776242168326554,0.009686727122836025,0.009686727122835803,1.6366647864776013e-05,2.220446049250313e-16
2019-12-02,2019-11-29,True,20,165,True,,True,,0.020196275159605377,0.020180363381907544,0.009241681975913352,0.009241681975913352,1.5911777697833612e-05,0.0
2020-01-01,2019-12-31,True,20,150,True,,True,,0.0563225805886064,0.05627194117559637,-0.028568394759595717,-0.028568394759595273,5.063941301002711e-05,-4.440892098500626e-16
2020-02-01,2020-01-31,True,20,187,True,,True,,-0.0269773495411876,-0.02692653117513853,-0.04447717844483423,-0.04447717844483401,-5.081836604907061e-05,-2.220446049250313e-16
2020-03-02,2020-02-28,True,20,90,True,,True,,-0.2376571602505598,-0.23723636257306138,-0.26330783980476746,-0.26330783980476746,-0.000420797677498419,0.0
2020-04-01,2020-03-31,True,10,10,True,,True,,0.047381744028660536,0.04728452535570258,0.12347769504358941,0.12347769504359007,9.721867295795633e-05,-6.661338147750939e-16
2020-05-04,2020-04-30,True,20,70,True,,True,,0.05164336135131628,0.05155618660978776,0.055706933091129285,0.05570693309112973,8.71747415285215e-05,-4.440892098500626e-16
2020-06-01,2020-05-29,True,20,75,True,,True,,0.03156200612259097,0.03154339464413848,0.06666375730975926,0.06666375730975882,1.8611478452487673e-05,4.440892098500626e-16
2020-07-01,2020-06-30,True,20,127,True,,True,,0.08028089060306544,0.08018208907099082,0.044104152663724694,0.044104152663724694,9.880153207461606e-05,0.0
2020-08-03,2020-07-31,True,20,151,True,,True,,0.048196414317612075,0.048171539675704526,0.05712014599112192,0.057120145991121696,2.4874641907549067e-05,2.220446049250313e-16
2020-09-01,2020-08-31,True,20,191,True,,True,,0.10063159653665596,0.10057515778898111,0.0020598903862956153,0.0020598903862956153,5.643874767484458e-05,0.0
2020-10-01,2020-09-30,True,20,188,True,,True,,-0.007846530626046316,-0.007834383383072614,0.014188782142743994,0.014188782142743772,-1.2147242973702468e-05,2.220446049250313e-16
2020-11-02,2020-10-30,True,20,143,True,,True,,0.12079374480464085,0.12070287030945666,0.12913781334833963,0.12913781334833985,9.087449518419e-05,-2.220446049250313e-16
2020-12-01,2020-11-27,True,20,259,True,,True,,0.048797509696753734,0.048756086293990086,0.06826855188899095,0.06826855188899073,4.142340276364759e-05,2.220446049250313e-16
2021-01-01,2020-12-31,True,20,317,True,,True,,0.036114535034969274,0.036100101340339134,0.01687278884823562,0.01687278884823562,1.4433694630139327e-05,0.0
2021-02-01,2021-01-29,True,20,211,True,,True,,0.14986413532441203,0.14967755170918323,0.050819233399744146,0.050819233399744146,0.0001865836152288025,0.0
2021-03-01,2021-02-26,True,20,300,True,,True,,0.11224037902847118,0.11217953160301458,0.008950300364641839,0.008950300364641395,6.0847425456603266e-05,4.440892098500626e-16
2021-04-01,2021-03-31,True,20,254,True,,True,,0.048003279772061126,0.04795210602746854,-0.006711274941902379,-0.006711274941902601,5.1173744592583614e-05,2.220446049250313e-16
2021-05-03,2021-04-30,True,20,263,True,,True,,0.02521091473034932,0.02517648068729354,0.06576309473386988,0.0657630947338701,3.4434043055781016e-05,-2.220446049250313e-16
2021-06-01,2021-05-31,True,20,402,True,,True,,0.026018103344329586,0.026010160096462696,0.01844758674983349,0.018447586749833933,7.943247866890046e-06,-4.440892098500626e-16
2021-07-01,2021-06-30,True,20,389,True,,True,,0.14124564640936751,0.1410814086758344,0.02449810838331823,0.02449810838331823,0.0001642377335331069,0.0
2021-08-02,2021-07-30,True,20,339,True,,True,,0.007212728085743587,0.007202641560325824,0.05569259342556787,0.055692593425568315,1.0086525417763413e-05,-4.440892098500626e-16
2021-09-01,2021-08-31,True,20,282,True,,True,,0.05006293949477179,0.05000116640136881,0.03179086476512483,0.031790864765124605,6.177309340297393e-05,2.220446049250313e-16
2021-10-01,2021-09-30,True,20,315,True,,True,,-0.005103003318042159,-0.005075032009499389,0.019232114133855616,0.01923211413385606,-2.7971308542769358e-05,-4.440892098500626e-16
2021-11-01,2021-10-29,True,20,208,True,,True,,0.0612544714137192,0.06119267094493179,-0.03385023557934219,-0.03385023557934197,6.180046878741241e-05,-2.220446049250313e-16
2021-12-01,2021-11-30,True,20,121,True,,True,,0.12361900829866604,0.1234815210848104,0.028400982096356442,0.028400982096356664,0.00013748721385563323,-2.220446049250313e-16
2022-01-03,2021-12-31,True,20,205,True,,True,,-0.049516221711628255,-0.04945573397799175,-0.0058140299646159965,-0.0058140299646155524,-6.048773363650367e-05,-4.440892098500626e-16
2022-02-01,2022-01-31,True,20,180,True,,True,,-0.09655791034274967,-0.09644477065003608,-0.06062370172397835,-0.060623701723978574,-0.00011313969271359303,2.220446049250313e-16
2022-03-02,2022-02-28,True,20,75,True,,True,,0.04898028722687809,0.04890025533040862,0.06250088029408873,0.0625008802940894,8.003189646946934e-05,-6.661338147750939e-16
2022-04-01,2022-03-31,True,20,193,True,,True,,0.0015804348382332002,0.0015974870644289655,-0.023264600027838034,-0.0232646000278377,-1.7052226195765283e-05,-3.3306690738754696e-16
2022-05-02,2022-04-29,True,20,146,True,,True,,-0.07789418227062771,-0.07782394968330798,-0.044339488202601696,-0.044339488202601696,-7.023258731972404e-05,0.0
2022-06-01,2022-05-31,True,20,108,True,,True,,-0.04620144689903471,-0.046138764972331145,-0.04888552783872635,-0.04888552783872635,-6.268192670356304e-05,0.0
2022-07-01,2022-06-30,True,20,68,True,,True,,0.1347354035142584,0.13460193040760543,0.10843297037205701,0.10843297037205768,0.0001334731066529593,-6.661338147750939e-16
2022-08-01,2022-07-29,True,20,180,True,,True,,0.06854990231443713,0.06850061808629297,0.024540559108497728,0.024540559108497062,4.928422814415301e-05,6.661338147750939e-16
2022-09-01,2022-08-30,True,20,228,True,,True,,-0.02413213478433442,-0.02411245826807491,-0.037649889555064764,-0.0376498895550651,-1.9676516259510557e-05,3.3306690738754696e-16
2022-10-03,2022-09-30,True,20,167,True,,True,,0.0724678873835617,0.07243127646217555,0.06140656488028151,0.06140656488028173,3.6610921386154294e-05,-2.220446049250313e-16
2022-11-01,2022-10-31,True,20,197,True,,True,,0.06396714360136843,0.06390512795362535,0.03002754643634087,0.030027546436341535,6.201564774308e-05,-6.661338147750939e-16
2022-12-01,2022-11-30,True,20,228,True,,True,,-0.01883279761268907,-0.01879612508741071,-0.03001134095020297,-0.03001134095020297,-3.6672525278360485e-05,0.0
2023-01-02,2022-12-30,True,20,149,True,,True,,-0.0903868533492278,-0.09026562151308797,-0.043546459756565015,-0.043546459756565015,-0.00012123183613983735,0.0
2023-02-01,2023-01-31,True,20,129,True,,True,,-0.03889463102647777,-0.03883232226903009,-0.012311712627924187,-0.012311712627924298,-6.2308757447678e-05,1.1102230246251565e-16
2023-03-01,2023-02-28,True,20,92,True,,True,,-0.020674525235570007,-0.020650252863893204,-0.0042891676355366615,-0.0042891676355368835,-2.4272371676802712e-05,2.220446049250313e-16
2023-04-03,2023-03-31,True,20,125,True,,True,,0.09930091001261081,0.09920313592917036,0.047856621889542206,0.04785662188954265,9.777408344044392e-05,-4.440892098500626e-16
2023-05-02,2023-04-28,True,20,239,True,,True,,0.019654916868009385,0.01964145909087222,0.03003774324788,0.030037743247880444,1.3457777137165089e-05,-4.440892098500626e-16
2023-06-01,2023-05-31,True,20,296,True,,True,,0.09447506316651795,0.09433722500978937,0.04870450212082855,0.04870450212082811,0.0001378381567285758,4.440892098500626e-16
2023-07-03,2023-06-30,True,20,344,True,,True,,0.060388533501364104,0.06032132933773008,0.031655468464026226,0.031655468464026004,6.720416363402426e-05,2.220446049250313e-16
2023-08-01,2023-07-31,True,20,357,True,,True,,0.021878890499593625,0.021839150815346584,0.0013723414549751123,0.0013723414549748902,3.973968424704141e-05,2.220446049250313e-16
2023-09-01,2023-08-31,True,20,336,True,,True,,0.04249752948193905,0.04247294125147154,0.010533220494830076,0.01053322049483052,2.458823046751213e-05,-4.440892098500626e-16
2023-10-03,2023-09-29,True,20,325,True,,True,,-0.032594253586318726,-0.032580080532455535,-0.030221276891691407,-0.03022127689169063,-1.4173053863190954e-05,-7.771561172376096e-16
2023-11-01,2023-10-31,True,20,180,True,,True,,0.15197901328160734,0.1517905119194125,0.08261543840147723,0.08261543840147811,0.00018850136219483726,-8.881784197001252e-16
2023-12-01,2023-11-30,True,20,367,True,,True,,0.054541445604623234,0.05448263462121026,0.07475152287976772,0.0747515228797675,5.881098341297547e-05,2.220446049250313e-16
2024-01-01,2023-12-29,True,20,406,True,,True,,0.06769021522531102,0.0676309070057535,0.015811910937620244,0.015811910937620244,5.930821955751897e-05,0.0
2024-02-01,2024-01-31,True,20,365,True,,True,,0.00986286864765812,0.009878484837220569,0.02894472717527874,0.02894472717527896,-1.5616189562448618e-05,-2.220446049250313e-16
2024-03-01,2024-02-29,True,20,285,True,,True,,0.018149681940352495,0.018128488341384637,0.007014810956373019,0.007014810956372797,2.1193598967857163e-05,2.220446049250313e-16
2024-04-01,2024-03-28,True,20,247,True,,True,,0.031370702502716806,0.03135014369293358,0.028842188990633177,0.028842188990632733,2.0558809783223497e-05,4.440892098500626e-16
2024-05-02,2024-04-30,True,20,345,True,,True,,0.05193529072106387,0.051875513078533234,0.03385569826784818,0.033855698267847956,5.9777642530636776e-05,2.220446049250313e-16
2024-06-03,2024-05-31,True,20,245,True,,True,,0.0595280260439672,0.05931841478169461,0.042674814427408725,0.04267481442740828,0.00020961126227259097,4.440892098500626e-16
2024-07-01,2024-06-28,True,20,376,True,,True,,-0.02252575709457723,-0.022508901502964144,0.03427550643270738,0.03427550643270716,-1.685559161308456e-05,2.220446049250313e-16
2024-08-01,2024-07-31,True,20,391,True,,True,,0.020837207458814226,0.02077260700611482,0.01080973003326724,0.010809730033267462,6.46004526994072e-05,-2.220446049250313e-16
2024-09-02,2024-08-30,True,20,309,True,,True,,0.008424779378229686,0.008422319195071087,0.021489265888631204,0.021489265888631204,2.4601831585986667e-06,0.0
2024-10-01,2024-09-30,True,20,301,True,,True,,-0.06027276361158791,-0.06023017970762271,-0.05964863851544833,-0.05964863851544833,-4.258390396520012e-05,0.0
2024-11-01,2024-10-31,True,20,137,True,,True,,-0.035943039646092745,-0.03589809991910555,0.0005389170396365994,0.0005389170396368215,-4.493972698719345e-05,-2.220446049250313e-16
2024-12-02,2024-11-29,True,20,173,True,,True,,0.004944452620989534,0.004939620514617419,-0.015504130566630914,-0.015504130566630692,4.83210637211573e-06,-2.220446049250313e-16
2025-01-01,2024-12-31,True,20,148,True,,True,,-0.16434893324952188,-0.16414260457572422,-0.04003460577000062,-0.040034605770000176,-0.00020632867379766218,-4.440892098500626e-16
2025-02-01,2025-01-31,True,20,65,True,,True,,-0.10322258865604014,-0.10295864156440965,-0.07806595850660858,-0.07806595850660869,-0.00026394709163049535,1.1102230246251565e-16
2025-03-03,2025-02-28,True,20,26,True,,True,,0.05733565823803872,0.05721219052363949,0.05899396641193744,0.058993966411938104,0.00012346771439922938,-6.661338147750939e-16
2025-04-01,2025-03-28,True,20,126,True,,True,,0.01892018137472995,0.018909803963193816,0.04438617514801324,0.04438617514801346,1.0377411536133946e-05,-2.220446049250313e-16
2025-05-02,2025-04-30,True,20,138,True,,True,,0.01849733909346845,0.018488557067656813,0.03764882304825967,0.03764882304825945,8.782025811636396e-06,2.220446049250313e-16
2025-06-02,2025-05-30,True,20,209,True,,True,,0.04050252658668432,0.04045104511390002,0.034200442313166546,0.03420044231316677,5.148147278430382e-05,-2.220446049250313e-16
2025-07-01,2025-06-30,True,20,253,True,,True,,-0.08932935728981675,-0.08923766646769499,-0.03988067134016071,-0.0398806713401606,-9.169082212176494e-05,-1.1102230246251565e-16
2025-08-01,2025-07-31,True,20,154,True,,True,,0.011576888843477622,0.011580338868448368,0.0017597519587715382,0.0017597519587715382,-3.450024970746285e-06,0.0
2025-09-01,2025-08-29,True,20,109,True,,True,,-0.001029039509604328,-0.00103073284829404,0.009454708753145136,0.009454708753146024,1.6933386897120036e-06,-8.881784197001252e-16
2025-10-01,2025-09-30,True,20,130,True,,True,,0.009895291574377588,0.00988945418277255,0.038485190790420676,0.038485190790420676,5.8373916050381836e-06,0.0
2025-11-03,2025-10-31,True,20,202,True,,True,,-0.01584886706132442,-0.015843165760596488,0.0046932681525533315,0.0046932681525531095,-5.701300727932457e-06,2.220446049250313e-16
2025-12-01,2025-11-28,True,20,167,True,,True,,0.025720315465827134,0.0256834716672166,-0.0005392424270925789,-0.0005392424270928009,3.684379861053355e-05,2.220446049250313e-16
2026-01-01,2025-12-31,True,20,191,True,,True,,-0.03300363039549663,-0.03297521580294912,-0.054298387046180285,-0.054298387046180396,-2.84145925475085e-05,1.1102230246251565e-16
2026-02-01,2026-01-30,True,20,118,True,,True,,0.05906208372891728,0.05900833590430612,0.009935297837806889,0.009935297837806889,5.37478246111639e-05,0.0
2026-03-02,2026-02-27,True,20,179,True,,True,,-0.09280448326619077,-0.0927299603375888,-0.08323717646955786,-0.0832371764695582,-7.452292860196663e-05,3.3306690738754696e-16
2026-04-01,2026-03-30,True,20,52,True,,True,,0.112195742885218,0.1119041757049302,0.09054628220958527,0.09054628220958505,0.00029156718028779116,2.220446049250313e-16
2026-05-04,2026-04-30,True,20,223,True,,True,,0.05769957518013208,0.057625914343891464,-0.01720486624399109,-0.0172048662439912,7.366083624061465e-05,1.1102230246251565e-16
2026-06-01,2026-05-29,True,20,213,True,,True,,0.04376934997166651,0.04372136687268539,0.030025024567752467,0.030025024567752467,4.798309898112335e-05,0.0
2026-07-01,2026-06-30,True,20,235,True,,True,,-0.0028643005782511225,-0.0028642017374597203,0.029906994957088706,0.029906994957088928,-9.884079140223823e-08,-2.220446049250313e-16
2026-08-03,2026-07-31,True,20,220,True,,True,,0.06161923572814858,0.061572260531883014,-0.019449351653268332,-0.019449351653268,4.697519626556401e-05,-3.3306690738754696e-16
2026-09-01,2026-08-31,True,20,211,True,,True,,-0.018660224126824256,-0.018651563496921555,-0.054318998796053286,-0.054318998796053286,-8.660629902700057e-06,0.0
