index,effective_date,announcement,in_but_not_in_state,out_but_still_in_state,size_after_undo,status
NIFTY_500,2014-03-28,ind_prs27022014,MAHINDUGIN,,501,OPEN
NIFTY_500,2013-11-01,ind_prs29102013,,MARICO,500,OPEN
NIFTY_500,2013-09-27,ind_prs27082013,MANINDS,,501,OPEN
NIFTY_500,2013-04-01,ind_prs13022013,AANJANEYA,WIPRO,501,OPEN
NIFTY_500,2012-09-28,ind_prs16082012,BALKRISIND,,502,OPEN
NIFTY_500,2011-11-22,ind_prs17112011,,JINDALSAW,500,OPEN
NIFTY_500,2011-10-10,ind_prs25082011,SKSMICRO;SUJANATOW,,502,OPEN
NIFTY_500,2011-03-25,ind_prs10022011,UNMAPPED:Core Projects & Technologies Ltd.;UNMAPPED:Orissa Mineral Development Co. Ltd.;PANTALOONR;UNMAPPED:Pipavav Shipyard Ltd.,MUNJALSHOW,505,OPEN
NIFTY_500,2010-04-08,ind_prs24022010,UNMAPPED:Jindal SouthWest Hold Ltd.;BINANICEM,,505,OPEN
