index,target,timestamp,capture_date,status,archive_size,reconstructed_size,detail
NIFTY_50,2019-07-15,20190201175058,2019-02-01,snapshot too far from target,,,
NIFTY_50,2020-02-01,,,no_snapshot_confirmed,,,
NIFTY_50,2020-08-01,,,no_snapshot_confirmed,,,
NIFTY_50,2021-01-15,20210615183523,2021-06-15,snapshot too far from target,,,
NIFTY_50,2021-07-15,20210615183523,2021-06-15,fetch_failed_or_unparseable,0,,
NIFTY_50,2022-01-15,20220728034149,2022-07-28,snapshot too far from target,,,
NIFTY_50,2022-07-15,20220728034149,2022-07-28,fetch_failed_or_unparseable,0,,
NIFTY_50,2023-01-15,20220728034149,2022-07-28,snapshot too far from target,,,
NIFTY_50,2023-07-15,20240524073805,2024-05-24,snapshot too far from target,,,
NIFTY_50,2024-01-15,20240524073805,2024-05-24,snapshot too far from target,,,
NIFTY_50,2024-07-15,20240701180136,2024-07-01,fetch_failed_or_unparseable,0,,
NIFTY_50,2025-01-15,20241203035638,2024-12-03,fetch_failed_or_unparseable,0,,
NIFTY_50,2025-07-15,20241203035638,2024-12-03,snapshot too far from target,,,
NIFTY_50,2026-01-15,20260827161533,2026-08-27,snapshot too far from target,,,
NIFTY_NEXT_50,2019-07-15,20190201210120,2019-02-01,snapshot too far from target,,,
NIFTY_NEXT_50,2020-02-01,20190201210120,2019-02-01,snapshot too far from target,,,
NIFTY_NEXT_50,2020-08-01,20190201210120,2019-02-01,snapshot too far from target,,,
NIFTY_NEXT_50,2021-01-15,20190201210120,2019-02-01,snapshot too far from target,,,
NIFTY_NEXT_50,2021-07-15,20230812210156,2023-08-12,snapshot too far from target,,,
NIFTY_NEXT_50,2022-01-15,20230812210156,2023-08-12,snapshot too far from target,,,
NIFTY_NEXT_50,2022-07-15,20230812210156,2023-08-12,snapshot too far from target,,,
NIFTY_NEXT_50,2023-01-15,20230812210156,2023-08-12,snapshot too far from target,,,
NIFTY_NEXT_50,2023-07-15,20230812210156,2023-08-12,fetch_failed_or_unparseable,0,,
NIFTY_NEXT_50,2024-01-15,20230812210156,2023-08-12,snapshot too far from target,,,
NIFTY_NEXT_50,2024-07-15,20250119054908,2025-01-19,snapshot too far from target,,,
NIFTY_NEXT_50,2025-01-15,20250119054908,2025-01-19,fetch_failed_or_unparseable,0,,
NIFTY_NEXT_50,2025-07-15,,,no_snapshot_confirmed,,,
NIFTY_NEXT_50,2026-01-15,20251022222830,2025-10-22,fetch_failed_or_unparseable,0,,
NIFTY_MIDCAP_150,2019-07-15,,,no_snapshot_confirmed,,,
NIFTY_MIDCAP_150,2020-02-01,20190201161616,2019-02-01,snapshot too far from target,,,
NIFTY_MIDCAP_150,2020-08-01,20190201161616,2019-02-01,snapshot too far from target,,,
NIFTY_MIDCAP_150,2021-01-15,20190201161616,2019-02-01,snapshot too far from target,,,
NIFTY_MIDCAP_150,2021-07-15,20230808070755,2023-08-08,snapshot too far from target,,,
NIFTY_MIDCAP_150,2022-01-15,20230808070755,2023-08-08,snapshot too far from target,,,
NIFTY_MIDCAP_150,2022-07-15,20230808070755,2023-08-08,snapshot too far from target,,,
NIFTY_MIDCAP_150,2023-01-15,20230808070755,2023-08-08,snapshot too far from target,,,
NIFTY_MIDCAP_150,2023-07-15,20230808070755,2023-08-08,fetch_failed_or_unparseable,0,,
NIFTY_MIDCAP_150,2024-01-15,20230812163449,2023-08-12,snapshot too far from target,,,
NIFTY_MIDCAP_150,2024-07-15,20230812163449,2023-08-12,snapshot too far from target,,,
NIFTY_MIDCAP_150,2025-01-15,20230812163449,2023-08-12,snapshot too far from target,,,
NIFTY_MIDCAP_150,2025-07-15,,,no_snapshot_confirmed,,,
NIFTY_MIDCAP_150,2026-01-15,20260908164207,2026-09-08,snapshot too far from target,,,
NIFTY_SMALLCAP_250,2019-07-15,20190202002657,2019-02-02,snapshot too far from target,,,
NIFTY_SMALLCAP_250,2020-02-01,20190202002657,2019-02-02,snapshot too far from target,,,
NIFTY_SMALLCAP_250,2020-08-01,20190202002657,2019-02-02,snapshot too far from target,,,
NIFTY_SMALLCAP_250,2021-01-15,20190202002657,2019-02-02,snapshot too far from target,,,
NIFTY_SMALLCAP_250,2021-07-15,20190202002657,2019-02-02,snapshot too far from target,,,
NIFTY_SMALLCAP_250,2022-01-15,20240708005622,2024-07-08,snapshot too far from target,,,
NIFTY_SMALLCAP_250,2022-07-15,20240708005622,2024-07-08,snapshot too far from target,,,
NIFTY_SMALLCAP_250,2023-01-15,20240708005622,2024-07-08,snapshot too far from target,,,
NIFTY_SMALLCAP_250,2023-07-15,20240708005622,2024-07-08,snapshot too far from target,,,
NIFTY_SMALLCAP_250,2024-01-15,20240708005622,2024-07-08,snapshot too far from target,,,
NIFTY_SMALLCAP_250,2024-07-15,20240708005622,2024-07-08,fetch_failed_or_unparseable,0,,
NIFTY_SMALLCAP_250,2025-01-15,20240708005622,2024-07-08,snapshot too far from target,,,
NIFTY_SMALLCAP_250,2025-07-15,20240708005622,2024-07-08,snapshot too far from target,,,
NIFTY_SMALLCAP_250,2026-01-15,20260904183253,2026-09-04,snapshot too far from target,,,
NIFTY_MICROCAP_250,2019-07-15,,,no_snapshot_confirmed,,,
NIFTY_MICROCAP_250,2020-02-01,,,no_snapshot_confirmed,,,
NIFTY_MICROCAP_250,2020-08-01,,,no_snapshot_confirmed,,,
NIFTY_MICROCAP_250,2021-01-15,,,no_snapshot_confirmed,,,
NIFTY_MICROCAP_250,2021-07-15,,,no_snapshot_confirmed,,,
NIFTY_MICROCAP_250,2022-01-15,,,no_snapshot_confirmed,,,
NIFTY_MICROCAP_250,2022-07-15,,,no_snapshot_confirmed,,,
NIFTY_MICROCAP_250,2023-01-15,,,no_snapshot_confirmed,,,
NIFTY_MICROCAP_250,2023-07-15,,,no_snapshot_confirmed,,,
NIFTY_MICROCAP_250,2024-01-15,,,no_snapshot_confirmed,,,
NIFTY_MICROCAP_250,2024-07-15,,,no_snapshot_confirmed,,,
NIFTY_MICROCAP_250,2025-01-15,,,no_snapshot_confirmed,,,
NIFTY_MICROCAP_250,2025-07-15,,,no_snapshot_confirmed,,,
NIFTY_MICROCAP_250,2026-01-15,,,no_snapshot_confirmed,,,
