ticker,history_symbol,date,indices,cause,evidence
ADANIPORTS,ADANIPORTS,2010-01-04,"500,next_50","renamed, not in the history ledger",bhavcopy has MUNDRAPORT; NSE symbolchange.csv: MUNDRAPORT -> ... on 2012-01-17
ADANIPORTS,ADANIPORTS,2010-06-10,"500,next_50","renamed, not in the history ledger",bhavcopy has MUNDRAPORT; NSE symbolchange.csv: MUNDRAPORT -> ... on 2012-01-17
ADANIPORTS,ADANIPORTS,2010-12-31,"500,next_50","renamed, not in the history ledger",bhavcopy has MUNDRAPORT; NSE symbolchange.csv: MUNDRAPORT -> ... on 2012-01-17
ADANIPORTS,ADANIPORTS,2011-12-30,"500,next_50","renamed, not in the history ledger",bhavcopy has MUNDRAPORT; NSE symbolchange.csv: MUNDRAPORT -> ... on 2012-01-17
AGCNET,AGCNET,2010-01-04,500,"renamed, not in the history ledger",bhavcopy has AVAYAGCL; NSE symbolchange.csv: AVAYAGCL -> ... on 2010-06-08
AKZOINDIA,JSWDULUX,2010-01-04,500,"renamed, not in the history ledger",bhavcopy has ICI; NSE symbolchange.csv: ICI -> ... on 2010-05-27
ANSALAPI,ANSALAPI,2010-01-04,500,"renamed, not in the history ledger",bhavcopy has ANSALINFRA; NSE symbolchange.csv: ANSALINFRA -> ... on 2010-05-14
ASIANHOTNR,ASIANHOTNR,2010-01-04,500,not yet trading under this ticker,isin_history: ASIANHOTNR/ASIANHOTNR first seen 2011-06-22
BAJFINANCE,BAJFINANCE,2010-01-04,500,"renamed, not in the history ledger",bhavcopy has BAJAUTOFIN; NSE symbolchange.csv: BAJAUTOFIN -> ... on 2010-09-29
BAJFINANCE,BAJFINANCE,2010-06-10,500,"renamed, not in the history ledger",bhavcopy has BAJAUTOFIN; NSE symbolchange.csv: BAJAUTOFIN -> ... on 2010-09-29
CAPF,CAPF,2010-01-04,500,"renamed, not in the history ledger",bhavcopy has FCH; NSE symbolchange.csv: FCH -> ... on 2012-12-06
CAPF,CAPF,2010-06-10,500,"renamed, not in the history ledger",bhavcopy has FCH; NSE symbolchange.csv: FCH -> ... on 2012-12-06
CAPF,CAPF,2010-12-31,500,"renamed, not in the history ledger",bhavcopy has FCH; NSE symbolchange.csv: FCH -> ... on 2012-12-06
CAPF,CAPF,2011-12-30,500,"renamed, not in the history ledger",bhavcopy has FCH; NSE symbolchange.csv: FCH -> ... on 2012-12-06
CASTEXTECH,CASTEXTECH,2010-01-04,500,"renamed, not in the history ledger",bhavcopy has AMTEKINDIA; NSE symbolchange.csv: AMTEKINDIA -> ... on 2015-06-11
CASTEXTECH,CASTEXTECH,2010-06-10,500,"renamed, not in the history ledger",bhavcopy has AMTEKINDIA; NSE symbolchange.csv: AMTEKINDIA -> ... on 2015-06-11
CASTEXTECH,CASTEXTECH,2010-12-31,500,"renamed, not in the history ledger",bhavcopy has AMTEKINDIA; NSE symbolchange.csv: AMTEKINDIA -> ... on 2015-06-11
CASTEXTECH,CASTEXTECH,2011-12-30,500,"renamed, not in the history ledger",bhavcopy has AMTEKINDIA; NSE symbolchange.csv: AMTEKINDIA -> ... on 2015-06-11
CASTEXTECH,CASTEXTECH,2012-12-31,500,"renamed, not in the history ledger",bhavcopy has AMTEKINDIA; NSE symbolchange.csv: AMTEKINDIA -> ... on 2015-06-11
CASTEXTECH,CASTEXTECH,2013-11-01,500,"renamed, not in the history ledger",bhavcopy has AMTEKINDIA; NSE symbolchange.csv: AMTEKINDIA -> ... on 2015-06-11
CASTEXTECH,CASTEXTECH,2013-12-31,500,"renamed, not in the history ledger",bhavcopy has AMTEKINDIA; NSE symbolchange.csv: AMTEKINDIA -> ... on 2015-06-11
CASTEXTECH,CASTEXTECH,2014-12-31,500,"renamed, not in the history ledger",bhavcopy has AMTEKINDIA; NSE symbolchange.csv: AMTEKINDIA -> ... on 2015-06-11
CASTEXTECH,CASTEXTECH,2015-05-29,500,"renamed, not in the history ledger",bhavcopy has AMTEKINDIA; NSE symbolchange.csv: AMTEKINDIA -> ... on 2015-06-11
CHOLAFIN,CHOLAFIN,2010-01-04,500,"renamed, not in the history ledger",bhavcopy has CHOLADBS; NSE symbolchange.csv: CHOLADBS -> ... on 2010-06-22
CHOLAFIN,CHOLAFIN,2010-06-10,500,"renamed, not in the history ledger",bhavcopy has CHOLADBS; NSE symbolchange.csv: CHOLADBS -> ... on 2010-06-22
CYIENT,CYIENT,2010-01-04,500,"renamed, not in the history ledger",bhavcopy has INFOTECENT; NSE symbolchange.csv: INFOTECENT -> ... on 2014-05-22
CYIENT,CYIENT,2010-06-10,500,"renamed, not in the history ledger",bhavcopy has INFOTECENT; NSE symbolchange.csv: INFOTECENT -> ... on 2014-05-22
CYIENT,CYIENT,2010-12-31,500,"renamed, not in the history ledger",bhavcopy has INFOTECENT; NSE symbolchange.csv: INFOTECENT -> ... on 2014-05-22
CYIENT,CYIENT,2011-12-30,500,"renamed, not in the history ledger",bhavcopy has INFOTECENT; NSE symbolchange.csv: INFOTECENT -> ... on 2014-05-22
CYIENT,CYIENT,2012-12-31,500,"renamed, not in the history ledger",bhavcopy has INFOTECENT; NSE symbolchange.csv: INFOTECENT -> ... on 2014-05-22
CYIENT,CYIENT,2013-11-01,500,"renamed, not in the history ledger",bhavcopy has INFOTECENT; NSE symbolchange.csv: INFOTECENT -> ... on 2014-05-22
CYIENT,CYIENT,2013-12-31,500,"renamed, not in the history ledger",bhavcopy has INFOTECENT; NSE symbolchange.csv: INFOTECENT -> ... on 2014-05-22
DCMSHRIRAM,DCMSHRIRAM,2010-01-04,500,"renamed, not in the history ledger",bhavcopy has DCMSRMCONS; NSE symbolchange.csv: DCMSRMCONS -> ... on 2014-03-13
DCMSHRIRAM,DCMSHRIRAM,2010-06-10,500,"renamed, not in the history ledger",bhavcopy has DCMSRMCONS; NSE symbolchange.csv: DCMSRMCONS -> ... on 2014-03-13
DCMSHRIRAM,DCMSHRIRAM,2010-12-31,500,"renamed, not in the history ledger",bhavcopy has DCMSRMCONS; NSE symbolchange.csv: DCMSRMCONS -> ... on 2014-03-13
DCMSHRIRAM,DCMSHRIRAM,2011-12-30,500,"renamed, not in the history ledger",bhavcopy has DCMSRMCONS; NSE symbolchange.csv: DCMSRMCONS -> ... on 2014-03-13
DCMSHRIRAM,DCMSHRIRAM,2012-12-31,500,"renamed, not in the history ledger",bhavcopy has DCMSRMCONS; NSE symbolchange.csv: DCMSRMCONS -> ... on 2014-03-13
DCMSHRIRAM,DCMSHRIRAM,2013-11-01,500,"renamed, not in the history ledger",bhavcopy has DCMSRMCONS; NSE symbolchange.csv: DCMSRMCONS -> ... on 2014-03-13
DCMSHRIRAM,DCMSHRIRAM,2013-12-31,500,"renamed, not in the history ledger",bhavcopy has DCMSRMCONS; NSE symbolchange.csv: DCMSRMCONS -> ... on 2014-03-13
DOLATALGO,DOLATALGO,2021-10-29,"microcap_250,total_market","renamed, not in the history ledger",bhavcopy has DOLAT; NSE symbolchange.csv: DOLAT -> ... on 2021-12-20
DYNAMATECH,DYNAMATECH,2013-11-01,500,absent that day only (suspension/no trade?),isin_history: traded 2011-06-22..2021-06-04
FRETAIL,FRETAIL,2022-09-30,"microcap_250,total_market",stopped trading (delisted/suspended?),isin_history: last seen 2021-06-04
GEPIL,GVPIL,2010-01-04,500,"renamed, not in the history ledger",bhavcopy has APIL; NSE symbolchange.csv: APIL -> ... on 2012-07-11
GEPIL,GVPIL,2010-06-10,500,"renamed, not in the history ledger",bhavcopy has APIL; NSE symbolchange.csv: APIL -> ... on 2012-07-11
GEPIL,GVPIL,2010-12-31,500,"renamed, not in the history ledger",bhavcopy has APIL; NSE symbolchange.csv: APIL -> ... on 2012-07-11
GEPIL,GVPIL,2011-12-30,500,"renamed, not in the history ledger",bhavcopy has APIL; NSE symbolchange.csv: APIL -> ... on 2012-07-11
GEPIL,GVPIL,2012-12-31,500,"renamed, not in the history ledger",bhavcopy has AIL; NSE symbolchange.csv: AIL -> ... on 2016-09-14
GEPIL,GVPIL,2013-11-01,500,"renamed, not in the history ledger",bhavcopy has AIL; NSE symbolchange.csv: AIL -> ... on 2016-09-14
GEPIL,GVPIL,2013-12-31,500,"renamed, not in the history ledger",bhavcopy has AIL; NSE symbolchange.csv: AIL -> ... on 2016-09-14
GEPIL,GVPIL,2014-12-31,500,"renamed, not in the history ledger",bhavcopy has AIL; NSE symbolchange.csv: AIL -> ... on 2016-09-14
GEPIL,GVPIL,2015-05-29,500,"renamed, not in the history ledger",bhavcopy has AIL; NSE symbolchange.csv: AIL -> ... on 2016-09-14
GEPIL,GVPIL,2015-12-31,500,"renamed, not in the history ledger",bhavcopy has AIL; NSE symbolchange.csv: AIL -> ... on 2016-09-14
GEPIL,GVPIL,2016-04-29,"500,smallcap_250","renamed, not in the history ledger",bhavcopy has AIL; NSE symbolchange.csv: AIL -> ... on 2016-09-14
HEROMOTOCO,HEROMOTOCO,2010-01-04,"50,500","renamed, not in the history ledger",bhavcopy has HEROHONDA; NSE symbolchange.csv: HEROHONDA -> ... on 2011-08-08
HEROMOTOCO,HEROMOTOCO,2010-06-10,"50,500","renamed, not in the history ledger",bhavcopy has HEROHONDA; NSE symbolchange.csv: HEROHONDA -> ... on 2011-08-08
HEROMOTOCO,HEROMOTOCO,2010-12-31,"50,500","renamed, not in the history ledger",bhavcopy has HEROHONDA; NSE symbolchange.csv: HEROHONDA -> ... on 2011-08-08
HINDWAREAP,HINDWAREAP,2021-10-29,"microcap_250,total_market","renamed, not in the history ledger",bhavcopy has SHIL; NSE symbolchange.csv: SHIL -> ... on 2022-06-21
HINDWAREAP,HINDWAREAP,2021-12-31,"microcap_250,total_market","renamed, not in the history ledger",bhavcopy has SHIL; NSE symbolchange.csv: SHIL -> ... on 2022-06-21
HINDWAREAP,HINDWAREAP,2022-03-31,"microcap_250,total_market","renamed, not in the history ledger",bhavcopy has SHIL; NSE symbolchange.csv: SHIL -> ... on 2022-06-21
HUBTOWN,HUBTOWN,2010-01-04,500,"renamed, not in the history ledger",bhavcopy has ACKRUTI; NSE symbolchange.csv: ACKRUTI -> ... on 2011-11-15
HUBTOWN,HUBTOWN,2010-06-10,500,"renamed, not in the history ledger",bhavcopy has ACKRUTI; NSE symbolchange.csv: ACKRUTI -> ... on 2011-11-15
HUBTOWN,HUBTOWN,2010-12-31,500,"renamed, not in the history ledger",bhavcopy has ACKRUTI; NSE symbolchange.csv: ACKRUTI -> ... on 2011-11-15
IBVENTURES,DHANI,2010-01-04,500,"renamed, not in the history ledger",bhavcopy has IBSEC; NSE symbolchange.csv: IBSEC -> ... on 2015-04-01
IBVENTURES,DHANI,2010-06-10,500,"renamed, not in the history ledger",bhavcopy has IBSEC; NSE symbolchange.csv: IBSEC -> ... on 2015-04-01
IBVENTURES,DHANI,2010-12-31,500,"renamed, not in the history ledger",bhavcopy has IBSEC; NSE symbolchange.csv: IBSEC -> ... on 2015-04-01
IBVENTURES,DHANI,2011-12-30,500,"renamed, not in the history ledger",bhavcopy has IBSEC; NSE symbolchange.csv: IBSEC -> ... on 2015-04-01
IBVENTURES,DHANI,2012-12-31,500,"renamed, not in the history ledger",bhavcopy has IBSEC; NSE symbolchange.csv: IBSEC -> ... on 2015-04-01
IBVENTURES,DHANI,2013-11-01,500,"renamed, not in the history ledger",bhavcopy has IBSEC; NSE symbolchange.csv: IBSEC -> ... on 2015-04-01
IBVENTURES,DHANI,2013-12-31,500,"renamed, not in the history ledger",bhavcopy has IBSEC; NSE symbolchange.csv: IBSEC -> ... on 2015-04-01
IBVENTURES,DHANI,2014-12-31,500,"renamed, not in the history ledger",bhavcopy has IBSEC; NSE symbolchange.csv: IBSEC -> ... on 2015-04-01
IIFL,IIFL,2010-01-04,500,"renamed, not in the history ledger",bhavcopy has INDIAINFO; NSE symbolchange.csv: INDIAINFO -> ... on 2014-03-13
IIFL,IIFL,2010-06-10,500,"renamed, not in the history ledger",bhavcopy has INDIAINFO; NSE symbolchange.csv: INDIAINFO -> ... on 2014-03-13
IIFL,IIFL,2010-12-31,500,"renamed, not in the history ledger",bhavcopy has INDIAINFO; NSE symbolchange.csv: INDIAINFO -> ... on 2014-03-13
IIFL,IIFL,2011-12-30,500,"renamed, not in the history ledger",bhavcopy has INDIAINFO; NSE symbolchange.csv: INDIAINFO -> ... on 2014-03-13
IIFL,IIFL,2012-12-31,500,"renamed, not in the history ledger",bhavcopy has INDIAINFO; NSE symbolchange.csv: INDIAINFO -> ... on 2014-03-13
IIFL,IIFL,2013-11-01,500,"renamed, not in the history ledger",bhavcopy has INDIAINFO; NSE symbolchange.csv: INDIAINFO -> ... on 2014-03-13
IIFL,IIFL,2013-12-31,500,"renamed, not in the history ledger",bhavcopy has INDIAINFO; NSE symbolchange.csv: INDIAINFO -> ... on 2014-03-13
INFY,INFY,2010-01-04,"50,500","renamed, not in the history ledger",bhavcopy has INFOSYSTCH; NSE symbolchange.csv: INFOSYSTCH -> ... on 2011-06-29
INFY,INFY,2010-06-10,"50,500","renamed, not in the history ledger",bhavcopy has INFOSYSTCH; NSE symbolchange.csv: INFOSYSTCH -> ... on 2011-06-29
INFY,INFY,2010-12-31,"50,500","renamed, not in the history ledger",bhavcopy has INFOSYSTCH; NSE symbolchange.csv: INFOSYSTCH -> ... on 2011-06-29
JSWISPAT,JSWISPAT,2010-01-04,500,"renamed, not in the history ledger",bhavcopy has ISPATIND; NSE symbolchange.csv: ISPATIND -> ... on 2011-08-16
JSWISPAT,JSWISPAT,2010-06-10,500,"renamed, not in the history ledger",bhavcopy has ISPATIND; NSE symbolchange.csv: ISPATIND -> ... on 2011-08-16
JSWISPAT,JSWISPAT,2010-12-31,500,"renamed, not in the history ledger",bhavcopy has ISPATIND; NSE symbolchange.csv: ISPATIND -> ... on 2011-08-16
KIRLOSBROS,KIRLOSBROS,2010-01-04,500,not yet trading under this ticker,isin_history: KIRLOSBROS/KIRLOSBROS first seen 2011-06-22
KPIL,KPIL,2010-01-04,500,"renamed, not in the history ledger",bhavcopy has KALPATPOWR; NSE symbolchange.csv: KALPATPOWR -> ... on 2023-06-06
KPIL,KPIL,2010-06-10,500,"renamed, not in the history ledger",bhavcopy has KALPATPOWR; NSE symbolchange.csv: KALPATPOWR -> ... on 2023-06-06
KPIL,KPIL,2010-12-31,500,"renamed, not in the history ledger",bhavcopy has KALPATPOWR; NSE symbolchange.csv: KALPATPOWR -> ... on 2023-06-06
KPIL,KPIL,2011-12-30,500,"renamed, not in the history ledger",bhavcopy has KALPATPOWR; NSE symbolchange.csv: KALPATPOWR -> ... on 2023-06-06
KPIL,KPIL,2012-12-31,500,"renamed, not in the history ledger",bhavcopy has KALPATPOWR; NSE symbolchange.csv: KALPATPOWR -> ... on 2023-06-06
KPIL,KPIL,2013-11-01,500,"renamed, not in the history ledger",bhavcopy has KALPATPOWR; NSE symbolchange.csv: KALPATPOWR -> ... on 2023-06-06
KPIL,KPIL,2013-12-31,500,"renamed, not in the history ledger",bhavcopy has KALPATPOWR; NSE symbolchange.csv: KALPATPOWR -> ... on 2023-06-06
KPIL,KPIL,2014-12-31,500,"renamed, not in the history ledger",bhavcopy has KALPATPOWR; NSE symbolchange.csv: KALPATPOWR -> ... on 2023-06-06
KPIL,KPIL,2015-05-29,500,"renamed, not in the history ledger",bhavcopy has KALPATPOWR; NSE symbolchange.csv: KALPATPOWR -> ... on 2023-06-06
KPIL,KPIL,2015-12-31,500,"renamed, not in the history ledger",bhavcopy has KALPATPOWR; NSE symbolchange.csv: KALPATPOWR -> ... on 2023-06-06
KPIL,KPIL,2016-04-29,"500,smallcap_250","renamed, not in the history ledger",bhavcopy has KALPATPOWR; NSE symbolchange.csv: KALPATPOWR -> ... on 2023-06-06
KPIL,KPIL,2016-09-30,"500,smallcap_250","renamed, not in the history ledger",bhavcopy has KALPATPOWR; NSE symbolchange.csv: KALPATPOWR -> ... on 2023-06-06
KPIL,KPIL,2016-12-30,"500,smallcap_250","renamed, not in the history ledger",bhavcopy has KALPATPOWR; NSE symbolchange.csv: KALPATPOWR -> ... on 2023-06-06
KPIL,KPIL,2017-12-29,"500,smallcap_250","renamed, not in the history ledger",bhavcopy has KALPATPOWR; NSE symbolchange.csv: KALPATPOWR -> ... on 2023-06-06
KPIL,KPIL,2018-06-29,"500,smallcap_250","renamed, not in the history ledger",bhavcopy has KALPATPOWR; NSE symbolchange.csv: KALPATPOWR -> ... on 2023-06-06
KPIL,KPIL,2018-12-31,"500,smallcap_250","renamed, not in the history ledger",bhavcopy has KALPATPOWR; NSE symbolchange.csv: KALPATPOWR -> ... on 2023-06-06
KPIL,KPIL,2019-06-28,"500,smallcap_250","renamed, not in the history ledger",bhavcopy has KALPATPOWR; NSE symbolchange.csv: KALPATPOWR -> ... on 2023-06-06
KPIL,KPIL,2019-09-27,"500,smallcap_250","renamed, not in the history ledger",bhavcopy has KALPATPOWR; NSE symbolchange.csv: KALPATPOWR -> ... on 2023-06-06
KPIL,KPIL,2019-12-31,"500,smallcap_250","renamed, not in the history ledger",bhavcopy has KALPATPOWR; NSE symbolchange.csv: KALPATPOWR -> ... on 2023-06-06
KPIL,KPIL,2020-07-31,"500,smallcap_250","renamed, not in the history ledger",bhavcopy has KALPATPOWR; NSE symbolchange.csv: KALPATPOWR -> ... on 2023-06-06
KPIL,KPIL,2020-09-25,"500,smallcap_250","renamed, not in the history ledger",bhavcopy has KALPATPOWR; NSE symbolchange.csv: KALPATPOWR -> ... on 2023-06-06
KPIL,KPIL,2020-12-31,"500,smallcap_250","renamed, not in the history ledger",bhavcopy has KALPATPOWR; NSE symbolchange.csv: KALPATPOWR -> ... on 2023-06-06
KPIL,KPIL,2021-10-29,"500,smallcap_250,total_market","renamed, not in the history ledger",bhavcopy has KALPATPOWR; NSE symbolchange.csv: KALPATPOWR -> ... on 2023-06-06
KPIL,KPIL,2021-12-31,"500,smallcap_250,total_market","renamed, not in the history ledger",bhavcopy has KALPATPOWR; NSE symbolchange.csv: KALPATPOWR -> ... on 2023-06-06
KPIL,KPIL,2022-03-31,"500,smallcap_250,total_market","renamed, not in the history ledger",bhavcopy has KALPATPOWR; NSE symbolchange.csv: KALPATPOWR -> ... on 2023-06-06
KPIL,KPIL,2022-09-30,"500,smallcap_250,total_market","renamed, not in the history ledger",bhavcopy has KALPATPOWR; NSE symbolchange.csv: KALPATPOWR -> ... on 2023-06-06
KPIL,KPIL,2022-12-30,"500,smallcap_250,total_market","renamed, not in the history ledger",bhavcopy has KALPATPOWR; NSE symbolchange.csv: KALPATPOWR -> ... on 2023-06-06
KPIL,KPIL,2023-04-28,"500,smallcap_250,total_market","renamed, not in the history ledger",bhavcopy has KALPATPOWR; NSE symbolchange.csv: KALPATPOWR -> ... on 2023-06-06
LINDEINDIA,LINDEINDIA,2010-01-04,500,"renamed, not in the history ledger",bhavcopy has BOC; NSE symbolchange.csv: BOC -> ... on 2013-04-10
LINDEINDIA,LINDEINDIA,2010-06-10,500,"renamed, not in the history ledger",bhavcopy has BOC; NSE symbolchange.csv: BOC -> ... on 2013-04-10
LINDEINDIA,LINDEINDIA,2010-12-31,500,"renamed, not in the history ledger",bhavcopy has BOC; NSE symbolchange.csv: BOC -> ... on 2013-04-10
LINDEINDIA,LINDEINDIA,2011-12-30,500,"renamed, not in the history ledger",bhavcopy has BOC; NSE symbolchange.csv: BOC -> ... on 2013-04-10
LINDEINDIA,LINDEINDIA,2012-12-31,500,"renamed, not in the history ledger",bhavcopy has BOC; NSE symbolchange.csv: BOC -> ... on 2013-04-10
LTFOODS,LTFOODS,2021-10-29,"microcap_250,total_market","renamed, not in the history ledger",bhavcopy has DAAWAT; NSE symbolchange.csv: DAAWAT -> ... on 2023-11-06
LTFOODS,LTFOODS,2021-12-31,"microcap_250,total_market","renamed, not in the history ledger",bhavcopy has DAAWAT; NSE symbolchange.csv: DAAWAT -> ... on 2023-11-06
LTFOODS,LTFOODS,2022-03-31,"microcap_250,total_market","renamed, not in the history ledger",bhavcopy has DAAWAT; NSE symbolchange.csv: DAAWAT -> ... on 2023-11-06
LTFOODS,LTFOODS,2022-09-30,"microcap_250,total_market","renamed, not in the history ledger",bhavcopy has DAAWAT; NSE symbolchange.csv: DAAWAT -> ... on 2023-11-06
LTFOODS,LTFOODS,2022-12-30,"microcap_250,total_market","renamed, not in the history ledger",bhavcopy has DAAWAT; NSE symbolchange.csv: DAAWAT -> ... on 2023-11-06
LTFOODS,LTFOODS,2023-04-28,"microcap_250,total_market","renamed, not in the history ledger",bhavcopy has DAAWAT; NSE symbolchange.csv: DAAWAT -> ... on 2023-11-06
LTFOODS,LTFOODS,2023-09-29,"microcap_250,total_market","renamed, not in the history ledger",bhavcopy has DAAWAT; NSE symbolchange.csv: DAAWAT -> ... on 2023-11-06
MERCATOR,MERCATOR,2010-01-04,500,"renamed, not in the history ledger",bhavcopy has MLL; NSE symbolchange.csv: MLL -> ... on 2011-12-08
MERCATOR,MERCATOR,2010-06-10,500,"renamed, not in the history ledger",bhavcopy has MLL; NSE symbolchange.csv: MLL -> ... on 2011-12-08
MERCATOR,MERCATOR,2010-12-31,500,"renamed, not in the history ledger",bhavcopy has MLL; NSE symbolchange.csv: MLL -> ... on 2011-12-08
NAVNETEDUL,NAVNETEDUL,2010-01-04,500,"renamed, not in the history ledger",bhavcopy has NAVNETPUBL; NSE symbolchange.csv: NAVNETPUBL -> ... on 2013-09-19
NAVNETEDUL,NAVNETEDUL,2010-06-10,500,"renamed, not in the history ledger",bhavcopy has NAVNETPUBL; NSE symbolchange.csv: NAVNETPUBL -> ... on 2013-09-19
NAVNETEDUL,NAVNETEDUL,2010-12-31,500,"renamed, not in the history ledger",bhavcopy has NAVNETPUBL; NSE symbolchange.csv: NAVNETPUBL -> ... on 2013-09-19
NAVNETEDUL,NAVNETEDUL,2011-12-30,500,"renamed, not in the history ledger",bhavcopy has NAVNETPUBL; NSE symbolchange.csv: NAVNETPUBL -> ... on 2013-09-19
NAVNETEDUL,NAVNETEDUL,2012-12-31,500,"renamed, not in the history ledger",bhavcopy has NAVNETPUBL; NSE symbolchange.csv: NAVNETPUBL -> ... on 2013-09-19
NCC,NCC,2010-01-04,500,"renamed, not in the history ledger",bhavcopy has NAGARCONST; NSE symbolchange.csv: NAGARCONST -> ... on 2011-03-15
NCC,NCC,2010-06-10,500,"renamed, not in the history ledger",bhavcopy has NAGARCONST; NSE symbolchange.csv: NAGARCONST -> ... on 2011-03-15
NCC,NCC,2010-12-31,500,"renamed, not in the history ledger",bhavcopy has NAGARCONST; NSE symbolchange.csv: NAGARCONST -> ... on 2011-03-15
NLCINDIA,NLCINDIA,2010-01-04,500,"renamed, not in the history ledger",bhavcopy has NEYVELILIG; NSE symbolchange.csv: NEYVELILIG -> ... on 2016-08-04
NLCINDIA,NLCINDIA,2010-06-10,500,"renamed, not in the history ledger",bhavcopy has NEYVELILIG; NSE symbolchange.csv: NEYVELILIG -> ... on 2016-08-04
NLCINDIA,NLCINDIA,2010-12-31,500,"renamed, not in the history ledger",bhavcopy has NEYVELILIG; NSE symbolchange.csv: NEYVELILIG -> ... on 2016-08-04
NLCINDIA,NLCINDIA,2011-12-30,500,"renamed, not in the history ledger",bhavcopy has NEYVELILIG; NSE symbolchange.csv: NEYVELILIG -> ... on 2016-08-04
NLCINDIA,NLCINDIA,2012-12-31,500,"renamed, not in the history ledger",bhavcopy has NEYVELILIG; NSE symbolchange.csv: NEYVELILIG -> ... on 2016-08-04
NLCINDIA,NLCINDIA,2013-11-01,500,"renamed, not in the history ledger",bhavcopy has NEYVELILIG; NSE symbolchange.csv: NEYVELILIG -> ... on 2016-08-04
NLCINDIA,NLCINDIA,2013-12-31,500,"renamed, not in the history ledger",bhavcopy has NEYVELILIG; NSE symbolchange.csv: NEYVELILIG -> ... on 2016-08-04
NLCINDIA,NLCINDIA,2014-12-31,500,"renamed, not in the history ledger",bhavcopy has NEYVELILIG; NSE symbolchange.csv: NEYVELILIG -> ... on 2016-08-04
NLCINDIA,NLCINDIA,2015-05-29,500,"renamed, not in the history ledger",bhavcopy has NEYVELILIG; NSE symbolchange.csv: NEYVELILIG -> ... on 2016-08-04
NLCINDIA,NLCINDIA,2015-12-31,500,"renamed, not in the history ledger",bhavcopy has NEYVELILIG; NSE symbolchange.csv: NEYVELILIG -> ... on 2016-08-04
NLCINDIA,NLCINDIA,2016-04-29,"500,midcap_150","renamed, not in the history ledger",bhavcopy has NEYVELILIG; NSE symbolchange.csv: NEYVELILIG -> ... on 2016-08-04
PEL,PEL,2010-01-04,500,"renamed, not in the history ledger",bhavcopy has PIRHEALTH; NSE symbolchange.csv: PIRHEALTH -> ... on 2012-09-21
PEL,PEL,2010-06-10,500,"renamed, not in the history ledger",bhavcopy has PIRHEALTH; NSE symbolchange.csv: PIRHEALTH -> ... on 2012-09-21
PEL,PEL,2010-12-31,500,"renamed, not in the history ledger",bhavcopy has PIRHEALTH; NSE symbolchange.csv: PIRHEALTH -> ... on 2012-09-21
PEL,PEL,2011-12-30,500,"renamed, not in the history ledger",bhavcopy has PIRHEALTH; NSE symbolchange.csv: PIRHEALTH -> ... on 2012-09-21
PGHL,PGHL,2010-01-04,500,"renamed, not in the history ledger",bhavcopy has MERCK; NSE symbolchange.csv: MERCK -> ... on 2019-06-11
PGHL,PGHL,2010-06-10,500,"renamed, not in the history ledger",bhavcopy has MERCK; NSE symbolchange.csv: MERCK -> ... on 2019-06-11
PGHL,PGHL,2010-12-31,500,"renamed, not in the history ledger",bhavcopy has MERCK; NSE symbolchange.csv: MERCK -> ... on 2019-06-11
PGHL,PGHL,2011-12-30,500,"renamed, not in the history ledger",bhavcopy has MERCK; NSE symbolchange.csv: MERCK -> ... on 2019-06-11
PGHL,PGHL,2012-12-31,500,"renamed, not in the history ledger",bhavcopy has MERCK; NSE symbolchange.csv: MERCK -> ... on 2019-06-11
PGHL,PGHL,2013-11-01,500,"renamed, not in the history ledger",bhavcopy has MERCK; NSE symbolchange.csv: MERCK -> ... on 2019-06-11
PGHL,PGHL,2013-12-31,500,"renamed, not in the history ledger",bhavcopy has MERCK; NSE symbolchange.csv: MERCK -> ... on 2019-06-11
PGHL,PGHL,2014-12-31,500,"renamed, not in the history ledger",bhavcopy has MERCK; NSE symbolchange.csv: MERCK -> ... on 2019-06-11
PGHL,PGHL,2015-05-29,500,"renamed, not in the history ledger",bhavcopy has MERCK; NSE symbolchange.csv: MERCK -> ... on 2019-06-11
PGHL,PGHL,2015-12-31,500,"renamed, not in the history ledger",bhavcopy has MERCK; NSE symbolchange.csv: MERCK -> ... on 2019-06-11
PGHL,PGHL,2016-04-29,"500,smallcap_250","renamed, not in the history ledger",bhavcopy has MERCK; NSE symbolchange.csv: MERCK -> ... on 2019-06-11
PGHL,PGHL,2016-09-30,"500,smallcap_250","renamed, not in the history ledger",bhavcopy has MERCK; NSE symbolchange.csv: MERCK -> ... on 2019-06-11
PGHL,PGHL,2016-12-30,"500,smallcap_250","renamed, not in the history ledger",bhavcopy has MERCK; NSE symbolchange.csv: MERCK -> ... on 2019-06-11
PGHL,PGHL,2017-12-29,"500,smallcap_250","renamed, not in the history ledger",bhavcopy has MERCK; NSE symbolchange.csv: MERCK -> ... on 2019-06-11
PGHL,PGHL,2018-06-29,"500,smallcap_250","renamed, not in the history ledger",bhavcopy has MERCK; NSE symbolchange.csv: MERCK -> ... on 2019-06-11
PGHL,PGHL,2018-12-31,"500,smallcap_250","renamed, not in the history ledger",bhavcopy has MERCK; NSE symbolchange.csv: MERCK -> ... on 2019-06-11
PGIL,PGIL,2010-01-04,500,"renamed, not in the history ledger",bhavcopy has HOPFL; NSE symbolchange.csv: HOPFL -> ... on 2012-07-02
PGIL,PGIL,2010-06-10,500,"renamed, not in the history ledger",bhavcopy has HOPFL; NSE symbolchange.csv: HOPFL -> ... on 2012-07-02
PGIL,PGIL,2010-12-31,500,"renamed, not in the history ledger",bhavcopy has HOPFL; NSE symbolchange.csv: HOPFL -> ... on 2012-07-02
PROVOGE,PROVOGE,2010-01-04,500,not yet trading under this ticker,isin_history: PROVOGE/PROVOGE first seen 2012-03-26
PROVOGE,PROVOGE,2010-06-10,500,not yet trading under this ticker,isin_history: PROVOGE/PROVOGE first seen 2012-03-26
PROVOGE,PROVOGE,2010-12-31,500,not yet trading under this ticker,isin_history: PROVOGE/PROVOGE first seen 2012-03-26
PROVOGE,PROVOGE,2011-12-30,500,not yet trading under this ticker,isin_history: PROVOGE/PROVOGE first seen 2012-03-26
RAMCOCEM,RAMCOCEM,2010-01-04,500,"renamed, not in the history ledger",bhavcopy has MADRASCEM; NSE symbolchange.csv: MADRASCEM -> ... on 2013-09-30
RAMCOCEM,RAMCOCEM,2010-06-10,500,"renamed, not in the history ledger",bhavcopy has MADRASCEM; NSE symbolchange.csv: MADRASCEM -> ... on 2013-09-30
RAMCOCEM,RAMCOCEM,2010-12-31,500,"renamed, not in the history ledger",bhavcopy has MADRASCEM; NSE symbolchange.csv: MADRASCEM -> ... on 2013-09-30
RAMCOCEM,RAMCOCEM,2011-12-30,500,"renamed, not in the history ledger",bhavcopy has MADRASCEM; NSE symbolchange.csv: MADRASCEM -> ... on 2013-09-30
RAMCOCEM,RAMCOCEM,2012-12-31,500,"renamed, not in the history ledger",bhavcopy has MADRASCEM; NSE symbolchange.csv: MADRASCEM -> ... on 2013-09-30
RELINFRA,RELINFRA,2025-12-31,"500,smallcap_250,total_market",stopped trading (delisted/suspended?),isin_history: last seen 2021-06-04
SANOFI,SANOFI,2010-01-04,500,"renamed, not in the history ledger",bhavcopy has AVENTIS; NSE symbolchange.csv: AVENTIS -> ... on 2012-07-11
SANOFI,SANOFI,2010-06-10,500,"renamed, not in the history ledger",bhavcopy has AVENTIS; NSE symbolchange.csv: AVENTIS -> ... on 2012-07-11
SANOFI,SANOFI,2010-12-31,500,"renamed, not in the history ledger",bhavcopy has AVENTIS; NSE symbolchange.csv: AVENTIS -> ... on 2012-07-11
SANOFI,SANOFI,2011-12-30,500,"renamed, not in the history ledger",bhavcopy has AVENTIS; NSE symbolchange.csv: AVENTIS -> ... on 2012-07-11
SCHAEFFLER,SCHAEFFLER,2010-01-04,500,"renamed, not in the history ledger",bhavcopy has FAGBEARING; NSE symbolchange.csv: FAGBEARING -> ... on 2017-08-01
SCHAEFFLER,SCHAEFFLER,2010-06-10,500,"renamed, not in the history ledger",bhavcopy has FAGBEARING; NSE symbolchange.csv: FAGBEARING -> ... on 2017-08-01
SCHAEFFLER,SCHAEFFLER,2010-12-31,500,"renamed, not in the history ledger",bhavcopy has FAGBEARING; NSE symbolchange.csv: FAGBEARING -> ... on 2017-08-01
SCHAEFFLER,SCHAEFFLER,2011-12-30,500,"renamed, not in the history ledger",bhavcopy has FAGBEARING; NSE symbolchange.csv: FAGBEARING -> ... on 2017-08-01
SCHAEFFLER,SCHAEFFLER,2012-12-31,500,"renamed, not in the history ledger",bhavcopy has FAGBEARING; NSE symbolchange.csv: FAGBEARING -> ... on 2017-08-01
SCHAEFFLER,SCHAEFFLER,2013-11-01,500,"renamed, not in the history ledger",bhavcopy has FAGBEARING; NSE symbolchange.csv: FAGBEARING -> ... on 2017-08-01
SCHAEFFLER,SCHAEFFLER,2013-12-31,500,"renamed, not in the history ledger",bhavcopy has FAGBEARING; NSE symbolchange.csv: FAGBEARING -> ... on 2017-08-01
SCHAEFFLER,SCHAEFFLER,2014-12-31,500,"renamed, not in the history ledger",bhavcopy has FAGBEARING; NSE symbolchange.csv: FAGBEARING -> ... on 2017-08-01
SCHAEFFLER,SCHAEFFLER,2015-05-29,500,"renamed, not in the history ledger",bhavcopy has FAGBEARING; NSE symbolchange.csv: FAGBEARING -> ... on 2017-08-01
SCHAEFFLER,SCHAEFFLER,2015-12-31,500,"renamed, not in the history ledger",bhavcopy has FAGBEARING; NSE symbolchange.csv: FAGBEARING -> ... on 2017-08-01
SCHAEFFLER,SCHAEFFLER,2016-04-29,"500,midcap_150","renamed, not in the history ledger",bhavcopy has FAGBEARING; NSE symbolchange.csv: FAGBEARING -> ... on 2017-08-01
SCHAEFFLER,SCHAEFFLER,2016-09-30,"500,midcap_150","renamed, not in the history ledger",bhavcopy has FAGBEARING; NSE symbolchange.csv: FAGBEARING -> ... on 2017-08-01
SCHAEFFLER,SCHAEFFLER,2016-12-30,"500,midcap_150","renamed, not in the history ledger",bhavcopy has FAGBEARING; NSE symbolchange.csv: FAGBEARING -> ... on 2017-08-01
SHASUNPHAR,SHASUNPHAR,2010-01-04,500,"renamed, not in the history ledger",bhavcopy has SHASUNCHEM; NSE symbolchange.csv: SHASUNCHEM -> ... on 2011-01-28
SHASUNPHAR,SHASUNPHAR,2010-06-10,500,"renamed, not in the history ledger",bhavcopy has SHASUNCHEM; NSE symbolchange.csv: SHASUNCHEM -> ... on 2011-01-28
SHASUNPHAR,SHASUNPHAR,2010-12-31,500,"renamed, not in the history ledger",bhavcopy has SHASUNCHEM; NSE symbolchange.csv: SHASUNCHEM -> ... on 2011-01-28
SREINFRA,SREINFRA,2010-01-04,500,"renamed, not in the history ledger",bhavcopy has SREINTFIN; NSE symbolchange.csv: SREINTFIN -> ... on 2010-07-21
SREINFRA,SREINFRA,2010-06-10,500,"renamed, not in the history ledger",bhavcopy has SREINTFIN; NSE symbolchange.csv: SREINTFIN -> ... on 2010-07-21
STYRENIX,STYRENIX,2021-10-29,"microcap_250,total_market","renamed, not in the history ledger",bhavcopy has INEOSSTYRO; NSE symbolchange.csv: INEOSSTYRO -> ... on 2023-01-20
STYRENIX,STYRENIX,2021-12-31,"microcap_250,total_market","renamed, not in the history ledger",bhavcopy has INEOSSTYRO; NSE symbolchange.csv: INEOSSTYRO -> ... on 2023-01-20
STYRENIX,STYRENIX,2022-03-31,"microcap_250,total_market","renamed, not in the history ledger",bhavcopy has INEOSSTYRO; NSE symbolchange.csv: INEOSSTYRO -> ... on 2023-01-20
STYRENIX,STYRENIX,2022-09-30,"microcap_250,total_market","renamed, not in the history ledger",bhavcopy has INEOSSTYRO; NSE symbolchange.csv: INEOSSTYRO -> ... on 2023-01-20
STYRENIX,STYRENIX,2022-12-30,"microcap_250,total_market","renamed, not in the history ledger",bhavcopy has INEOSSTYRO; NSE symbolchange.csv: INEOSSTYRO -> ... on 2023-01-20
TATAGLOBAL,TATACONSUM,2010-01-04,500,"renamed, not in the history ledger",bhavcopy has TATATEA; NSE symbolchange.csv: TATATEA -> ... on 2010-07-21
TATAGLOBAL,TATACONSUM,2010-06-10,500,"renamed, not in the history ledger",bhavcopy has TATATEA; NSE symbolchange.csv: TATATEA -> ... on 2010-07-21
TMPV,TMPV,2010-01-04,"50,500","renamed, not in the history ledger",bhavcopy has TATAMOTORS; NSE symbolchange.csv: TATAMOTORS -> ... on 2025-10-24
TMPV,TMPV,2010-06-10,"50,500","renamed, not in the history ledger",bhavcopy has TATAMOTORS; NSE symbolchange.csv: TATAMOTORS -> ... on 2025-10-24
TMPV,TMPV,2010-12-31,"50,500","renamed, not in the history ledger",bhavcopy has TATAMOTORS; NSE symbolchange.csv: TATAMOTORS -> ... on 2025-10-24
TMPV,TMPV,2011-12-30,"50,500","renamed, not in the history ledger",bhavcopy has TATAMOTORS; NSE symbolchange.csv: TATAMOTORS -> ... on 2025-10-24
TMPV,TMPV,2012-12-31,"50,500","renamed, not in the history ledger",bhavcopy has TATAMOTORS; NSE symbolchange.csv: TATAMOTORS -> ... on 2025-10-24
TMPV,TMPV,2013-11-01,"50,500","renamed, not in the history ledger",bhavcopy has TATAMOTORS; NSE symbolchange.csv: TATAMOTORS -> ... on 2025-10-24
TMPV,TMPV,2013-12-31,"50,500","renamed, not in the history ledger",bhavcopy has TATAMOTORS; NSE symbolchange.csv: TATAMOTORS -> ... on 2025-10-24
TMPV,TMPV,2014-12-31,"50,500","renamed, not in the history ledger",bhavcopy has TATAMOTORS; NSE symbolchange.csv: TATAMOTORS -> ... on 2025-10-24
TMPV,TMPV,2015-05-29,"50,500","renamed, not in the history ledger",bhavcopy has TATAMOTORS; NSE symbolchange.csv: TATAMOTORS -> ... on 2025-10-24
TMPV,TMPV,2015-12-31,"50,500","renamed, not in the history ledger",bhavcopy has TATAMOTORS; NSE symbolchange.csv: TATAMOTORS -> ... on 2025-10-24
TMPV,TMPV,2016-04-29,"50,500","renamed, not in the history ledger",bhavcopy has TATAMOTORS; NSE symbolchange.csv: TATAMOTORS -> ... on 2025-10-24
TMPV,TMPV,2016-09-30,"50,500","renamed, not in the history ledger",bhavcopy has TATAMOTORS; NSE symbolchange.csv: TATAMOTORS -> ... on 2025-10-24
TMPV,TMPV,2016-12-30,"50,500","renamed, not in the history ledger",bhavcopy has TATAMOTORS; NSE symbolchange.csv: TATAMOTORS -> ... on 2025-10-24
TMPV,TMPV,2017-12-29,"50,500","renamed, not in the history ledger",bhavcopy has TATAMOTORS; NSE symbolchange.csv: TATAMOTORS -> ... on 2025-10-24
TMPV,TMPV,2018-06-29,"50,500","renamed, not in the history ledger",bhavcopy has TATAMOTORS; NSE symbolchange.csv: TATAMOTORS -> ... on 2025-10-24
TMPV,TMPV,2018-12-31,"50,500","renamed, not in the history ledger",bhavcopy has TATAMOTORS; NSE symbolchange.csv: TATAMOTORS -> ... on 2025-10-24
TMPV,TMPV,2019-06-28,"50,500","renamed, not in the history ledger",bhavcopy has TATAMOTORS; NSE symbolchange.csv: TATAMOTORS -> ... on 2025-10-24
TMPV,TMPV,2019-09-27,"50,500","renamed, not in the history ledger",bhavcopy has TATAMOTORS; NSE symbolchange.csv: TATAMOTORS -> ... on 2025-10-24
TMPV,TMPV,2019-12-31,"50,500","renamed, not in the history ledger",bhavcopy has TATAMOTORS; NSE symbolchange.csv: TATAMOTORS -> ... on 2025-10-24
TMPV,TMPV,2020-07-31,"50,500","renamed, not in the history ledger",bhavcopy has TATAMOTORS; NSE symbolchange.csv: TATAMOTORS -> ... on 2025-10-24
TMPV,TMPV,2020-09-25,"50,500","renamed, not in the history ledger",bhavcopy has TATAMOTORS; NSE symbolchange.csv: TATAMOTORS -> ... on 2025-10-24
TMPV,TMPV,2020-12-31,"50,500","renamed, not in the history ledger",bhavcopy has TATAMOTORS; NSE symbolchange.csv: TATAMOTORS -> ... on 2025-10-24
TMPV,TMPV,2021-10-29,"50,500,total_market","renamed, not in the history ledger",bhavcopy has TATAMOTORS; NSE symbolchange.csv: TATAMOTORS -> ... on 2025-10-24
TMPV,TMPV,2021-12-31,"50,500,total_market","renamed, not in the history ledger",bhavcopy has TATAMOTORS; NSE symbolchange.csv: TATAMOTORS -> ... on 2025-10-24
TMPV,TMPV,2022-03-31,"50,500,total_market","renamed, not in the history ledger",bhavcopy has TATAMOTORS; NSE symbolchange.csv: TATAMOTORS -> ... on 2025-10-24
TMPV,TMPV,2022-09-30,"50,500,total_market","renamed, not in the history ledger",bhavcopy has TATAMOTORS; NSE symbolchange.csv: TATAMOTORS -> ... on 2025-10-24
TMPV,TMPV,2022-12-30,"50,500,total_market","renamed, not in the history ledger",bhavcopy has TATAMOTORS; NSE symbolchange.csv: TATAMOTORS -> ... on 2025-10-24
TMPV,TMPV,2023-04-28,"50,500,total_market","renamed, not in the history ledger",bhavcopy has TATAMOTORS; NSE symbolchange.csv: TATAMOTORS -> ... on 2025-10-24
TMPV,TMPV,2023-09-29,"50,500,total_market","renamed, not in the history ledger",bhavcopy has TATAMOTORS; NSE symbolchange.csv: TATAMOTORS -> ... on 2025-10-24
TMPV,TMPV,2023-12-29,"50,500,total_market","renamed, not in the history ledger",bhavcopy has TATAMOTORS; NSE symbolchange.csv: TATAMOTORS -> ... on 2025-10-24
TMPV,TMPV,2024-12-31,"50,500,total_market","renamed, not in the history ledger",bhavcopy has TATAMOTORS; NSE symbolchange.csv: TATAMOTORS -> ... on 2025-10-24
TMPV,TMPV,2025-03-11,"50,500,total_market","renamed, not in the history ledger",bhavcopy has TATAMOTORS; NSE symbolchange.csv: TATAMOTORS -> ... on 2025-10-24
TMPV,TMPV,2025-03-21,"50,500,total_market","renamed, not in the history ledger",bhavcopy has TATAMOTORS; NSE symbolchange.csv: TATAMOTORS -> ... on 2025-10-24
TRIDENT,TRIDENT,2010-01-04,500,"renamed, not in the history ledger",bhavcopy has ABSHEKINDS; NSE symbolchange.csv: ABSHEKINDS -> ... on 2011-05-03
TRIDENT,TRIDENT,2010-06-10,500,"renamed, not in the history ledger",bhavcopy has ABSHEKINDS; NSE symbolchange.csv: ABSHEKINDS -> ... on 2011-05-03
TRIDENT,TRIDENT,2010-12-31,500,"renamed, not in the history ledger",bhavcopy has ABSHEKINDS; NSE symbolchange.csv: ABSHEKINDS -> ... on 2011-05-03
TV18BRDCST,TV18BRDCST,2010-01-04,500,"renamed, not in the history ledger",bhavcopy has IBN18; NSE symbolchange.csv: IBN18 -> ... on 2011-07-19
TV18BRDCST,TV18BRDCST,2010-06-10,500,"renamed, not in the history ledger",bhavcopy has IBN18; NSE symbolchange.csv: IBN18 -> ... on 2011-07-19
TV18BRDCST,TV18BRDCST,2010-12-31,500,"renamed, not in the history ledger",bhavcopy has IBN18; NSE symbolchange.csv: IBN18 -> ... on 2011-07-19
UPL,UPL,2010-01-04,"500,next_50","renamed, not in the history ledger",bhavcopy has UNIPHOS; NSE symbolchange.csv: UNIPHOS -> ... on 2013-10-23
UPL,UPL,2010-06-10,"500,next_50","renamed, not in the history ledger",bhavcopy has UNIPHOS; NSE symbolchange.csv: UNIPHOS -> ... on 2013-10-23
UPL,UPL,2010-12-31,"500,next_50","renamed, not in the history ledger",bhavcopy has UNIPHOS; NSE symbolchange.csv: UNIPHOS -> ... on 2013-10-23
UPL,UPL,2011-12-30,"500,next_50","renamed, not in the history ledger",bhavcopy has UNIPHOS; NSE symbolchange.csv: UNIPHOS -> ... on 2013-10-23
UPL,UPL,2012-12-31,"500,next_50","renamed, not in the history ledger",bhavcopy has UNIPHOS; NSE symbolchange.csv: UNIPHOS -> ... on 2013-10-23
VEEDOL,VEEDOL,2021-10-29,"microcap_250,total_market","renamed, not in the history ledger",bhavcopy has TIDEWATER; NSE symbolchange.csv: TIDEWATER -> ... on 2024-10-09
VEEDOL,VEEDOL,2021-12-31,"microcap_250,total_market","renamed, not in the history ledger",bhavcopy has TIDEWATER; NSE symbolchange.csv: TIDEWATER -> ... on 2024-10-09
VEEDOL,VEEDOL,2022-03-31,"microcap_250,total_market","renamed, not in the history ledger",bhavcopy has TIDEWATER; NSE symbolchange.csv: TIDEWATER -> ... on 2024-10-09
VEEDOL,VEEDOL,2022-09-30,"microcap_250,total_market","renamed, not in the history ledger",bhavcopy has TIDEWATER; NSE symbolchange.csv: TIDEWATER -> ... on 2024-10-09
VEEDOL,VEEDOL,2022-12-30,"microcap_250,total_market","renamed, not in the history ledger",bhavcopy has TIDEWATER; NSE symbolchange.csv: TIDEWATER -> ... on 2024-10-09
VEEDOL,VEEDOL,2023-04-28,"microcap_250,total_market","renamed, not in the history ledger",bhavcopy has TIDEWATER; NSE symbolchange.csv: TIDEWATER -> ... on 2024-10-09
VEEDOL,VEEDOL,2023-09-29,"microcap_250,total_market","renamed, not in the history ledger",bhavcopy has TIDEWATER; NSE symbolchange.csv: TIDEWATER -> ... on 2024-10-09
VEEDOL,VEEDOL,2023-12-29,"microcap_250,total_market","renamed, not in the history ledger",bhavcopy has TIDEWATER; NSE symbolchange.csv: TIDEWATER -> ... on 2024-10-09
WELCORP,WELCORP,2010-01-04,500,"renamed, not in the history ledger",bhavcopy has WELGUJ; NSE symbolchange.csv: WELGUJ -> ... on 2010-05-17
ZODIACLOTH,ZODIACLOTH,2013-12-31,500,absent that day only (suspension/no trade?),isin_history: traded 2011-06-22..2021-06-04
