date,index,members,matched,missing,not_EQ
2013-11-01,nifty_50,50,49,1,0
2013-11-01,nifty_next_50,50,50,0,0
2013-11-01,nifty_500,500,488,12,8
2010-01-04,nifty_50,50,47,3,0
2010-01-04,nifty_next_50,50,48,2,0
2010-01-04,nifty_500,500,460,40,7
2010-06-10,nifty_50,50,47,3,0
2010-06-10,nifty_next_50,50,48,2,0
2010-06-10,nifty_500,500,466,34,2
2025-03-11,nifty_total_market,750,749,1,3
2025-03-11,nifty_50,50,49,1,0
2025-03-11,nifty_next_50,50,50,0,0
2025-03-11,nifty_midcap_150,150,150,0,0
2025-03-11,nifty_smallcap_250,250,250,0,1
2025-03-11,nifty_microcap_250,250,250,0,2
2025-03-11,nifty_500,500,499,1,1
2025-03-21,nifty_total_market,750,749,1,3
2025-03-21,nifty_50,50,49,1,0
2025-03-21,nifty_next_50,50,50,0,0
2025-03-21,nifty_midcap_150,150,150,0,0
2025-03-21,nifty_smallcap_250,250,250,0,1
2025-03-21,nifty_microcap_250,250,250,0,2
2025-03-21,nifty_500,500,499,1,1
2020-09-25,nifty_50,50,49,1,0
2020-09-25,nifty_next_50,50,50,0,0
2020-09-25,nifty_midcap_150,150,150,0,0
2020-09-25,nifty_smallcap_250,250,249,1,1
2020-09-25,nifty_500,501,499,2,1
2019-09-27,nifty_50,50,49,1,0
2019-09-27,nifty_next_50,50,50,0,0
2019-09-27,nifty_midcap_150,150,150,0,0
2019-09-27,nifty_smallcap_250,250,249,1,1
2019-09-27,nifty_500,501,499,2,1
2023-04-28,nifty_total_market,751,747,4,1
2023-04-28,nifty_50,50,49,1,0
2023-04-28,nifty_next_50,50,50,0,0
2023-04-28,nifty_midcap_150,150,150,0,1
2023-04-28,nifty_smallcap_250,250,249,1,0
2023-04-28,nifty_microcap_250,250,248,2,0
2023-04-28,nifty_500,501,499,2,1
2019-06-28,nifty_50,50,49,1,0
2019-06-28,nifty_next_50,50,50,0,0
2019-06-28,nifty_midcap_150,150,150,0,0
2019-06-28,nifty_smallcap_250,250,249,1,1
2019-06-28,nifty_500,501,499,2,1
2016-04-29,nifty_50,51,50,1,0
2016-04-29,nifty_next_50,50,50,0,0
2016-04-29,nifty_midcap_150,150,148,2,0
2016-04-29,nifty_smallcap_250,250,247,3,0
2016-04-29,nifty_500,501,495,6,0
2015-05-29,nifty_50,50,49,1,0
2015-05-29,nifty_next_50,50,50,0,0
2015-05-29,nifty_500,500,493,7,0
2018-06-29,nifty_50,50,49,1,0
2018-06-29,nifty_next_50,50,50,0,0
2018-06-29,nifty_midcap_150,150,150,0,1
2018-06-29,nifty_smallcap_250,250,248,2,2
2018-06-29,nifty_500,501,498,3,3
2023-09-29,nifty_total_market,751,748,3,9
2023-09-29,nifty_50,50,49,1,0
2023-09-29,nifty_next_50,50,50,0,0
2023-09-29,nifty_midcap_150,150,150,0,1
2023-09-29,nifty_smallcap_250,250,250,0,2
2023-09-29,nifty_microcap_250,250,248,2,6
2023-09-29,nifty_500,501,500,1,3
2021-10-29,nifty_total_market,751,744,7,19
2021-10-29,nifty_50,50,49,1,0
2021-10-29,nifty_next_50,50,50,0,1
2021-10-29,nifty_midcap_150,150,150,0,2
2021-10-29,nifty_smallcap_250,250,249,1,5
2021-10-29,nifty_microcap_250,250,245,5,11
2021-10-29,nifty_500,501,499,2,8
2017-12-29,nifty_50,50,49,1,0
2017-12-29,nifty_next_50,50,50,0,0
2017-12-29,nifty_midcap_150,150,150,0,0
2017-12-29,nifty_smallcap_250,250,248,2,1
2017-12-29,nifty_500,501,498,3,1
2023-12-29,nifty_total_market,751,749,2,7
2023-12-29,nifty_50,50,49,1,0
2023-12-29,nifty_next_50,50,50,0,0
2023-12-29,nifty_midcap_150,150,150,0,1
2023-12-29,nifty_smallcap_250,250,250,0,1
2023-12-29,nifty_microcap_250,250,249,1,5
2023-12-29,nifty_500,501,500,1,2
2016-09-30,nifty_50,51,50,1,0
2016-09-30,nifty_next_50,50,50,0,0
2016-09-30,nifty_midcap_150,150,149,1,0
2016-09-30,nifty_smallcap_250,250,248,2,0
2016-09-30,nifty_500,501,497,4,0
2022-09-30,nifty_total_market,751,745,6,8
2022-09-30,nifty_50,50,49,1,0
2022-09-30,nifty_next_50,50,50,0,0
2022-09-30,nifty_midcap_150,150,150,0,2
2022-09-30,nifty_smallcap_250,250,249,1,1
2022-09-30,nifty_microcap_250,250,246,4,5
2022-09-30,nifty_500,501,499,2,3
2026-09-30,nifty_total_market,750,750,0,10
2026-09-30,nifty_50,50,50,0,0
2026-09-30,nifty_next_50,50,50,0,0
2026-09-30,nifty_midcap_150,150,150,0,1
2026-09-30,nifty_smallcap_250,250,250,0,5
2026-09-30,nifty_microcap_250,250,250,0,4
2026-09-30,nifty_500,500,500,0,6
2011-12-30,nifty_50,50,49,1,0
2011-12-30,nifty_next_50,50,48,2,0
2011-12-30,nifty_500,500,480,20,0
2016-12-30,nifty_50,51,50,1,0
2016-12-30,nifty_next_50,50,50,0,0
2016-12-30,nifty_midcap_150,150,149,1,0
2016-12-30,nifty_smallcap_250,250,248,2,0
2016-12-30,nifty_500,501,497,4,0
2022-12-30,nifty_total_market,751,746,5,4
2022-12-30,nifty_50,50,49,1,0
2022-12-30,nifty_next_50,50,50,0,0
2022-12-30,nifty_midcap_150,150,150,0,1
2022-12-30,nifty_smallcap_250,250,249,1,1
2022-12-30,nifty_microcap_250,250,247,3,2
2022-12-30,nifty_500,501,499,2,2
2022-03-31,nifty_total_market,751,745,6,4
2022-03-31,nifty_50,50,49,1,0
2022-03-31,nifty_next_50,50,50,0,0
2022-03-31,nifty_midcap_150,150,150,0,3
2022-03-31,nifty_smallcap_250,250,249,1,1
2022-03-31,nifty_microcap_250,250,246,4,0
2022-03-31,nifty_500,501,499,2,4
2020-07-31,nifty_50,50,49,1,0
2020-07-31,nifty_next_50,50,50,0,0
2020-07-31,nifty_midcap_150,150,150,0,0
2020-07-31,nifty_smallcap_250,250,249,1,1
2020-07-31,nifty_500,501,499,2,1
2010-12-31,nifty_50,50,47,3,0
2010-12-31,nifty_next_50,50,48,2,0
2010-12-31,nifty_500,500,470,30,4
2012-12-31,nifty_50,50,49,1,0
2012-12-31,nifty_next_50,50,49,1,0
2012-12-31,nifty_500,500,485,15,6
2013-12-31,nifty_50,50,49,1,0
2013-12-31,nifty_next_50,50,50,0,0
2013-12-31,nifty_500,500,488,12,8
2014-12-31,nifty_50,50,49,1,0
2014-12-31,nifty_next_50,50,50,0,0
2014-12-31,nifty_500,500,492,8,0
2015-12-31,nifty_50,50,49,1,0
2015-12-31,nifty_next_50,50,50,0,0
2015-12-31,nifty_500,500,494,6,0
2018-12-31,nifty_50,50,49,1,0
2018-12-31,nifty_next_50,50,50,0,0
2018-12-31,nifty_midcap_150,150,150,0,0
2018-12-31,nifty_smallcap_250,250,248,2,0
2018-12-31,nifty_500,501,498,3,0
2019-12-31,nifty_50,50,49,1,0
2019-12-31,nifty_next_50,50,50,0,0
2019-12-31,nifty_midcap_150,150,150,0,0
2019-12-31,nifty_smallcap_250,250,249,1,1
2019-12-31,nifty_500,501,499,2,1
2020-12-31,nifty_50,50,49,1,0
2020-12-31,nifty_next_50,50,50,0,0
2020-12-31,nifty_midcap_150,150,150,0,0
2020-12-31,nifty_smallcap_250,250,249,1,1
2020-12-31,nifty_500,501,499,2,1
2021-12-31,nifty_total_market,751,745,6,13
2021-12-31,nifty_50,50,49,1,0
2021-12-31,nifty_next_50,50,50,0,1
2021-12-31,nifty_midcap_150,150,150,0,2
2021-12-31,nifty_smallcap_250,250,249,1,3
2021-12-31,nifty_microcap_250,250,246,4,7
2021-12-31,nifty_500,501,499,2,6
2024-12-31,nifty_total_market,750,749,1,3
2024-12-31,nifty_50,50,49,1,0
2024-12-31,nifty_next_50,50,50,0,0
2024-12-31,nifty_midcap_150,150,150,0,0
2024-12-31,nifty_smallcap_250,250,250,0,1
2024-12-31,nifty_microcap_250,250,250,0,2
2024-12-31,nifty_500,500,499,1,1
2025-12-31,nifty_total_market,750,749,1,1
2025-12-31,nifty_50,50,50,0,0
2025-12-31,nifty_next_50,50,50,0,0
2025-12-31,nifty_midcap_150,150,150,0,0
2025-12-31,nifty_smallcap_250,250,249,1,0
2025-12-31,nifty_microcap_250,250,250,0,1
2025-12-31,nifty_500,500,499,1,0
