date,nifty500,nifty50,source
2015-10-08,6793.8,8129.35,ss
2015-10-09,6829.4,8189.7,ss
2015-10-12,6802.3,8143.6,ss
2015-10-13,6797.55,8131.7,ss
2015-10-14,6786.05,8107.9,ss
2015-10-15,6834.05,8179.5,ss
2015-10-16,6870.85,8238.15,ss
2015-10-19,6907.7,8275.05,ss
2015-10-20,6907.1,8261.65,ss
2015-10-21,6895.75,8251.7,ss
2015-10-23,6913.05,8295.45,ss
2015-10-26,6882.6,8260.55,ss
2015-10-27,6870.35,8232.9,ss
2015-10-28,6828.15,8171.2,ss
2015-10-29,6784.85,8111.75,ss
2015-10-30,6750.95,8065.8,ss
2015-11-02,6740.9,8050.8,ss
2015-11-03,6755.15,8060.7,ss
2015-11-04,6741.2,8040.2,ss
2015-11-05,6661.7,7955.45,ss
2015-11-06,6650.1,7954.3,ss
2015-11-09,6641.4,7915.2,ss
2015-11-10,6536.45,7783.35,ss
2015-11-11,6585.15,7825.0,ss
2015-11-13,6526.6,7762.25,ss
2015-11-16,6551.45,7806.6,ss
2015-11-17,6580.8,7837.55,ss
2015-11-18,6507.55,7731.8,ss
2015-11-19,6594.55,7842.75,ss
2015-11-20,6615.65,7856.55,ss
2015-11-23,6615.5,7849.25,ss
2015-11-24,6609.1,7831.6,ss
2015-11-26,6644.9,7883.8,ss
2015-11-27,6686.9,7942.7,ss
2015-11-30,6686.1,7935.25,ss
2015-12-01,6712.5,7954.9,ss
2015-12-02,6699.8,7931.35,ss
2015-12-03,6649.5,7864.15,ss
2015-12-04,6584.9,7781.9,ss
2015-12-07,6576.85,7765.4,ss
2015-12-08,6515.15,7701.7,ss
2015-12-09,6425.35,7612.5,ss
2015-12-10,6484.25,7683.3,ss
2015-12-11,6425.45,7610.45,ss
2015-12-14,6457.6,7650.05,ss
2015-12-15,6501.75,7700.9,ss
2015-12-16,6535.45,7750.9,ss
2015-12-17,6621.75,7844.35,ss
2015-12-18,6570.8,7761.95,ss
2015-12-21,6628.05,7834.45,ss
2015-12-22,6595.85,7786.1,ss
2015-12-23,6652.75,7865.95,ss
2015-12-24,6656.75,7861.05,ss
2015-12-28,6700.7,7925.15,ss
2015-12-29,6705.25,7928.95,ss
2015-12-30,6685.45,7896.25,ss
2015-12-31,6724.75,7946.35,ss
2016-01-01,6753.65,7963.2,ss
2016-01-04,6630.8,7791.3,ss
2016-01-05,6639.5,7784.65,ss
2016-01-06,6607.65,7741.0,ss
2016-01-07,6446.85,7568.3,ss
2016-01-08,6490.85,7601.35,ss
2016-01-11,6451.85,7563.85,ss
2016-01-12,6405.45,7510.3,ss
2016-01-13,6415.95,7562.4,ss
2016-01-14,6378.2,7536.8,ss
2016-01-15,6262.4,7437.8,ss
2016-01-18,6149.15,7351.0,ss
2016-01-19,6225.2,7435.1,ss
2016-01-20,6115.75,7309.3,ss
2016-01-21,6092.05,7276.8,ss
2016-01-22,6216.7,7422.45,ss
2016-01-25,6234.45,7436.15,ss
2016-01-27,6242.4,7437.75,ss
2016-01-28,6230.0,7424.65,ss
2016-01-29,6339.45,7563.55,ss
2016-02-01,6341.6,7555.95,ss
2016-02-02,6252.2,7455.55,ss
2016-02-03,6166.2,7361.8,ss
2016-02-04,6186.25,7404.0,ss
2016-02-05,6270.5,7489.1,ss
2016-02-08,6209.8,7387.25,ss
2016-02-09,6125.6,7298.2,ss
2016-02-10,6051.95,7215.7,ss
2016-02-11,5843.2,6976.35,ss
2016-02-12,5833.4,6980.95,ss
2016-02-15,5999.05,7162.95,ss
2016-02-16,5889.1,7048.25,ss
2016-02-17,5930.15,7108.45,ss
2016-02-18,5988.8,7191.75,ss
2016-02-19,6000.4,7210.75,ss
2016-02-22,6024.15,7234.55,ss
2016-02-23,5930.9,7109.55,ss
2016-02-24,5859.75,7018.7,ss
2016-02-25,5816.5,6970.6,ss
2016-02-26,5852.9,7029.75,ss
2016-02-29,5829.95,6987.05,ss
2016-03-01,6020.05,7222.3,ss
2016-03-02,6137.15,7368.85,ss
2016-03-03,6218.4,7475.6,ss
2016-03-04,6239.35,7485.35,ss
2016-03-08,6243.65,7485.3,ss
2016-03-09,6275.1,7531.8,ss
2016-03-10,6242.95,7486.15,ss
2016-03-11,6258.45,7510.2,ss
2016-03-14,6282.7,7538.75,ss
2016-03-15,6222.65,7460.6,ss
2016-03-16,6238.45,7498.75,ss
2016-03-17,6255.75,7512.55,ss
2016-03-18,6322.65,7604.35,ss
2016-03-21,6406.7,7704.25,ss
2016-03-22,6418.3,7714.9,ss
2016-03-23,6423.7,7716.5,ss
2016-03-28,6334.7,7615.1,ss
2016-03-29,6323.0,7597.0,ss
2016-03-30,6436.7,7735.2,ss
2016-03-31,6452.15,7738.4,ss
2016-04-01,6445.5,7713.05,ss
2016-04-04,6479.6,7758.8,ss
2016-04-05,6358.35,7603.2,ss
2016-04-06,6378.0,7614.35,ss
2016-04-07,6329.8,7546.45,ss
2016-04-08,6346.65,7555.2,ss
2016-04-11,6430.6,7671.4,ss
2016-04-12,6470.1,7708.95,ss
2016-04-13,6575.35,7850.45,ss
2016-04-18,6635.05,7914.7,ss
2016-04-20,6643.3,7914.75,ss
2016-04-21,6634.3,7912.05,ss
2016-04-22,6627.95,7899.3,ss
2016-04-25,6593.45,7855.05,ss
2016-04-26,6669.5,7962.65,ss
2016-04-27,6684.3,7979.9,ss
2016-04-28,6583.15,7847.25,ss
2016-04-29,6588.55,7849.8,ss
2016-05-02,6580.15,7805.9,ss
2016-05-03,6533.55,7747.0,ss
2016-05-04,6484.35,7706.55,ss
2016-05-05,6500.05,7735.5,ss
2016-05-06,6504.55,7733.45,ss
2016-05-09,6603.25,7866.05,ss
2016-05-10,6617.25,7887.8,ss
2016-05-11,6593.0,7848.85,ss
2016-05-12,6640.9,7900.4,ss
2016-05-13,6582.3,7814.9,ss
2016-05-16,6608.25,7860.75,ss
2016-05-17,6629.7,7890.75,ss
2016-05-18,6621.55,7870.15,ss
2016-05-19,6546.5,7783.4,ss
2016-05-20,6513.1,7749.7,ss
2016-05-23,6495.25,7731.05,ss
2016-05-24,6498.6,7748.85,ss
2016-05-25,6626.85,7934.9,ss
2016-05-26,6725.2,8069.65,ss
2016-05-27,6797.0,8156.65,ss
2016-05-30,6820.3,8178.5,ss
2016-05-31,6804.0,8160.1,ss
2016-06-01,6815.45,8179.95,ss
2016-06-02,6849.2,8218.95,ss
2016-06-03,6844.75,8220.8,ss
2016-06-06,6832.3,8201.05,ss
2016-06-07,6884.15,8266.45,ss
2016-06-08,6901.8,8273.05,ss
2016-06-09,6857.75,8203.6,ss
2016-06-10,6832.05,8170.05,ss
2016-06-13,6785.15,8110.6,ss
2016-06-14,6793.85,8108.85,ss
2016-06-15,6865.05,8206.6,ss
2016-06-16,6819.85,8140.75,ss
2016-06-17,6842.35,8170.2,ss
2016-06-20,6891.3,8238.5,ss
2016-06-21,6886.15,8219.9,ss
2016-06-22,6871.0,8203.7,ss
2016-06-23,6910.55,8270.45,ss
2016-06-24,6775.55,8088.6,ss
2016-06-27,6803.7,8094.7,ss
2016-06-28,6837.75,8127.85,ss
2016-06-29,6907.1,8204.0,ss
2016-06-30,6980.8,8287.75,ss
2016-07-01,7027.85,8328.35,ss
2016-07-04,7071.85,8370.7,ss
2016-07-05,7051.0,8335.95,ss
2016-07-07,7050.1,8337.9,ss
2016-07-08,7039.4,8323.2,ss
2016-07-11,7151.35,8467.9,ss
2016-07-12,7192.25,8521.05,ss
2016-07-13,7177.0,8519.5,ss
2016-07-14,7215.35,8565.0,ss
2016-07-15,7194.4,8541.4,ss
2016-07-18,7162.25,8508.7,ss
2016-07-19,7178.2,8528.55,ss
2016-07-20,7221.3,8565.85,ss
2016-07-21,7186.7,8510.1,ss
2016-07-22,7227.45,8541.2,ss
2016-07-25,7305.6,8635.65,ss
2016-07-26,7270.0,8590.65,ss
2016-07-27,7297.9,8615.8,ss
2016-07-28,7338.65,8666.3,ss
2016-07-29,7330.0,8638.5,ss
2016-08-01,7335.05,8636.55,ss
2016-08-02,7310.9,8622.9,ss
2016-08-03,7232.8,8544.85,ss
2016-08-04,7248.55,8551.1,ss
2016-08-05,7364.05,8683.15,ss
2016-08-08,7398.25,8711.35,ss
2016-08-09,7368.45,8678.25,ss
2016-08-10,7277.0,8575.3,ss
2016-08-11,7289.5,8592.15,ss
2016-08-12,7347.45,8672.15,ss
2016-08-16,7339.25,8642.55,ss
2016-08-17,7343.7,8624.05,ss
2016-08-18,7390.2,8673.25,ss
2016-08-19,7397.8,8666.9,ss
2016-08-22,7363.8,8629.15,ss
2016-08-23,7359.75,8632.6,ss
2016-08-24,7386.05,8650.3,ss
2016-08-25,7343.5,8592.2,ss
2016-08-26,7334.8,8572.55,ss
2016-08-29,7361.0,8607.45,ss
2016-08-30,7461.95,8744.35,ss
2016-08-31,7490.65,8786.2,ss
2016-09-01,7474.3,8774.65,ss
2016-09-02,7504.6,8809.65,ss
2016-09-06,7615.0,8943.0,ss
2016-09-07,7607.2,8917.95,ss
2016-09-08,7642.7,8952.5,ss
2016-09-09,7575.55,8866.7,ss
2016-09-12,7420.5,8715.6,ss
2016-09-14,7455.3,8726.6,ss
2016-09-15,7462.7,8742.55,ss
2016-09-16,7487.2,8779.85,ss
2016-09-19,7513.8,8808.4,ss
2016-09-20,7490.3,8775.9,ss
2016-09-21,7491.7,8777.15,ss
2016-09-22,7573.0,8867.45,ss
2016-09-23,7554.9,8831.55,ss
2016-09-26,7479.75,8723.05,ss
2016-09-27,7469.95,8706.4,ss
2016-09-28,7514.95,8745.15,ss
2016-09-29,7336.85,8591.25,ss
2016-09-30,7394.85,8611.15,ss
2016-10-03,7532.25,8738.1,ss
2016-10-04,7567.7,8769.15,ss
2016-10-05,7565.5,8743.95,ss
2016-10-06,7537.25,8709.55,ss
2016-10-07,7527.2,8697.6,ss
2016-10-10,7532.7,8708.8,ss
2016-10-13,7418.35,8573.35,ss
2016-10-14,7439.85,8583.4,ss
2016-10-17,7384.5,8520.4,ss
2016-10-18,7512.3,8677.9,ss
2016-10-19,7507.7,8659.1,ss
2016-10-20,7538.8,8699.4,ss
2016-10-21,7541.7,8693.05,ss
2016-10-24,7551.55,8708.95,ss
2016-10-25,7541.5,8691.3,ss
2016-10-26,7476.75,8615.25,ss
2016-10-27,7452.15,8615.25,ss
2016-10-28,7494.1,8638.0,ss
2016-10-30,7501.45,8625.7,ss
2016-11-01,7502.2,8626.25,ss
2016-11-02,7391.4,8514.0,ss
2016-11-03,7344.1,8484.95,ss
2016-11-04,7274.1,8433.75,ss
2016-11-07,7330.95,8497.05,ss
2016-11-08,7366.05,8543.55,ss
2016-11-09,7247.45,8432.0,ss
2016-11-10,7342.3,8525.75,ss
2016-11-11,7126.5,8296.3,ss
2016-11-15,6916.45,8108.45,ss
2016-11-16,6928.1,8111.6,ss
2016-11-17,6903.45,8079.95,ss
2016-11-18,6908.5,8074.1,ss
2016-11-21,6761.55,7929.1,ss
2016-11-22,6835.3,8002.3,ss
2016-11-23,6882.65,8033.3,ss
2016-11-24,6837.5,7965.5,ss
2016-11-25,6960.75,8114.3,ss
2016-11-28,6983.4,8126.9,ss
2016-11-29,7003.6,8142.15,ss
2016-11-30,7079.4,8224.5,ss
2016-12-01,7040.25,8192.9,ss
2016-12-02,6947.3,8086.8,ss
2016-12-05,6984.25,8128.75,ss
2016-12-06,7001.6,8143.15,ss
2016-12-07,6971.2,8102.05,ss
2016-12-08,7089.25,8246.85,ss
2016-12-09,7101.15,8261.75,ss
2016-12-12,7023.2,8170.8,ss
2016-12-13,7045.35,8221.8,ss
2016-12-14,7004.65,8182.45,ss
2016-12-15,6989.25,8153.6,ss
2016-12-16,6976.5,8139.45,ss
2016-12-19,6943.35,8104.35,ss
2016-12-20,6908.1,8082.4,ss
2016-12-21,6896.0,8061.3,ss
2016-12-22,6816.35,7979.1,ss
2016-12-23,6814.9,7985.75,ss
2016-12-26,6724.45,7908.25,ss
2016-12-27,6832.0,8032.85,ss
2016-12-28,6847.4,8034.85,ss
2016-12-29,6915.45,8103.6,ss
2016-12-30,6982.8,8185.8,ss
2017-01-02,7002.5,8179.5,ss
2017-01-03,7028.75,8192.25,ss
2017-01-04,7030.75,8190.5,ss
2017-01-05,7106.9,8273.8,ss
2017-01-06,7083.1,8243.8,ss
2017-01-09,7085.15,8236.05,ss
2017-01-10,7132.2,8288.6,ss
2017-01-11,7214.15,8380.65,ss
2017-01-12,7231.85,8407.2,ss
2017-01-13,7228.3,8400.35,ss
2017-01-16,7247.95,8412.8,ss
2017-01-17,7243.65,8398.0,ss
2017-01-18,7269.0,8417.0,ss
2017-01-19,7287.75,8435.1,ss
2017-01-20,7202.75,8349.35,ss
2017-01-23,7242.55,8391.5,ss
2017-01-24,7315.25,8475.8,ss
2017-01-25,7417.7,8602.75,ss
2017-01-27,7455.15,8641.25,ss
2017-01-30,7452.15,8632.75,ss
2017-01-31,7379.3,8561.3,ss
2017-02-01,7516.05,8716.4,ss
2017-02-02,7547.1,8734.25,ss
2017-02-03,7569.9,8740.95,ss
2017-02-06,7628.1,8801.05,ss
2017-02-07,7603.2,8768.3,ss
2017-02-08,7614.75,8769.05,ss
2017-02-09,7623.6,8778.4,ss
2017-02-10,7631.25,8793.55,ss
2017-02-13,7626.95,8805.05,ss
2017-02-14,7605.05,8792.3,ss
2017-02-15,7531.6,8724.7,ss
2017-02-16,7599.45,8778.0,ss
2017-02-17,7638.0,8821.7,ss
2017-02-20,7691.85,8879.2,ss
2017-02-21,7725.25,8907.85,ss
2017-02-22,7721.6,8926.9,ss
2017-02-23,7729.65,8939.5,ss
2017-02-27,7706.5,8896.7,ss
2017-02-28,7709.1,8879.6,ss
2017-03-01,7754.7,8945.8,ss
2017-03-02,7691.65,8899.75,ss
2017-03-03,7696.2,8897.55,ss
2017-03-06,7745.4,8963.45,ss
2017-03-07,7735.3,8946.9,ss
2017-03-08,7710.95,8924.3,ss
2017-03-09,7710.0,8927.0,ss
2017-03-10,7710.9,8934.55,ss
2017-03-14,7835.65,9087.0,ss
2017-03-15,7854.75,9084.8,ss
2017-03-16,7928.55,9153.7,ss
2017-03-17,7933.1,9160.05,ss
2017-03-20,7918.6,9126.85,ss
2017-03-21,7909.2,9121.5,ss
2017-03-22,7830.1,9030.45,ss
2017-03-23,7885.7,9086.3,ss
2017-03-24,7905.3,9108.0,ss
2017-03-27,7865.3,9045.2,ss
2017-03-28,7912.1,9100.8,ss
2017-03-29,7945.3,9143.8,ss
2017-03-30,7976.9,9173.75,ss
2017-03-31,7995.05,9173.75,ss
2017-04-03,8053.15,9237.85,ss
2017-04-05,8095.1,9265.15,ss
2017-04-06,8092.1,9261.95,ss
2017-04-07,8045.35,9198.3,ss
2017-04-10,8052.1,9181.45,ss
2017-04-11,8107.1,9237.0,ss
2017-04-12,8078.85,9203.45,ss
2017-04-13,8044.9,9150.8,ss
2017-04-17,8042.6,9139.3,ss
2017-04-18,8003.15,9105.15,ss
2017-04-19,8021.0,9103.5,ss
2017-04-20,8063.1,9136.4,ss
2017-04-21,8057.7,9119.4,ss
2017-04-24,8137.35,9217.95,ss
2017-04-25,8216.7,9306.6,ss
2017-04-26,8230.85,9351.85,ss
2017-04-27,8222.2,9342.15,ss
2017-04-28,8214.3,9304.05,ss
2017-05-02,8231.35,9313.8,ss
2017-05-03,8227.7,9311.95,ss
2017-05-04,8265.8,9359.9,ss
2017-05-05,8193.25,9285.3,ss
2017-05-08,8226.1,9314.05,ss
2017-05-09,8242.7,9316.85,ss
2017-05-10,8320.2,9407.3,ss
2017-05-11,8331.0,9422.4,ss
2017-05-12,8299.2,9400.9,ss
2017-05-15,8351.3,9445.4,ss
2017-05-16,8398.95,9512.25,ss
2017-05-17,8396.0,9525.75,ss
2017-05-18,8279.15,9429.45,ss
2017-05-19,8258.2,9427.9,ss
2017-05-22,8235.05,9438.25,ss
2017-05-23,8159.15,9386.15,ss
2017-05-24,8106.6,9360.55,ss
2017-05-25,8233.9,9509.75,ss
2017-05-26,8331.85,9595.1,ss
2017-05-29,8299.5,9604.9,ss
2017-05-30,8328.95,9624.55,ss
2017-05-31,8350.95,9621.25,ss
2017-06-01,8367.15,9616.1,ss
2017-06-02,8406.55,9653.5,ss
2017-06-05,8435.75,9675.1,ss
2017-06-06,8397.2,9637.15,ss
2017-06-07,8431.5,9663.9,ss
2017-06-08,8429.15,9647.25,ss
2017-06-09,8452.75,9668.25,ss
2017-06-12,8408.7,9616.4,ss
2017-06-13,8408.0,9606.9,ss
2017-06-14,8420.8,9618.15,ss
2017-06-15,8400.2,9578.05,ss
2017-06-16,8411.45,9588.05,ss
2017-06-19,8453.1,9657.55,ss
2017-06-20,8454.0,9653.5,ss
2017-06-21,8443.6,9633.6,ss
2017-06-22,8423.85,9630.0,ss
2017-06-23,8355.1,9574.95,ss
2017-06-27,8285.5,9511.4,ss
2017-06-28,8279.7,9491.25,ss
2017-06-29,8301.1,9504.1,ss
2017-06-30,8331.6,9520.9,ss
2017-07-03,8416.4,9615.0,ss
2017-07-04,8410.7,9613.3,ss
2017-07-05,8451.5,9637.6,ss
2017-07-06,8481.75,9674.55,ss
2017-07-07,8479.45,9665.8,ss
2017-07-10,8556.95,9771.05,ss
2017-07-11,8544.9,9786.05,ss
2017-07-12,8585.5,9816.1,ss
2017-07-13,8646.3,9891.7,ss
2017-07-14,8640.7,9886.35,ss
2017-07-17,8659.5,9915.95,ss
2017-07-18,8589.8,9827.15,ss
2017-07-19,8662.15,9899.6,ss
2017-07-20,8641.6,9873.3,ss
2017-07-21,8669.75,9915.25,ss
2017-07-24,8702.85,9966.4,ss
2017-07-25,8710.6,9964.55,ss
2017-07-26,8748.75,10020.65,ss
2017-07-27,8737.1,10020.55,ss
2017-07-28,8747.45,10014.5,ss
2017-07-31,8793.3,10077.1,ss
2017-08-01,8812.6,10114.65,ss
2017-08-02,8786.85,10081.5,ss
2017-08-03,8729.3,10013.65,ss
2017-08-04,8776.2,10066.4,ss
2017-08-07,8806.45,10057.4,ss
2017-08-08,8726.85,9978.55,ss
2017-08-09,8637.15,9908.05,ss
2017-08-10,8497.75,9820.25,ss
2017-08-11,8427.7,9710.8,ss
2017-08-14,8541.5,9794.15,ss
2017-08-16,8635.7,9897.3,ss
2017-08-17,8643.3,9904.15,ss
2017-08-18,8594.25,9837.4,ss
2017-08-21,8509.4,9754.35,ss
2017-08-22,8499.3,9765.55,ss
2017-08-23,8585.0,9852.5,ss
2017-08-24,8605.75,9857.05,ss
2017-08-28,8669.6,9912.8,ss
2017-08-29,8571.8,9796.05,ss
2017-08-30,8663.15,9884.4,ss
2017-08-31,8694.95,9917.9,ss
2017-09-01,8755.25,9974.4,ss
2017-09-04,8700.35,9912.85,ss
2017-09-05,8747.2,9952.2,ss
2017-09-06,8732.4,9916.2,ss
2017-09-07,8757.15,9929.9,ss
2017-09-08,8749.95,9934.8,ss
2017-09-11,8810.95,10006.05,ss
2017-09-12,8890.65,10093.05,ss
2017-09-13,8866.85,10079.3,ss
2017-09-14,8884.95,10086.6,ss
2017-09-15,8887.6,10085.4,ss
2017-09-18,8946.9,10153.1,ss
2017-09-19,8951.75,10147.55,ss
2017-09-20,8938.4,10141.15,ss
2017-09-21,8911.2,10121.9,ss
2017-09-22,8738.0,9964.4,ss
2017-09-25,8638.3,9872.6,ss
2017-09-26,8654.6,9871.5,ss
2017-09-27,8520.95,9735.75,ss
2017-09-28,8557.1,9768.95,ss
2017-09-29,8600.0,9788.6,ss
2017-10-03,8662.4,9859.5,ss
2017-10-04,8706.85,9914.9,ss
2017-10-05,8706.45,9888.7,ss
2017-10-06,8787.4,9979.7,ss
2017-10-09,8798.3,9988.75,ss
2017-10-10,8836.4,10016.95,ss
2017-10-11,8792.4,9984.8,ss
2017-10-12,8890.05,10096.4,ss
2017-10-13,8937.2,10167.45,ss
2017-10-16,8985.25,10230.85,ss
2017-10-17,9002.35,10234.45,ss
2017-10-18,8984.65,10210.85,ss
2017-10-19,8937.65,10146.55,ss
2017-10-23,8972.9,10184.85,ss
2017-10-24,8993.8,10207.7,ss
2017-10-25,9065.15,10295.35,ss
2017-10-26,9106.75,10343.8,ss
2017-10-27,9104.45,10323.05,ss
2017-10-30,9165.1,10363.65,ss
2017-10-31,9153.6,10335.3,ss
2017-11-01,9234.85,10440.5,ss
2017-11-02,9237.75,10423.8,ss
2017-11-03,9260.65,10452.5,ss
2017-11-06,9273.1,10451.8,ss
2017-11-07,9169.55,10350.15,ss
2017-11-08,9117.55,10303.15,ss
2017-11-09,9147.3,10308.95,ss
2017-11-10,9154.95,10321.75,ss
2017-11-13,9082.45,10224.95,ss
2017-11-14,9051.5,10186.6,ss
2017-11-15,8973.75,10118.05,ss
2017-11-16,9065.0,10214.75,ss
2017-11-17,9137.1,10283.6,ss
2017-11-20,9161.9,10298.75,ss
2017-11-21,9185.4,10326.9,ss
2017-11-22,9195.7,10342.3,ss
2017-11-23,9207.4,10348.75,ss
2017-11-24,9246.05,10389.7,ss
2017-11-27,9267.5,10399.55,ss
2017-11-28,9254.3,10370.25,ss
2017-11-29,9244.7,10361.3,ss
2017-11-30,9154.5,10226.55,ss
2017-12-01,9060.4,10121.8,ss
2017-12-04,9059.35,10127.75,ss
2017-12-05,9056.6,10118.25,ss
2017-12-06,8988.55,10044.1,ss
2017-12-07,9103.05,10166.7,ss
2017-12-08,9190.55,10265.65,ss
2017-12-11,9231.9,10322.25,ss
2017-12-12,9156.5,10240.15,ss
2017-12-13,9101.8,10192.95,ss
2017-12-14,9133.65,10252.1,ss
2017-12-15,9216.75,10333.25,ss
2017-12-18,9270.85,10388.75,ss
2017-12-19,9360.45,10463.2,ss
2017-12-20,9363.45,10444.2,ss
2017-12-21,9387.75,10440.3,ss
2017-12-22,9431.5,10493.0,ss
2017-12-26,9470.35,10531.5,ss
2017-12-27,9438.25,10490.75,ss
2017-12-28,9435.85,10477.9,ss
2017-12-29,9490.65,10530.7,ss
2018-01-01,9434.5,10435.55,ss
2018-01-02,9417.85,10442.2,ss
2018-01-03,9439.35,10443.2,ss
2018-01-04,9505.75,10504.8,ss
2018-01-05,9573.45,10558.85,ss
2018-01-08,9639.25,10623.6,ss
2018-01-09,9640.75,10637.0,ss
2018-01-10,9630.6,10632.2,ss
2018-01-11,9650.3,10651.2,ss
2018-01-12,9665.2,10681.25,ss
2018-01-15,9699.85,10741.55,ss
2018-01-16,9612.6,10700.45,ss
2018-01-17,9686.6,10788.55,ss
2018-01-18,9646.8,10817.0,ss
2018-01-19,9723.1,10894.7,ss
2018-01-22,9787.3,10966.2,ss
2018-01-23,9877.2,11083.7,ss
2018-01-24,9853.9,11086.0,ss
2018-01-25,9810.0,11069.65,ss
2018-01-29,9819.45,11130.4,ss
2018-01-30,9743.05,11049.65,ss
2018-01-31,9697.9,11027.7,ss
2018-02-01,9687.05,11016.9,ss
2018-02-02,9409.8,10760.6,ss
2018-02-05,9344.4,10666.55,ss
2018-02-06,9190.55,10498.25,ss
2018-02-07,9206.35,10476.7,ss
2018-02-08,9322.6,10576.85,ss
2018-02-09,9251.1,10454.95,ss
2018-02-12,9348.45,10539.75,ss
2018-02-14,9326.7,10500.9,ss
2018-02-15,9323.6,10545.5,ss
2018-02-16,9235.6,10452.3,ss
2018-02-19,9159.95,10378.4,ss
2018-02-20,9151.05,10360.4,ss
2018-02-21,9167.6,10397.45,ss
2018-02-22,9138.5,10382.7,ss
2018-02-23,9251.35,10491.05,ss
2018-02-26,9332.65,10582.6,ss
2018-02-27,9302.25,10554.3,ss
2018-02-28,9261.9,10492.85,ss
2018-03-01,9225.35,10458.35,ss
2018-03-05,9136.1,10358.85,ss
2018-03-06,9039.8,10249.25,ss
2018-03-07,8936.85,10154.2,ss
2018-03-08,9000.7,10242.65,ss
2018-03-09,8986.4,10226.85,ss
2018-03-12,9121.75,10421.4,ss
2018-03-13,9157.9,10426.85,ss
2018-03-14,9151.55,10410.9,ss
2018-03-15,9133.9,10360.15,ss
2018-03-16,9004.45,10195.15,ss
2018-03-19,8894.2,10094.25,ss
2018-03-20,8920.45,10124.35,ss
2018-03-21,8949.1,10155.25,ss
2018-03-22,8904.0,10114.75,ss
2018-03-23,8800.8,9998.05,ss
2018-03-26,8914.35,10130.65,ss
2018-03-27,8978.1,10184.15,ss
2018-03-28,8912.1,10113.7,ss
2018-04-02,9023.6,10211.8,ss
2018-04-03,9074.85,10245.0,ss
2018-04-04,8975.6,10128.4,ss
2018-04-05,9146.15,10325.15,ss
2018-04-06,9172.05,10331.6,ss
2018-04-09,9205.2,10379.35,ss
2018-04-10,9219.15,10402.25,ss
2018-04-11,9230.85,10417.15,ss
2018-04-12,9247.25,10458.65,ss
2018-04-13,9267.65,10480.6,ss
2018-04-16,9311.3,10528.35,ss
2018-04-17,9330.3,10548.7,ss
2018-04-18,9311.6,10526.2,ss
2018-04-19,9356.4,10565.3,ss
2018-04-20,9347.65,10564.05,ss
2018-04-23,9373.4,10584.7,ss
2018-04-24,9390.4,10614.35,ss
2018-04-25,9349.95,10570.55,ss
2018-04-26,9381.35,10617.8,ss
2018-04-27,9443.65,10692.3,ss
2018-04-30,9496.5,10739.35,ss
2018-05-02,9444.5,10718.05,ss
2018-05-03,9388.65,10679.65,ss
2018-05-04,9339.75,10618.25,ss
2018-05-07,9418.8,10715.5,ss
2018-05-08,9419.85,10717.8,ss
2018-05-09,9418.9,10741.7,ss
2018-05-10,9360.95,10716.55,ss
2018-05-11,9416.35,10806.5,ss
2018-05-14,9389.95,10806.6,ss
2018-05-15,9365.9,10801.85,ss
2018-05-16,9328.7,10741.1,ss
2018-05-17,9304.45,10682.7,ss
2018-05-18,9209.2,10596.4,ss
2018-05-21,9108.7,10516.7,ss
2018-05-22,9145.65,10536.7,ss
2018-05-23,9069.8,10430.35,ss
2018-05-24,9115.55,10513.85,ss
2018-05-25,9215.55,10605.15,ss
2018-05-28,9307.55,10688.65,ss
2018-05-29,9270.6,10633.3,ss
2018-05-30,9255.0,10614.35,ss
2018-05-31,9315.35,10736.15,ss
2018-06-01,9255.25,10696.2,ss
2018-06-04,9175.9,10628.5,ss
2018-06-05,9110.5,10593.15,ss
2018-06-06,9205.9,10684.65,ss
2018-06-07,9300.1,10768.35,ss
2018-06-08,9316.25,10767.65,ss
2018-06-11,9332.4,10786.95,ss
2018-06-12,9386.45,10842.85,ss
2018-06-13,9386.4,10856.7,ss
2018-06-14,9356.65,10808.05,ss
2018-06-15,9343.7,10817.7,ss
2018-06-18,9318.55,10799.85,ss
2018-06-19,9234.5,10710.45,ss
2018-06-20,9276.4,10772.05,ss
2018-06-21,9240.25,10741.1,ss
2018-06-22,9296.65,10821.85,ss
2018-06-25,9234.4,10762.45,ss
2018-06-26,9231.8,10769.15,ss
2018-06-27,9129.25,10671.4,ss
2018-06-28,9036.95,10589.1,ss
2018-06-29,9162.45,10714.3,ss
2018-07-02,9109.0,10657.3,ss
2018-07-03,9149.4,10699.9,ss
2018-07-04,9194.55,10769.9,ss
2018-07-05,9166.6,10749.75,ss
2018-07-06,9194.5,10772.65,ss
2018-07-09,9277.95,10852.9,ss
2018-07-10,9359.4,10947.25,ss
2018-07-11,9344.25,10948.3,ss
2018-07-12,9380.9,11023.2,ss
2018-07-13,9349.05,11018.9,ss
2018-07-16,9231.25,10936.85,ss
2018-07-17,9315.25,11008.05,ss
2018-07-18,9269.55,10980.45,ss
2018-07-19,9236.3,10957.1,ss
2018-07-20,9286.1,11010.2,ss
2018-07-23,9363.85,11084.75,ss
2018-07-24,9450.65,11134.3,ss
2018-07-25,9449.9,11132.0,ss
2018-07-26,9487.9,11167.3,ss
2018-07-27,9579.05,11278.35,ss
2018-07-30,9618.7,11319.55,ss
2018-07-31,9650.6,11356.5,ss
2018-08-01,9651.7,11346.2,ss
2018-08-02,9588.8,11244.7,ss
2018-08-03,9685.7,11360.8,ss
2018-08-06,9709.35,11387.1,ss
2018-08-07,9704.8,11389.45,ss
2018-08-08,9744.75,11450.0,ss
2018-08-09,9769.1,11470.7,ss
2018-08-10,9724.45,11429.5,ss
2018-08-13,9656.5,11355.75,ss
2018-08-14,9726.15,11435.1,ss
2018-08-16,9685.65,11385.05,ss
2018-08-17,9770.2,11470.75,ss
2018-08-20,9839.75,11551.75,ss
2018-08-21,9862.5,11570.9,ss
2018-08-23,9872.55,11582.75,ss
2018-08-24,9850.8,11557.1,ss
2018-08-27,9958.8,11691.95,ss
2018-08-28,9985.9,11738.5,ss
2018-08-29,9973.65,11691.9,ss
2018-08-30,9975.2,11676.8,ss
2018-08-31,9992.0,11680.5,ss
2018-09-03,9921.65,11582.35,ss
2018-09-04,9806.05,11520.3,ss
2018-09-05,9764.55,11476.95,ss
2018-09-06,9815.45,11536.9,ss
2018-09-07,9875.2,11589.1,ss
2018-09-10,9740.1,11438.1,ss
2018-09-11,9607.1,11287.5,ss
2018-09-12,9660.6,11369.9,ss
2018-09-14,9792.75,11515.2,ss
2018-09-17,9696.45,11377.75,ss
2018-09-18,9594.25,11278.9,ss
2018-09-19,9545.7,11234.35,ss
2018-09-21,9425.55,11143.1,ss
2018-09-24,9243.15,10967.4,ss
2018-09-25,9303.35,11067.45,ss
2018-09-26,9302.25,11053.8,ss
2018-09-27,9202.35,10977.55,ss
2018-09-28,9116.0,10930.45,ss
2018-10-01,9165.5,11008.3,ss
2018-10-03,9056.7,10858.25,ss
2018-10-04,8854.85,10599.25,ss
2018-10-05,8624.95,10316.45,ss
2018-10-08,8602.6,10348.05,ss
2018-10-09,8562.95,10301.05,ss
2018-10-10,8748.5,10460.1,ss
2018-10-11,8565.6,10234.65,ss
2018-10-12,8767.1,10472.5,ss
2018-10-15,8812.0,10512.5,ss
2018-10-16,8893.8,10584.75,ss
2018-10-17,8758.6,10453.05,ss
2018-10-19,8640.65,10303.55,ss
2018-10-22,8576.95,10245.25,ss
2018-10-23,8489.9,10146.8,ss
2018-10-24,8555.65,10224.75,ss
2018-10-25,8473.5,10124.9,ss
2018-10-26,8417.25,10030.0,ss
2018-10-29,8610.1,10250.85,ss
2018-10-30,8600.3,10198.4,ss
2018-10-31,8753.45,10386.6,ss
2018-11-01,8772.5,10380.45,ss
2018-11-02,8899.4,10553.0,ss
2018-11-05,8877.9,10524.0,ss
2018-11-06,8870.3,10530.0,ss
2018-11-07,8933.5,10598.4,ss
2018-11-09,8946.35,10585.2,ss
2018-11-12,8859.25,10482.2,ss
2018-11-13,8923.55,10582.5,ss
2018-11-14,8921.45,10576.3,ss
2018-11-15,8954.65,10616.7,ss
2018-11-16,8993.25,10682.2,ss
2018-11-19,9052.75,10763.4,ss
2018-11-20,8960.15,10656.2,ss
2018-11-21,8940.3,10600.05,ss
2018-11-22,8879.0,10526.75,ss
2018-11-26,8943.0,10628.6,ss
2018-11-27,8983.9,10685.6,ss
2018-11-28,8993.25,10728.85,ss
2018-11-29,9081.85,10858.7,ss
2018-11-30,9109.15,10876.75,ss
2018-12-03,9126.9,10883.75,ss
2018-12-04,9116.45,10869.5,ss
2018-12-05,9029.45,10782.9,ss
2018-12-06,8883.25,10601.15,ss
2018-12-07,8940.65,10693.7,ss
2018-12-10,8769.6,10488.45,ss
2018-12-11,8845.15,10549.15,ss
2018-12-12,9021.6,10737.6,ss
2018-12-13,9077.3,10791.55,ss
2018-12-14,9091.3,10805.45,ss
2018-12-17,9153.95,10888.35,ss
2018-12-18,9177.35,10908.7,ss
2018-12-19,9246.8,10967.3,ss
2018-12-20,9234.45,10951.7,ss
2018-12-21,9082.55,10754.0,ss
2018-12-24,9002.45,10663.5,ss
2018-12-26,9041.7,10729.85,ss
2018-12-27,9078.8,10779.8,ss
2018-12-28,9152.55,10859.9,ss
2018-12-31,9170.0,10862.55,ss
2019-01-01,9197.9,10910.1,ss
2019-01-02,9103.4,10792.5,ss
2019-01-03,9014.8,10672.25,ss
2019-01-04,9054.9,10727.35,ss
2019-01-07,9081.15,10771.8,ss
2019-01-08,9098.65,10802.15,ss
2019-01-09,9127.45,10855.15,ss
2019-01-10,9119.4,10821.6,ss
2019-01-11,9098.2,10794.95,ss
2019-01-14,9051.45,10737.6,ss
2019-01-15,9157.15,10886.8,ss
2019-01-16,9158.75,10890.3,ss
2019-01-17,9161.6,10905.2,ss
2019-01-18,9140.1,10906.95,ss
2019-01-21,9155.3,10961.85,ss
2019-01-22,9131.15,10922.75,ss
2019-01-23,9068.85,10831.5,ss
2019-01-24,9072.2,10849.8,ss
2019-01-25,8994.35,10780.55,ss
2019-01-28,8876.6,10661.55,ss
2019-01-29,8875.65,10652.2,ss
2019-01-30,8884.9,10651.8,ss
2019-01-31,9003.85,10830.95,ss
2019-02-01,9056.3,10893.65,ss
2019-02-04,9042.0,10912.25,ss
2019-02-05,9033.6,10934.35,ss
2019-02-06,9118.7,11062.45,ss
2019-02-07,9145.8,11069.4,ss
2019-02-08,9036.9,10943.6,ss
2019-02-11,8967.15,10888.8,ss
2019-02-12,8925.3,10831.4,ss
2019-02-13,8887.9,10793.65,ss
2019-02-14,8869.3,10746.05,ss
2019-02-15,8827.05,10724.4,ss
2019-02-18,8754.35,10640.95,ss
2019-02-19,8742.3,10604.35,ss
2019-02-20,8845.6,10735.45,ss
2019-02-21,8901.7,10789.85,ss
2019-02-22,8919.75,10791.65,ss
2019-02-25,8983.85,10880.1,ss
2019-02-26,8953.15,10835.3,ss
2019-02-27,8946.2,10806.65,ss
2019-02-28,8955.95,10792.5,ss
2019-03-01,9037.5,10863.5,ss
2019-03-05,9173.6,10987.45,ss
2019-03-06,9230.45,11053.0,ss
2019-03-07,9225.35,11058.2,ss
2019-03-08,9211.05,11035.4,ss
2019-03-11,9345.6,11168.05,ss
2019-03-12,9440.85,11301.2,ss
2019-03-13,9450.25,11341.7,ss
2019-03-14,9447.2,11343.25,ss
2019-03-15,9499.4,11426.85,ss
2019-03-18,9516.7,11462.2,ss
2019-03-19,9570.15,11532.4,ss
2019-03-20,9553.0,11521.05,ss
2019-03-22,9500.05,11456.9,ss
2019-03-25,9411.65,11354.25,ss
2019-03-26,9512.6,11483.25,ss
2019-03-27,9501.8,11445.05,ss
2019-03-28,9601.95,11570.0,ss
2019-03-29,9663.7,11623.9,ss
2019-04-01,9702.0,11669.15,ss
2019-04-02,9720.8,11713.2,ss
2019-04-03,9658.4,11643.95,ss
2019-04-04,9626.65,11598.0,ss
2019-04-05,9684.95,11665.95,ss
2019-04-08,9634.4,11604.5,ss
2019-04-09,9677.75,11671.95,ss
2019-04-10,9622.95,11584.3,ss
2019-04-11,9634.55,11596.7,ss
2019-04-12,9674.6,11643.45,ss
2019-04-15,9716.5,11690.35,ss
2019-04-16,9781.4,11787.15,ss
2019-04-18,9738.7,11752.8,ss
2019-04-22,9599.8,11594.45,ss
2019-04-23,9587.3,11575.95,ss
2019-04-24,9687.55,11726.15,ss
2019-04-25,9628.8,11641.8,ss
2019-04-26,9689.7,11754.65,ss
2019-04-30,9664.3,11748.15,ss
2019-05-02,9637.5,11724.75,ss
2019-05-03,9624.55,11712.25,ss
2019-05-06,9532.45,11598.25,ss
2019-05-07,9450.8,11497.9,ss
2019-05-08,9340.25,11359.45,ss
2019-05-09,9299.75,11301.8,ss
2019-05-10,9290.2,11278.9,ss
2019-05-13,9159.95,11148.2,ss
2019-05-14,9212.35,11222.05,ss
2019-05-15,9160.1,11157.0,ss
2019-05-16,9221.65,11257.1,ss
2019-05-17,9329.7,11407.15,ss
2019-05-20,9671.9,11828.25,ss
2019-05-21,9578.85,11709.1,ss
2019-05-22,9598.2,11737.9,ss
2019-05-23,9552.75,11657.05,ss
2019-05-24,9722.05,11844.1,ss
2019-05-27,9804.9,11924.75,ss
2019-05-28,9815.5,11928.75,ss
2019-05-29,9757.15,11861.1,ss
2019-05-30,9815.3,11945.9,ss
2019-05-31,9805.05,11922.8,ss
2019-06-03,9922.6,12088.55,ss
2019-06-04,9876.2,12021.65,ss
2019-06-06,9722.5,11843.75,ss
2019-06-07,9735.85,11870.65,ss
2019-06-10,9765.85,11922.7,ss
2019-06-11,9805.1,11965.6,ss
2019-06-12,9749.95,11906.2,ss
2019-06-13,9747.05,11914.05,ss
2019-06-14,9669.95,11823.3,ss
2019-06-17,9543.6,11672.15,ss
2019-06-18,9551.35,11691.5,ss
2019-06-19,9526.2,11691.45,ss
2019-06-20,9646.0,11831.75,ss
2019-06-21,9581.6,11724.1,ss
2019-06-24,9564.1,11699.65,ss
2019-06-25,9632.85,11796.45,ss
2019-06-26,9682.8,11847.55,ss
2019-06-27,9692.35,11841.55,ss
2019-06-28,9657.95,11788.85,ss
2019-07-01,9713.0,11865.6,ss
2019-07-02,9744.85,11910.3,ss
2019-07-03,9757.3,11916.75,ss
2019-07-04,9776.8,11946.75,ss
2019-07-05,9657.65,11811.15,ss
2019-07-08,9447.8,11558.6,ss
2019-07-09,9455.65,11555.9,ss
2019-07-10,9400.1,11498.9,ss
2019-07-11,9466.4,11582.9,ss
2019-07-12,9457.75,11552.5,ss
2019-07-15,9469.15,11588.35,ss
2019-07-16,9529.85,11662.6,ss
2019-07-17,9543.35,11687.5,ss
2019-07-18,9456.15,11596.9,ss
2019-07-19,9304.65,11419.25,ss
2019-07-22,9247.75,11346.2,ss
2019-07-23,9233.55,11331.05,ss
2019-07-24,9160.45,11271.3,ss
2019-07-25,9159.15,11252.15,ss
2019-07-26,9192.6,11284.3,ss
2019-07-29,9108.9,11189.2,ss
2019-07-30,9004.05,11085.4,ss
2019-07-31,9044.95,11118.0,ss
2019-08-01,8935.75,10980.0,ss
2019-08-02,8943.95,10997.35,ss
2019-08-05,8831.95,10862.6,ss
2019-08-06,8918.6,10948.25,ss
2019-08-07,8854.65,10855.5,ss
2019-08-08,8979.65,11032.45,ss
2019-08-09,9046.55,11109.65,ss
2019-08-13,8890.1,10925.85,ss
2019-08-14,8971.1,11029.4,ss
2019-08-16,8988.8,11047.8,ss
2019-08-19,8997.95,11053.9,ss
2019-08-20,8957.4,11017.0,ss
2019-08-21,8864.5,10918.7,ss
2019-08-22,8719.25,10741.35,ss
2019-08-23,8790.55,10829.35,ss
2019-08-26,8964.7,11057.85,ss
2019-08-27,9022.25,11105.35,ss
2019-08-28,8970.9,11046.1,ss
2019-08-29,8906.1,10948.3,ss
2019-08-30,8977.55,11023.25,ss
2019-09-03,8802.35,10797.9,ss
2019-09-04,8833.1,10844.65,ss
2019-09-05,8846.3,10847.9,ss
2019-09-06,8920.4,10946.2,ss
2019-09-09,8972.4,11003.05,ss
2019-09-11,9015.15,11035.7,ss
2019-09-12,8981.6,10982.8,ss
2019-09-13,9050.85,11075.9,ss
2019-09-16,9009.15,11003.5,ss
2019-09-17,8853.9,10817.6,ss
2019-09-18,8877.7,10840.65,ss
2019-09-19,8766.45,10704.8,ss
2019-09-20,9230.5,11274.2,ss
2019-09-23,9486.6,11600.2,ss
2019-09-24,9474.75,11588.2,ss
2019-09-25,9344.15,11440.2,ss
2019-09-26,9443.8,11571.2,ss
2019-09-27,9395.6,11512.4,ss
2019-09-30,9340.9,11474.45,ss
2019-10-01,9236.4,11359.9,ss
2019-10-03,9198.4,11314.0,ss
2019-10-04,9091.65,11174.75,ss
2019-10-07,9040.65,11126.4,ss
2019-10-09,9177.95,11313.3,ss
2019-10-10,9112.75,11234.55,ss
2019-10-11,9161.4,11305.05,ss
2019-10-14,9192.65,11341.15,ss
2019-10-15,9253.85,11428.3,ss
2019-10-16,9281.85,11464.0,ss
2019-10-17,9391.0,11586.35,ss
2019-10-18,9479.2,11661.85,ss
2019-10-22,9448.25,11588.35,ss
2019-10-23,9458.65,11604.1,ss
2019-10-24,9437.65,11582.6,ss
2019-10-25,9431.1,11583.9,ss
2019-10-27,9478.35,11627.15,ss
2019-10-29,9598.35,11786.85,ss
2019-10-30,9647.55,11844.1,ss
2019-10-31,9689.65,11877.45,ss
2019-11-01,9704.0,11890.6,ss
2019-11-04,9732.4,11941.3,ss
2019-11-05,9694.05,11917.2,ss
2019-11-06,9721.35,11966.05,ss
2019-11-07,9764.3,12012.05,ss
2019-11-08,9683.3,11908.15,ss
2019-11-11,9695.85,11913.45,ss
2019-11-13,9633.95,11840.45,ss
2019-11-14,9650.4,11872.1,ss
2019-11-15,9667.3,11895.45,ss
2019-11-18,9668.6,11884.5,ss
2019-11-19,9702.15,11940.1,ss
2019-11-20,9744.9,11999.1,ss
2019-11-21,9712.35,11968.4,ss
2019-11-22,9679.3,11914.4,ss
2019-11-25,9802.05,12073.75,ss
2019-11-26,9762.85,12037.7,ss
2019-11-27,9815.95,12100.7,ss
2019-11-28,9869.75,12151.15,ss
2019-11-29,9813.65,12056.05,ss
2019-12-02,9798.0,12048.2,ss
2019-12-03,9743.15,11994.2,ss
2019-12-04,9782.1,12043.2,ss
2019-12-05,9757.6,12018.4,ss
2019-12-06,9669.4,11921.5,ss
2019-12-09,9671.45,11937.5,ss
2019-12-10,9595.4,11856.8,ss
2019-12-11,9636.25,11910.15,ss
2019-12-12,9691.15,11971.8,ss
2019-12-13,9783.6,12086.7,ss
2019-12-16,9753.0,12053.95,ss
2019-12-17,9831.35,12165.0,ss
2019-12-18,9864.55,12221.65,ss
2019-12-19,9892.3,12259.7,ss
2019-12-20,9905.35,12271.8,ss
2019-12-23,9897.65,12262.75,ss
2019-12-24,9868.4,12214.55,ss
2019-12-26,9817.2,12126.55,ss
2019-12-27,9908.7,12245.8,ss
2019-12-30,9924.7,12255.85,ss
2019-12-31,9872.55,12168.45,ss
2020-01-01,9888.55,12182.5,ss
2020-01-02,9980.0,12282.2,ss
2020-01-03,9941.65,12226.65,ss
2020-01-06,9747.4,11993.05,ss
2020-01-07,9805.4,12052.95,ss
2020-01-08,9792.2,12025.35,ss
2020-01-09,9943.9,12215.9,ss
2020-01-10,9978.0,12256.8,ss
2020-01-13,10042.5,12329.55,ss
2020-01-14,10075.85,12362.3,ss
2020-01-15,10087.05,12343.3,ss
2020-01-16,10110.05,12355.5,ss
2020-01-17,10118.7,12352.35,ss
2020-01-20,10025.7,12224.55,ss
2020-01-21,9987.55,12169.85,ss
2020-01-22,9947.0,12106.9,ss
2020-01-23,10021.4,12180.35,ss
2020-01-24,10083.7,12248.25,ss
2020-01-27,9999.6,12119.0,ss
2020-01-28,9956.95,12055.8,ss
2020-01-29,10009.3,12129.5,ss
2020-01-30,9919.2,12035.8,ss
2020-01-31,9861.45,11962.1,ss
2020-02-01,9606.05,11661.85,ss
2020-02-03,9650.55,11707.9,ss
2020-02-04,9853.05,11979.65,ss
2020-02-05,9951.35,12089.15,ss
2020-02-06,10004.2,12137.95,ss
2020-02-07,10000.75,12098.35,ss
2020-02-10,9945.65,12031.5,ss
2020-02-11,9987.05,12107.9,ss
2020-02-12,10037.1,12201.2,ss
2020-02-13,10017.75,12174.65,ss
2020-02-14,9961.05,12113.45,ss
2020-02-17,9891.0,12045.8,ss
2020-02-18,9845.55,11992.5,ss
2020-02-19,9970.5,12125.9,ss
2020-02-20,9958.65,12080.85,ss
2020-02-24,9758.2,11829.4,ss
2020-02-25,9724.7,11797.9,ss
2020-02-26,9622.7,11678.5,ss
2020-02-27,9579.35,11633.3,ss
2020-02-28,9236.05,11201.75,ss
2020-03-02,9178.8,11132.75,ss
2020-03-03,9324.3,11303.3,ss
2020-03-04,9258.25,11251.0,ss
2020-03-05,9280.15,11269.0,ss
2020-03-06,9059.95,10989.45,ss
2020-03-09,8631.35,10451.45,ss
2020-03-11,8618.05,10458.4,ss
2020-03-12,7901.35,9590.15,ss
2020-03-13,8163.0,9955.2,ss
2020-03-16,7591.9,9197.4,ss
2020-03-17,7417.65,8967.05,ss
2020-03-18,7010.55,8468.8,ss
2020-03-19,6807.2,8263.45,ss
2020-03-20,7160.1,8745.45,ss
2020-03-23,6243.0,7610.25,ss
2020-03-24,6365.45,7801.05,ss
2020-03-25,6724.0,8317.85,ss
2020-03-26,6993.85,8641.45,ss
2020-03-27,7003.3,8660.25,ss
2020-03-30,6749.2,8281.1,ss
2020-03-31,6996.75,8597.75,ss
2020-04-01,6761.95,8253.8,ss
2020-04-03,6638.45,8083.8,ss
2020-04-07,7149.0,8792.2,ss
2020-04-08,7161.45,8748.75,ss
2020-04-09,7441.65,9111.9,ss
2020-04-13,7360.35,8993.85,ss
2020-04-15,7344.35,8925.3,ss
2020-04-16,7412.3,8992.8,ss
2020-04-17,7614.4,9266.75,ss
2020-04-20,7614.6,9261.85,ss
2020-04-21,7395.85,8981.45,ss
2020-04-22,7533.8,9187.3,ss
2020-04-23,7625.3,9313.9,ss
2020-04-24,7493.45,9154.4,ss
2020-04-27,7603.95,9282.3,ss
2020-04-28,7672.45,9380.9,ss
2020-04-29,7797.2,9553.35,ss
2020-04-30,8012.9,9859.9,ss
2020-05-04,7596.9,9293.5,ss
2020-05-05,7523.05,9205.6,ss
2020-05-06,7575.5,9270.9,ss
2020-05-07,7520.85,9199.05,ss
2020-05-08,7552.0,9251.5,ss
2020-05-11,7556.4,9239.2,ss
2020-05-12,7520.9,9196.55,ss
2020-05-13,7667.0,9383.55,ss
2020-05-14,7514.55,9142.75,ss
2020-05-15,7504.05,9136.85,ss
2020-05-18,7245.25,8823.25,ss
2020-05-19,7284.5,8879.1,ss
2020-05-20,7426.85,9066.55,ss
2020-05-21,7470.6,9106.25,ss
2020-05-22,7416.0,9039.25,ss
2020-05-26,7424.5,9029.05,ss
2020-05-27,7595.55,9314.95,ss
2020-05-28,7732.25,9490.1,ss
2020-05-29,7822.4,9580.3,ss
2020-06-01,8020.1,9826.15,ss
2020-06-02,8137.45,9979.1,ss
2020-06-03,8203.0,10061.55,ss
2020-06-04,8185.9,10029.1,ss
2020-06-05,8299.35,10142.15,ss
2020-06-08,8323.95,10167.45,ss
2020-06-09,8238.1,10046.65,ss
2020-06-10,8293.35,10116.15,ss
2020-06-11,8137.0,9902.0,ss
2020-06-12,8196.4,9972.9,ss
2020-06-15,8086.45,9813.7,ss
2020-06-16,8152.3,9914.0,ss
2020-06-17,8140.45,9881.15,ss
2020-06-18,8283.65,10091.65,ss
2020-06-19,8403.4,10244.4,ss
2020-06-22,8486.45,10311.2,ss
2020-06-23,8621.1,10471.0,ss
2020-06-24,8496.25,10305.3,ss
2020-06-25,8499.9,10288.9,ss
2020-06-26,8559.0,10383.0,ss
2020-06-29,8488.05,10312.4,ss
2020-06-30,8474.8,10302.1,ss
2020-07-01,8554.75,10430.05,ss
2020-07-02,8647.85,10551.7,ss
2020-07-03,8696.25,10607.35,ss
2020-07-06,8815.7,10763.65,ss
2020-07-07,8850.3,10799.65,ss
2020-07-08,8785.0,10705.75,ss
2020-07-09,8851.5,10813.45,ss
2020-07-10,8813.95,10768.05,ss
2020-07-13,8834.2,10802.7,ss
2020-07-14,8693.35,10607.35,ss
2020-07-15,8689.85,10618.2,ss
2020-07-16,8766.6,10739.95,ss
2020-07-17,8895.3,10901.7,ss
2020-07-20,8985.1,11022.2,ss
2020-07-21,9070.6,11162.25,ss
2020-07-22,9046.6,11132.6,ss
2020-07-23,9114.05,11215.45,ss
2020-07-24,9085.95,11194.15,ss
2020-07-27,9024.9,11131.8,ss
2020-07-28,9141.75,11300.55,ss
2020-07-29,9096.1,11202.85,ss
2020-07-30,9031.7,11102.15,ss
2020-07-31,9035.75,11073.45,ss
2020-08-03,8932.05,10891.6,ss
2020-08-04,9074.95,11095.25,ss
2020-08-05,9088.75,11101.65,ss
2020-08-06,9169.1,11200.15,ss
2020-08-07,9198.65,11214.05,ss
2020-08-10,9268.55,11270.15,ss
2020-08-11,9291.0,11322.5,ss
2020-08-12,9284.8,11308.4,ss
2020-08-13,9307.85,11300.45,ss
2020-08-14,9214.4,11178.4,ss
2020-08-17,9267.9,11247.1,ss
2020-08-18,9382.05,11385.35,ss
2020-08-19,9412.55,11408.4,ss
2020-08-20,9368.75,11312.2,ss
2020-08-21,9423.55,11371.6,ss
2020-08-24,9498.35,11466.45,ss
2020-08-25,9509.25,11472.25,ss
2020-08-26,9567.15,11549.6,ss
2020-08-27,9580.7,11559.25,ss
2020-08-28,9641.05,11647.6,ss
2020-08-31,9372.05,11387.5,ss
2020-09-01,9442.25,11470.25,ss
2020-09-02,9518.4,11535.0,ss
2020-09-03,9534.65,11527.45,ss
2020-09-04,9377.95,11333.85,ss
2020-09-07,9379.1,11355.05,ss
2020-09-08,9329.85,11317.35,ss
2020-09-09,9290.2,11278.0,ss
2020-09-10,9420.25,11449.25,ss
2020-09-11,9446.4,11464.45,ss
2020-09-14,9493.3,11440.05,ss
2020-09-15,9573.35,11521.8,ss
2020-09-16,9632.5,11604.55,ss
2020-09-17,9566.75,11516.1,ss
2020-09-18,9559.5,11504.95,ss
2020-09-21,9313.0,11250.55,ss
2020-09-22,9213.9,11153.65,ss
2020-09-23,9194.35,11131.85,ss
2020-09-24,8944.75,10805.55,ss
2020-09-25,9156.1,11050.25,ss
2020-09-28,9330.25,11227.55,ss
2020-09-29,9319.7,11222.4,ss
2020-09-30,9341.75,11247.55,ss
2020-10-01,9461.7,11416.95,ss
2020-10-05,9516.3,11503.35,ss
2020-10-06,9622.35,11662.4,ss
2020-10-07,9654.5,11738.85,ss
2020-10-08,9711.8,11834.6,ss
2020-10-09,9750.15,11914.2,ss
2020-10-12,9745.35,11930.95,ss
2020-10-13,9736.45,11934.5,ss
2020-10-14,9763.4,11971.05,ss
2020-10-15,9550.05,11680.35,ss
2020-10-16,9626.25,11762.45,ss
2020-10-19,9709.3,11873.05,ss
2020-10-20,9733.0,11896.8,ss
2020-10-21,9756.6,11937.65,ss
2020-10-22,9745.05,11896.45,ss
2020-10-23,9780.35,11930.35,ss
2020-10-26,9647.65,11767.75,ss
2020-10-27,9748.3,11889.4,ss
2020-10-28,9632.35,11729.6,ss
2020-10-29,9593.4,11670.8,ss
2020-10-30,9581.65,11642.4,ss
2020-11-02,9595.95,11669.15,ss
2020-11-03,9696.3,11813.5,ss
2020-11-04,9764.6,11908.5,ss
2020-11-05,9935.35,12120.3,ss
2020-11-06,10033.5,12263.55,ss
2020-11-09,10176.35,12461.05,ss
2020-11-10,10269.0,12631.1,ss
2020-11-11,10356.5,12749.15,ss
2020-11-12,10342.7,12690.8,ss
2020-11-13,10387.2,12719.95,ss
2020-11-14,10440.35,12780.25,ss
2020-11-17,10524.0,12874.2,ss
2020-11-18,10588.35,12938.25,ss
2020-11-19,10477.5,12771.7,ss
2020-11-20,10560.55,12859.05,ss
2020-11-23,10635.95,12926.45,ss
2020-11-24,10733.6,13055.15,ss
2020-11-25,10574.95,12858.4,ss
2020-11-26,10674.05,12987.0,ss
2020-11-27,10719.05,12968.95,ss
2020-12-01,10835.15,13109.05,ss
2020-12-02,10858.15,13113.75,ss
2020-12-03,10893.6,13133.9,ss
2020-12-04,10978.85,13258.55,ss
2020-12-07,11070.25,13355.75,ss
2020-12-08,11088.65,13392.95,ss
2020-12-09,11181.2,13529.1,ss
2020-12-10,11141.35,13478.3,ss
2020-12-11,11171.4,13513.85,ss
2020-12-14,11215.25,13558.15,ss
2020-12-15,11223.9,13567.85,ss
2020-12-16,11320.1,13682.7,ss
2020-12-17,11346.35,13740.7,ss
2020-12-18,11355.0,13760.55,ss
2020-12-21,10964.25,13328.4,ss
2020-12-22,11075.75,13466.3,ss
2020-12-23,11225.55,13601.1,ss
2020-12-24,11325.25,13749.25,ss
2020-12-28,11434.7,13873.2,ss
2020-12-29,11467.0,13932.6,ss
2020-12-30,11509.65,13981.95,ss
2020-12-31,11518.3,13981.75,ss
2021-01-01,11574.85,14018.5,ss
2021-01-04,11691.8,14132.9,ss
2021-01-05,11767.0,14199.5,ss
2021-01-06,11737.9,14146.25,ss
2021-01-07,11766.1,14137.35,ss
2021-01-08,11925.6,14347.25,ss
2021-01-11,12006.5,14484.75,ss
2021-01-12,12058.35,14563.45,ss
2021-01-13,12041.1,14564.85,ss
2021-01-14,12069.5,14595.6,ss
2021-01-15,11931.2,14433.7,ss
2021-01-18,11776.2,14281.3,ss
2021-01-19,11981.85,14521.15,ss
2021-01-20,12078.35,14644.7,ss
2021-01-21,12015.95,14590.35,ss
2021-01-22,11854.5,14371.9,ss
2021-01-25,11743.7,14238.9,ss
2021-01-27,11546.35,13967.5,ss
2021-01-28,11442.55,13817.55,ss
2021-01-29,11302.4,13634.6,ss
2021-02-01,11770.15,14281.2,ss
2021-02-02,12053.25,14647.85,ss
2021-02-03,12174.05,14789.95,ss
2021-02-04,12285.85,14895.65,ss
2021-02-05,12279.85,14924.25,ss
2021-02-08,12441.3,15115.8,ss
2021-02-09,12434.2,15109.3,ss
2021-02-10,12452.45,15106.5,ss
2021-02-11,12514.1,15173.3,ss
2021-02-12,12508.55,15163.3,ss
2021-02-15,12632.05,15314.7,ss
2021-02-16,12647.2,15313.45,ss
2021-02-17,12597.45,15208.9,ss
2021-02-18,12565.7,15118.95,ss
2021-02-19,12438.8,14981.75,ss
2021-02-22,12212.55,14675.7,ss
2021-02-23,12263.7,14707.8,ss
2021-02-24,12455.2,14982.0,ss
2021-02-25,12567.85,15097.35,ss
2021-02-26,12181.4,14529.15,ss
2021-03-01,12368.3,14761.55,ss
2021-03-02,12519.4,14919.1,ss
2021-03-03,12764.8,15245.6,ss
2021-03-04,12688.85,15080.75,ss
2021-03-05,12539.0,14938.1,ss
2021-03-08,12558.95,14956.2,ss
2021-03-09,12617.2,15098.4,ss
2021-03-10,12691.35,15174.8,ss
2021-03-12,12593.9,15030.95,ss
2021-03-15,12510.15,14929.5,ss
2021-03-16,12512.7,14910.45,ss
2021-03-17,12319.9,14721.3,ss
2021-03-18,12174.45,14557.85,ss
2021-03-19,12314.5,14744.0,ss
2021-03-22,12338.6,14736.4,ss
2021-03-23,12417.3,14814.75,ss
2021-03-24,12197.2,14549.4,ss
2021-03-25,11993.3,14324.9,ss
2021-03-26,12148.9,14507.3,ss
2021-03-30,12387.9,14845.1,ss
2021-03-31,12313.7,14690.7,ss
2021-04-01,12479.0,14867.35,ss
2021-04-05,12298.6,14637.8,ss
2021-04-06,12358.1,14683.5,ss
2021-04-07,12481.3,14819.05,ss
2021-04-08,12541.65,14873.8,ss
2021-04-09,12527.4,14834.85,ss
2021-04-12,12024.1,14310.8,ss
2021-04-13,12186.7,14504.8,ss
2021-04-15,12237.6,14581.45,ss
2021-04-16,12298.05,14617.85,ss
2021-04-19,12076.45,14359.45,ss
2021-04-20,12055.4,14296.4,ss
2021-04-22,12132.05,14406.15,ss
2021-04-23,12105.6,14341.35,ss
2021-04-26,12216.85,14485.0,ss
2021-04-27,12362.55,14653.05,ss
2021-04-28,12517.95,14864.55,ss
2021-04-29,12532.8,14894.9,ss
2021-04-30,12364.35,14631.1,ss
2021-05-03,12395.25,14634.15,ss
2021-05-04,12300.45,14496.5,ss
2021-05-05,12413.0,14617.85,ss
2021-05-06,12501.9,14724.8,ss
2021-05-07,12563.1,14823.15,ss
2021-05-10,12669.9,14942.35,ss
2021-05-11,12642.25,14850.75,ss
2021-05-12,12537.95,14696.5,ss
2021-05-14,12472.15,14677.8,ss
2021-05-17,12672.1,14923.15,ss
2021-05-18,12839.1,15108.1,ss
2021-05-19,12809.0,15030.15,ss
2021-05-20,12736.45,14906.05,ss
2021-05-21,12917.85,15175.3,ss
2021-05-24,12962.45,15197.7,ss
2021-05-25,12963.0,15208.45,ss
2021-05-26,13022.2,15301.45,ss
2021-05-27,13066.25,15337.85,ss
2021-05-28,13117.05,15435.65,ss
2021-05-31,13226.35,15582.8,ss
2021-06-01,13210.4,15574.85,ss
2021-06-02,13274.25,15576.2,ss
2021-06-03,13380.5,15690.35,ss
2021-06-04,13393.9,15670.25,ss
2021-06-07,13479.65,15751.65,ss
2021-06-08,13496.55,15740.1,ss
2021-06-09,13396.4,15635.35,ss
2021-06-10,13517.2,15737.75,ss
2021-06-11,13563.85,15799.35,ss
2021-06-14,13554.15,15811.85,ss
2021-06-15,13607.8,15869.25,ss
2021-06-16,13510.6,15767.55,ss
2021-06-17,13425.15,15691.4,ss
2021-06-18,13386.55,15683.35,ss
2021-06-21,13456.1,15746.5,ss
2021-06-22,13491.1,15772.75,ss
2021-06-23,13423.35,15686.95,ss
2021-06-24,13468.25,15790.45,ss
2021-06-25,13539.4,15860.35,ss
2021-06-28,13533.05,15814.7,ss
2021-06-29,13481.95,15748.45,ss
2021-06-30,13473.55,15721.5,ss
2021-07-01,13454.1,15680.0,ss
2021-07-02,13494.45,15722.2,ss
2021-07-05,13585.75,15834.35,ss
2021-07-06,13574.15,15818.25,ss
2021-07-07,13631.0,15879.65,ss
2021-07-08,13532.7,15727.9,ss
2021-07-09,13527.95,15689.8,ss
2021-07-12,13549.0,15692.6,ss
2021-07-13,13628.85,15812.35,ss
2021-07-14,13661.1,15853.95,ss
2021-07-15,13720.35,15924.2,ss
2021-07-16,13742.35,15923.4,ss
2021-07-19,13619.85,15752.4,ss
2021-07-20,13495.6,15632.1,ss
2021-07-22,13670.2,15824.05,ss
2021-07-23,13687.0,15856.05,ss
2021-07-26,13675.1,15824.45,ss
2021-07-27,13610.3,15746.45,ss
2021-07-28,13579.15,15709.4,ss
2021-07-29,13643.75,15778.45,ss
2021-07-30,13664.25,15763.05,ss
2021-08-02,13783.7,15885.15,ss
2021-08-03,13939.2,16130.75,ss
2021-08-04,13969.35,16258.8,ss
2021-08-05,13981.55,16294.6,ss
2021-08-06,13954.65,16238.2,ss
2021-08-09,13935.05,16258.25,ss
2021-08-10,13892.75,16280.1,ss
2021-08-11,13876.55,16282.25,ss
2021-08-12,13971.95,16364.4,ss
2021-08-13,14065.3,16529.1,ss
2021-08-16,14070.8,16563.05,ss
2021-08-17,14113.1,16614.6,ss
2021-08-18,14095.55,16568.85,ss
2021-08-20,13943.95,16450.5,ss
2021-08-23,13930.55,16496.45,ss
2021-08-24,14063.25,16624.6,ss
2021-08-25,14093.6,16634.65,ss
2021-08-26,14106.95,16636.9,ss
2021-08-27,14192.5,16705.2,ss
2021-08-30,14397.9,16931.05,ss
2021-08-31,14555.9,17132.2,ss
2021-09-01,14551.35,17076.25,ss
2021-09-02,14684.35,17234.15,ss
2021-09-03,14759.3,17323.6,ss
2021-09-06,14805.85,17377.8,ss
2021-09-07,14784.25,17362.1,ss
2021-09-08,14803.6,17353.5,ss
2021-09-09,14836.45,17369.25,ss
2021-09-13,14852.2,17355.3,ss
2021-09-14,14904.35,17380.0,ss
2021-09-15,15020.55,17519.45,ss
2021-09-16,15104.9,17629.5,ss
2021-09-17,15027.25,17585.15,ss
2021-09-20,14826.75,17396.9,ss
2021-09-21,14946.3,17562.0,ss
2021-09-22,14990.55,17546.65,ss
2021-09-23,15205.45,17822.95,ss
2021-09-24,15191.95,17853.2,ss
2021-09-27,15189.05,17855.1,ss
2021-09-28,15095.6,17748.6,ss
2021-09-29,15086.95,17711.3,ss
2021-09-30,15052.65,17618.15,ss
2021-10-01,15013.95,17532.05,ss
2021-10-04,15181.15,17691.25,ss
2021-10-05,15280.1,17822.3,ss
2021-10-06,15134.55,17646.0,ss
2021-10-07,15290.15,17790.35,ss
2021-10-08,15365.2,17895.2,ss
2021-10-11,15428.0,17945.95,ss
2021-10-12,15481.9,17991.95,ss
2021-10-13,15631.4,18161.75,ss
2021-10-14,15769.25,18338.55,ss
2021-10-18,15886.15,18477.05,ss
2021-10-19,15757.85,18418.75,ss
2021-10-20,15568.65,18266.6,ss
2021-10-21,15487.65,18178.1,ss
2021-10-22,15399.7,18114.9,ss
2021-10-25,15334.35,18125.4,ss
2021-10-26,15499.65,18268.4,ss
2021-10-27,15484.35,18210.95,ss
2021-10-28,15190.85,17857.25,ss
2021-10-29,15086.9,17671.65,ss
2021-11-01,15302.7,17929.65,ss
2021-11-02,15314.65,17888.95,ss
2021-11-03,15282.75,17829.2,ss
2021-11-04,15376.9,17916.8,ss
2021-11-08,15520.15,18068.55,ss
2021-11-09,15541.95,18044.25,ss
2021-11-10,15521.1,18017.2,ss
2021-11-11,15411.1,17873.6,ss
2021-11-12,15579.0,18102.75,ss
2021-11-15,15592.6,18109.45,ss
2021-11-16,15525.4,17999.2,ss
2021-11-17,15454.95,17898.65,ss
2021-11-18,15302.55,17764.8,ss
2021-11-22,14976.7,17416.55,ss
2021-11-23,15107.8,17503.35,ss
2021-11-24,15046.5,17415.05,ss
2021-11-25,15150.6,17536.25,ss
2021-11-26,14707.2,17026.45,ss
2021-11-29,14656.45,17053.95,ss
2021-11-30,14648.35,16983.2,ss
2021-12-01,14784.7,17166.9,ss
2021-12-02,14973.95,17401.65,ss
2021-12-03,14856.3,17196.7,ss
2021-12-06,14618.35,16912.25,ss
2021-12-07,14834.5,17176.7,ss
2021-12-08,15073.25,17469.75,ss
2021-12-09,15126.6,17516.85,ss
2021-12-10,15155.0,17511.3,ss
2021-12-13,15064.25,17368.25,ss
2021-12-14,15043.25,17324.9,ss
2021-12-15,14953.1,17221.4,ss
2021-12-16,14936.45,17248.4,ss
2021-12-17,14673.15,16985.2,ss
2021-12-20,14300.7,16614.2,ss
2021-12-21,14461.4,16770.85,ss
2021-12-22,14639.75,16955.45,ss
2021-12-23,14751.45,17072.6,ss
2021-12-24,14664.8,17003.75,ss
2021-12-27,14727.6,17086.25,ss
2021-12-28,14867.85,17233.25,ss
2021-12-29,14863.4,17213.6,ss
2021-12-30,14842.05,17203.95,ss
2021-12-31,14996.2,17354.05,ss
2022-01-03,15204.6,17625.7,ss
2022-01-04,15318.75,17805.25,ss
2022-01-05,15396.4,17925.25,ss
2022-01-06,15290.1,17745.9,ss
2022-01-07,15348.55,17812.7,ss
2022-01-10,15495.55,18003.3,ss
2022-01-11,15530.55,18055.75,ss
2022-01-12,15667.9,18212.35,ss
2022-01-13,15721.05,18257.8,ss
2022-01-14,15730.4,18255.75,ss
2022-01-17,15781.25,18308.1,ss
2022-01-18,15573.1,18113.05,ss
2022-01-19,15472.5,17938.4,ss
2022-01-20,15361.1,17757.0,ss
2022-01-21,15180.8,17617.15,ss
2022-01-24,14712.05,17149.1,ss
2022-01-25,14832.2,17277.95,ss
2022-01-27,14679.7,17110.15,ss
2022-01-28,14723.25,17101.95,ss
2022-01-31,14921.45,17339.85,ss
2022-02-01,15116.2,17576.85,ss
2022-02-02,15293.35,17780.0,ss
2022-02-03,15135.9,17560.2,ss
2022-02-04,15085.45,17516.3,ss
2022-02-07,14870.6,17213.6,ss
2022-02-08,14857.05,17266.75,ss
2022-02-09,15016.35,17463.8,ss
2022-02-10,15112.2,17605.85,ss
2022-02-11,14891.3,17374.75,ss
2022-02-14,14400.4,16842.8,ss
2022-02-15,14805.55,17352.45,ss
2022-02-16,14789.9,17322.2,ss
2022-02-17,14772.05,17304.6,ss
2022-02-18,14710.7,17276.3,ss
2022-02-21,14597.1,17206.65,ss
2022-02-22,14489.05,17092.2,ss
2022-02-23,14506.95,17063.25,ss
2022-02-24,13775.7,16247.95,ss
2022-02-25,14187.4,16658.4,ss
2022-02-28,14307.95,16793.9,ss
2022-03-02,14199.8,16605.95,ss
2022-03-03,14135.95,16498.05,ss
2022-03-04,13893.15,16245.35,ss
2022-03-07,13564.25,15863.15,ss
2022-03-08,13706.75,16013.45,ss
2022-03-09,13979.6,16345.35,ss
2022-03-10,14189.0,16594.9,ss
2022-03-11,14237.15,16630.45,ss
2022-03-14,14374.6,16871.3,ss
2022-03-15,14215.85,16663.0,ss
2022-03-16,14481.8,16975.35,ss
2022-03-17,14721.7,17287.05,ss
2022-03-21,14602.35,17117.6,ss
2022-03-22,14724.05,17315.5,ss
2022-03-23,14695.15,17245.65,ss
2022-03-24,14699.35,17222.75,ss
2022-03-25,14651.7,17153.0,ss
2022-03-28,14675.85,17222.0,ss
2022-03-29,14761.9,17325.3,ss
2022-03-30,14896.9,17498.25,ss
2022-03-31,14894.5,17464.75,ss
2022-04-01,15087.3,17670.45,ss
2022-04-04,15384.2,18053.4,ss
2022-04-05,15390.5,17957.4,ss
2022-04-06,15327.9,17807.65,ss
2022-04-07,15201.25,17639.55,ss
2022-04-08,15342.4,17784.35,ss
2022-04-11,15325.5,17674.95,ss
2022-04-12,15164.7,17530.3,ss
2022-04-13,15138.55,17475.65,ss
2022-04-18,14926.05,17173.65,ss
2022-04-19,14726.65,16958.65,ss
2022-04-20,14850.3,17136.55,ss
2022-04-21,15053.95,17392.6,ss
2022-04-22,14894.85,17171.95,ss
2022-04-25,14673.0,16953.95,ss
2022-04-26,14898.35,17200.8,ss
2022-04-27,14756.0,17038.4,ss
2022-04-28,14913.9,17245.05,ss
2022-04-29,14783.35,17102.55,ss
2022-05-02,14736.3,17069.1,ss
2022-05-04,14393.35,16677.6,ss
2022-05-05,14395.5,16682.65,ss
2022-05-06,14145.75,16411.25,ss
2022-05-09,13991.75,16301.85,ss
2022-05-10,13855.95,16240.05,ss
2022-05-11,13771.8,16167.1,ss
2022-05-12,13465.25,15808.0,ss
2022-05-13,13471.5,15782.15,ss
2022-05-16,13571.2,15842.3,ss
2022-05-17,13926.05,16259.3,ss
2022-05-18,13918.2,16240.3,ss
2022-05-19,13550.9,15809.4,ss
2022-05-20,13895.05,16266.15,ss
2022-05-23,13835.8,16214.7,ss
2022-05-24,13747.25,16125.15,ss
2022-05-25,13587.75,16025.8,ss
2022-05-26,13722.55,16170.15,ss
2022-05-27,13873.15,16352.45,ss
2022-05-30,14154.8,16661.4,ss
2022-05-31,14119.6,16584.55,ss
2022-06-01,14082.9,16522.75,ss
2022-06-02,14167.95,16628.0,ss
2022-06-03,14077.9,16584.3,ss
2022-06-06,14054.1,16569.55,ss
2022-06-07,13935.6,16416.35,ss
2022-06-08,13886.9,16356.25,ss
2022-06-09,13977.1,16478.1,ss
2022-06-10,13781.75,16201.8,ss
2022-06-13,13416.9,15774.4,ss
2022-06-14,13388.3,15732.1,ss
2022-06-15,13380.85,15692.15,ss
2022-06-16,13089.2,15360.6,ss
2022-06-17,12994.75,15293.5,ss
2022-06-20,12950.75,15350.15,ss
2022-06-21,13241.9,15638.8,ss
2022-06-22,13047.75,15413.3,ss
2022-06-23,13178.8,15556.65,ss
2022-06-24,13322.5,15699.25,ss
2022-06-27,13444.55,15832.05,ss
2022-06-28,13464.25,15850.2,ss
2022-06-29,13417.85,15799.1,ss
2022-06-30,13387.55,15780.25,ss
2022-07-01,13394.45,15752.05,ss
2022-07-04,13472.65,15835.35,ss
2022-07-05,13461.85,15810.85,ss
2022-07-06,13631.3,15989.8,ss
2022-07-07,13765.6,16132.9,ss
2022-07-08,13828.25,16220.6,ss
2022-07-11,13886.85,16216.0,ss
2022-07-12,13779.0,16058.3,ss
2022-07-13,13726.95,15966.65,ss
2022-07-14,13702.65,15938.65,ss
2022-07-15,13790.2,16049.2,ss
2022-07-18,13984.4,16278.5,ss
2022-07-19,14051.65,16340.55,ss
2022-07-20,14164.4,16520.85,ss
2022-07-21,14271.8,16605.25,ss
2022-07-22,14336.6,16719.45,ss
2022-07-25,14279.5,16631.0,ss
2022-07-26,14141.45,16483.85,ss
2022-07-27,14262.55,16641.8,ss
2022-07-28,14469.1,16929.6,ss
2022-07-29,14665.65,17158.25,ss
2022-08-01,14846.85,17340.05,ss
2022-08-02,14876.6,17345.45,ss
2022-08-03,14878.05,17388.15,ss
2022-08-04,14892.45,17382.0,ss
2022-08-05,14900.4,17397.5,ss
2022-08-08,14993.35,17525.1,ss
2022-08-10,14985.8,17534.75,ss
2022-08-11,15095.15,17659.0,ss
2022-08-12,15140.55,17698.15,ss
2022-08-16,15280.5,17825.25,ss
2022-08-17,15379.05,17944.25,ss
2022-08-18,15404.6,17956.5,ss
2022-08-19,15236.65,17758.45,ss
2022-08-22,15001.75,17490.7,ss
2022-08-23,15090.5,17577.5,ss
2022-08-24,15140.4,17604.95,ss
2022-08-25,15100.65,17522.45,ss
2022-08-26,15147.55,17558.9,ss
2022-08-29,14972.75,17312.9,ss
2022-08-30,15325.05,17759.3,ss
2022-09-01,15211.2,17542.8,ss
2022-09-02,15201.6,17539.45,ss
2022-09-05,15294.4,17665.8,ss
2022-09-06,15313.05,17655.6,ss
2022-09-07,15319.4,17624.4,ss
2022-09-08,15440.7,17798.75,ss
2022-09-09,15467.4,17833.35,ss
2022-09-12,15577.4,17936.35,ss
2022-09-13,15669.85,18070.05,ss
2022-09-14,15630.7,18003.75,ss
2022-09-15,15580.35,17877.4,ss
2022-09-16,15243.95,17530.85,ss
2022-09-19,15293.55,17622.25,ss
2022-09-20,15470.35,17816.25,ss
2022-09-21,15361.25,17718.35,ss
2022-09-22,15335.3,17629.8,ss
2022-09-23,15057.65,17327.35,ss
2022-09-26,14725.7,17016.3,ss
2022-09-27,14727.3,17007.4,ss
2022-09-28,14620.6,16858.6,ss
2022-09-29,14602.5,16818.1,ss
2022-09-30,14829.35,17094.35,ss
2022-10-03,14638.5,16887.35,ss
2022-10-04,14965.8,17274.3,ss
2022-10-06,15053.05,17331.8,ss
2022-10-07,15036.7,17314.65,ss
2022-10-10,14951.65,17241.0,ss
2022-10-11,14721.9,16983.55,ss
2022-10-12,14829.95,17123.6,ss
2022-10-13,14730.3,17014.35,ss
2022-10-14,14815.1,17185.7,ss
2022-10-17,14906.15,17311.8,ss
2022-10-18,15056.55,17486.95,ss
2022-10-19,15068.6,17512.25,ss
2022-10-20,15112.1,17563.95,ss
2022-10-21,15081.1,17576.3,ss
2022-10-24,15198.75,17730.75,ss
2022-10-25,15158.1,17656.35,ss
2022-10-27,15244.25,17736.95,ss
2022-10-28,15241.6,17786.8,ss
2022-10-31,15424.0,18012.2,ss
2022-11-01,15537.4,18145.4,ss
2022-11-02,15497.55,18082.85,ss
2022-11-03,15484.7,18052.7,ss
2022-11-04,15530.85,18117.15,ss
2022-11-07,15615.15,18202.8,ss
2022-11-09,15567.25,18157.0,ss
2022-11-10,15440.0,18028.2,ss
2022-11-11,15649.1,18349.7,ss
2022-11-14,15650.2,18329.15,ss
2022-11-15,15693.9,18403.4,ss
2022-11-16,15663.3,18409.65,ss
2022-11-17,15597.25,18343.9,ss
2022-11-18,15550.85,18307.65,ss
2022-11-21,15453.8,18159.95,ss
2022-11-22,15509.2,18244.2,ss
2022-11-23,15538.15,18267.25,ss
2022-11-24,15680.8,18484.1,ss
2022-11-25,15727.25,18512.75,ss
2022-11-28,15784.45,18562.75,ss
2022-11-29,15812.45,18618.05,ss
2022-11-30,15946.15,18758.35,ss
2022-12-01,16003.95,18812.5,ss
2022-12-02,15963.5,18696.1,ss
2022-12-05,15967.2,18701.05,ss
2022-12-06,15922.85,18642.75,ss
2022-12-07,15862.0,18560.5,ss
2022-12-08,15911.1,18609.35,ss
2022-12-09,15812.75,18496.6,ss
2022-12-12,15828.0,18497.15,ss
2022-12-13,15904.5,18608.0,ss
2022-12-14,15963.8,18660.3,ss
2022-12-15,15783.8,18414.9,ss
2022-12-16,15636.35,18269.0,ss
2022-12-19,15755.2,18420.45,ss
2022-12-20,15726.2,18385.3,ss
2022-12-21,15527.55,18199.1,ss
2022-12-22,15431.5,18127.35,ss
2022-12-23,15046.0,17806.8,ss
2022-12-26,15298.55,18014.6,ss
2022-12-27,15418.35,18132.3,ss
2022-12-28,15432.8,18122.5,ss
2022-12-29,15485.2,18191.0,ss
2022-12-30,15448.85,18105.3,ss
2023-01-02,15523.65,18197.45,ss
2023-01-03,15557.8,18232.55,ss
2023-01-04,15393.0,18042.95,ss
2023-01-05,15386.2,17992.15,ss
2023-01-06,15272.0,17859.45,ss
2023-01-09,15450.1,18101.2,ss
2023-01-10,15325.25,17914.15,ss
2023-01-11,15301.35,17895.7,ss
2023-01-12,15279.6,17858.2,ss
2023-01-13,15346.1,17956.6,ss
2023-01-16,15305.45,17894.85,ss
2023-01-17,15396.15,18053.3,ss
2023-01-18,15466.35,18165.35,ss
2023-01-19,15419.7,18107.85,ss
2023-01-20,15347.9,18027.65,ss
2023-01-23,15403.2,18118.55,ss
2023-01-24,15388.55,18118.3,ss
2023-01-25,15171.95,17891.95,ss
2023-01-27,14874.75,17604.35,ss
2023-01-30,14854.2,17648.95,ss
2023-01-31,14935.5,17662.15,ss
2023-02-01,14847.65,17616.3,ss
2023-02-02,14839.4,17610.4,ss
2023-02-03,14962.35,17854.05,ss
2023-02-06,14934.15,17764.6,ss
2023-02-07,14902.2,17721.5,ss
2023-02-08,15028.3,17871.7,ss
2023-02-09,15030.1,17893.45,ss
2023-02-10,15015.85,17856.5,ss
2023-02-13,14900.5,17770.9,ss
2023-02-14,14968.9,17929.85,ss
2023-02-15,15039.65,18015.85,ss
2023-02-16,15083.75,18035.85,ss
2023-02-17,15003.95,17944.2,ss
2023-02-20,14938.65,17844.6,ss
2023-02-21,14913.95,17826.7,ss
2023-02-22,14701.9,17554.3,ss
2023-02-23,14666.75,17511.25,ss
2023-02-24,14630.45,17465.8,ss
2023-02-27,14548.7,17392.7,ss
2023-02-28,14518.75,17303.95,ss
2023-03-01,14664.85,17450.9,ss
2023-03-02,14587.25,17321.9,ss
2023-03-03,14774.75,17594.35,ss
2023-03-06,14881.0,17711.45,ss
2023-03-08,14921.95,17754.4,ss
2023-03-09,14803.95,17589.6,ss
2023-03-10,14679.85,17412.9,ss
2023-03-13,14454.45,17154.3,ss
2023-03-14,14358.55,17043.3,ss
2023-03-15,14320.3,16972.15,ss
2023-03-16,14330.35,16985.6,ss
2023-03-17,14420.85,17100.05,ss
2023-03-20,14317.1,16988.4,ss
2023-03-21,14411.3,17107.5,ss
2023-03-22,14460.0,17151.9,ss
2023-03-23,14403.6,17076.9,ss
2023-03-24,14279.0,16945.05,ss
2023-03-27,14262.7,16985.7,ss
2023-03-28,14211.8,16951.7,ss
2023-03-29,14345.6,17080.7,ss
2023-03-31,14557.85,17359.75,ss
2023-04-03,14601.95,17398.05,ss
2023-04-05,14709.4,17557.05,ss
2023-04-06,14759.2,17599.15,ss
2023-04-10,14790.55,17624.05,ss
2023-04-11,14867.25,17722.3,ss
2023-04-12,14941.55,17812.4,ss
2023-04-13,14954.25,17828.0,ss
2023-04-17,14904.3,17706.85,ss
2023-04-18,14897.0,17660.15,ss
2023-04-19,14856.9,17618.75,ss
2023-04-20,14861.75,17624.45,ss
2023-04-21,14847.1,17624.05,ss
2023-04-24,14930.15,17743.4,ss
2023-04-25,14955.7,17769.25,ss
2023-04-26,14994.4,17813.6,ss
2023-04-27,15075.05,17915.05,ss
2023-04-28,15219.55,18065.0,ss
2023-05-02,15300.75,18147.65,ss
2023-05-03,15276.4,18089.85,ss
2023-05-04,15405.5,18255.8,ss
2023-05-05,15278.6,18069.0,ss
2023-05-08,15427.1,18264.4,ss
2023-05-09,15420.6,18265.95,ss
2023-05-10,15466.05,18315.1,ss
2023-05-11,15484.05,18297.0,ss
2023-05-12,15477.35,18314.8,ss
2023-05-15,15549.7,18398.85,ss
2023-05-16,15492.4,18286.5,ss
2023-05-17,15426.35,18181.75,ss
2023-05-18,15361.6,18129.95,ss
2023-05-19,15407.55,18203.4,ss
2023-05-22,15504.0,18314.4,ss
2023-05-23,15544.75,18348.0,ss
2023-05-24,15515.95,18285.4,ss
2023-05-25,15555.25,18321.15,ss
2023-05-26,15696.75,18499.35,ss
2023-05-29,15772.35,18598.65,ss
2023-05-30,15799.45,18633.85,ss
2023-05-31,15766.4,18534.4,ss
2023-06-01,15760.35,18487.75,ss
2023-06-02,15811.2,18534.1,ss
2023-06-05,15859.5,18593.85,ss
2023-06-06,15878.4,18599.0,ss
2023-06-07,16006.7,18726.4,ss
2023-06-08,15921.05,18634.55,ss
2023-06-09,15877.4,18563.4,ss
2023-06-12,15929.1,18601.5,ss
2023-06-13,16048.2,18716.15,ss
2023-06-14,16084.05,18755.9,ss
2023-06-15,16058.25,18688.1,ss
2023-06-16,16181.45,18826.0,ss
2023-06-19,16142.15,18755.45,ss
2023-06-20,16199.95,18816.7,ss
2023-06-21,16240.95,18856.85,ss
2023-06-22,16140.8,18771.25,ss
2023-06-23,16011.8,18665.5,ss
2023-06-26,16066.15,18691.2,ss
2023-06-27,16163.5,18817.4,ss
2023-06-28,16277.2,18972.1,ss
2023-06-30,16430.0,19189.05,ss
2023-07-03,16527.95,19322.55,ss
2023-07-04,16556.05,19389.0,ss
2023-07-05,16597.2,19398.5,ss
2023-07-06,16695.05,19497.3,ss
2023-07-07,16564.9,19331.8,ss
2023-07-10,16553.75,19355.9,ss
2023-07-11,16648.0,19439.4,ss
2023-07-12,16641.05,19384.3,ss
2023-07-13,16623.9,19413.75,ss
2023-07-14,16765.45,19564.5,ss
2023-07-17,16872.05,19711.45,ss
2023-07-18,16872.0,19749.25,ss
2023-07-19,16953.5,19833.15,ss
2023-07-20,17042.55,19979.15,ss
2023-07-21,16904.3,19745.0,ss
2023-07-24,16865.15,19672.35,ss
2023-07-25,16896.9,19680.6,ss
2023-07-26,16975.0,19778.3,ss
2023-07-27,16919.2,19659.9,ss
2023-07-28,16948.35,19646.05,ss
2023-07-31,17059.0,19753.8,ss
2023-08-01,17051.15,19733.55,ss
2023-08-02,16858.95,19526.55,ss
2023-08-03,16772.3,19381.65,ss
2023-08-04,16890.6,19517.0,ss
2023-08-07,16956.35,19597.3,ss
2023-08-08,16949.25,19570.85,ss
2023-08-09,17003.85,19632.55,ss
2023-08-10,16939.85,19543.1,ss
2023-08-11,16860.15,19428.3,ss
2023-08-14,16825.55,19434.55,ss
2023-08-16,16853.05,19465.0,ss
2023-08-17,16802.25,19365.25,ss
2023-08-18,16757.7,19310.15,ss
2023-08-21,16852.05,19393.6,ss
2023-08-22,16905.25,19396.45,ss
2023-08-23,16950.25,19444.0,ss
2023-08-24,16930.15,19386.7,ss
2023-08-25,16820.85,19265.8,ss
2023-08-28,16875.3,19306.05,ss
2023-08-29,16927.3,19342.65,ss
2023-08-30,16968.95,19347.45,ss
2023-08-31,16924.3,19253.8,ss
2023-09-01,17074.55,19435.3,ss
2023-09-04,17180.95,19528.8,ss
2023-09-05,17252.1,19574.9,ss
2023-09-06,17284.6,19611.05,ss
2023-09-07,17385.5,19727.05,ss
2023-09-08,17487.45,19819.95,ss
2023-09-11,17653.35,19996.35,ss
2023-09-12,17460.55,19993.2,ss
2023-09-13,17526.75,20070.0,ss
2023-09-14,17603.5,20103.1,ss
2023-09-15,17665.8,20192.35,ss
2023-09-18,17613.6,20133.3,ss
2023-09-20,17449.35,19901.4,ss
2023-09-21,17303.5,19742.35,ss
2023-09-22,17260.8,19674.25,ss
2023-09-25,17272.55,19674.55,ss
2023-09-26,17276.75,19664.7,ss
2023-09-27,17341.6,19716.45,ss
2023-09-28,17170.45,19523.55,ss
2023-09-29,17292.6,19638.3,ss
2023-10-03,17254.4,19528.75,ss
2023-10-04,17123.1,19436.1,ss
2023-10-05,17195.8,19545.75,ss
2023-10-06,17293.6,19653.5,ss
2023-10-09,17127.7,19512.35,ss
2023-10-10,17303.35,19689.85,ss
2023-10-11,17407.35,19811.35,ss
2023-10-12,17419.7,19794.0,ss
2023-10-13,17390.35,19751.05,ss
2023-10-16,17393.0,19731.75,ss
2023-10-17,17467.7,19811.5,ss
2023-10-18,17344.0,19671.1,ss
2023-10-19,17310.5,19624.7,ss
2023-10-20,17208.75,19542.65,ss
2023-10-23,16888.7,19281.75,ss
2023-10-25,16760.8,19122.15,ss
2023-10-26,16555.45,18857.25,ss
2023-10-27,16765.45,19047.25,ss
2023-10-30,16826.1,19140.9,ss
2023-10-31,16801.1,19079.6,ss
2023-11-01,16732.95,18989.15,ss
2023-11-02,16890.8,19133.25,ss
2023-11-03,17000.95,19230.6,ss
2023-11-06,17159.4,19411.75,ss
2023-11-07,17187.8,19406.7,ss
2023-11-08,17259.7,19443.5,ss
2023-11-09,17218.9,19395.3,ss
2023-11-10,17256.6,19425.35,ss
2023-11-12,17361.1,19525.55,ss
2023-11-13,17318.6,19443.55,ss
2023-11-15,17508.05,19675.45,ss
2023-11-16,17593.1,19765.2,ss
2023-11-17,17600.5,19731.8,ss
2023-11-20,17573.65,19694.0,ss
2023-11-21,17627.6,19783.4,ss
2023-11-22,17627.7,19811.85,ss
2023-11-23,17639.4,19802.0,ss
2023-11-24,17643.5,19794.7,ss
2023-11-28,17741.8,19889.7,ss
2023-11-29,17904.1,20096.6,ss
2023-11-30,17987.95,20133.15,ss
2023-12-01,18115.35,20267.9,ss
2023-12-04,18448.5,20686.8,ss
2023-12-05,18588.55,20855.1,ss
2023-12-06,18680.0,20937.7,ss
2023-12-07,18703.85,20901.15,ss
2023-12-08,18703.5,20969.4,ss
2023-12-11,18770.2,20997.1,ss
2023-12-12,18686.8,20906.4,ss
2023-12-13,18751.45,20926.35,ss
2023-12-14,18973.85,21182.7,ss
2023-12-15,19145.05,21456.65,ss
2023-12-18,19155.55,21418.65,ss
2023-12-19,19169.25,21453.1,ss
2023-12-20,18779.45,21150.15,ss
2023-12-21,18941.8,21255.05,ss
2023-12-22,19054.7,21349.4,ss
2023-12-26,19148.85,21441.35,ss
2023-12-27,19296.95,21654.75,ss
2023-12-28,19399.25,21778.7,ss
2023-12-29,19429.15,21731.4,ss
2024-01-01,19469.5,21741.9,ss
2024-01-02,19418.4,21665.8,ss
2024-01-03,19367.15,21517.35,ss
2024-01-04,19541.25,21658.6,ss
2024-01-05,19590.6,21710.8,ss
2024-01-08,19417.7,21513.0,ss
2024-01-09,19459.55,21544.85,ss
2024-01-10,19517.85,21618.7,ss
2024-01-11,19584.35,21647.2,ss
2024-01-12,19745.6,21894.55,ss
2024-01-15,19885.55,22097.45,ss
2024-01-16,19827.55,22032.3,ss
2024-01-17,19487.6,21571.95,ss
2024-01-18,19414.8,21462.25,ss
2024-01-19,19606.4,21622.4,ss
2024-01-20,19601.9,21571.8,ss
2024-01-23,19206.45,21238.8,ss
2024-01-24,19451.0,21453.95,ss
2024-01-25,19393.0,21352.6,ss
2024-01-29,19711.65,21737.6,ss
2024-01-30,19574.2,21522.1,ss
2024-01-31,19802.1,21725.7,ss
2024-02-01,19777.35,21697.45,ss
2024-02-02,19910.8,21853.8,ss
2024-02-05,19853.5,21771.7,ss
2024-02-06,20033.75,21929.4,ss
2024-02-07,20109.55,21930.5,ss
2024-02-08,19987.55,21717.95,ss
2024-02-09,19961.5,21782.5,ss
2024-02-12,19675.2,21616.05,ss
2024-02-13,19782.9,21743.25,ss
2024-02-14,19922.3,21840.05,ss
2024-02-15,20037.0,21910.75,ss
2024-02-16,20164.9,22040.7,ss
2024-02-19,20241.1,22122.25,ss
2024-02-20,20271.9,22196.95,ss
2024-02-21,20128.3,22055.05,ss
2024-02-22,20283.95,22217.45,ss
2024-02-23,20313.5,22212.7,ss
2024-02-26,20255.8,22122.05,ss
2024-02-27,20292.85,22198.35,ss
2024-02-28,20020.4,21951.15,ss
2024-02-29,20090.05,21982.8,ss
2024-03-01,20349.8,22338.75,ss
2024-03-02,20421.35,22378.4,ss
2024-03-04,20432.05,22405.6,ss
2024-03-05,20382.0,22356.3,ss
2024-03-06,20379.55,22474.05,ss
2024-03-07,20434.8,22493.55,ss
2024-03-11,20288.75,22332.65,ss
2024-03-12,20171.4,22335.7,ss
2024-03-13,19646.3,21997.7,ss
2024-03-14,19916.35,22146.65,ss
2024-03-15,19825.2,22023.35,ss
2024-03-18,19843.1,22055.7,ss
2024-03-19,19610.55,21817.45,ss
2024-03-20,19632.05,21839.1,ss
2024-03-21,19897.4,22011.95,ss
2024-03-22,19994.6,22096.75,ss
2024-03-26,20005.25,22004.7,ss
2024-03-27,20087.8,22123.65,ss
2024-03-28,20255.15,22326.9,ss
2024-04-01,20492.55,22462.0,ss
2024-04-02,20569.75,22453.3,ss
2024-04-03,20605.7,22434.65,ss
2024-04-04,20664.65,22514.65,ss
2024-04-05,20715.1,22513.7,ss
2024-04-08,20819.1,22666.3,ss
2024-04-09,20790.7,22642.75,ss
2024-04-10,20915.2,22753.8,ss
2024-04-12,20745.5,22519.4,ss
2024-04-15,20478.75,22272.5,ss
2024-04-16,20423.0,22147.9,ss
2024-04-18,20324.7,21995.85,ss
2024-04-19,20385.2,22147.0,ss
2024-04-22,20574.85,22336.4,ss
2024-04-23,20652.65,22368.0,ss
2024-04-24,20730.65,22402.4,ss
2024-04-25,20867.9,22570.35,ss
2024-04-26,20839.35,22419.95,ss
2024-04-29,20992.2,22643.4,ss
2024-04-30,20997.2,22604.85,ss
2024-05-02,21083.6,22648.2,ss
2024-05-03,20959.55,22475.85,ss
2024-05-06,20864.95,22442.7,ss
2024-05-07,20636.05,22302.5,ss
2024-05-08,20704.9,22302.5,ss
2024-05-09,20344.8,21957.5,ss
2024-05-10,20469.1,22055.2,ss
2024-05-13,20511.0,22104.05,ss
2024-05-14,20683.8,22217.85,ss
2024-05-15,20741.85,22200.55,ss
2024-05-16,20929.05,22403.85,ss
2024-05-17,21064.55,22466.1,ss
2024-05-18,21144.45,22502.0,ss
2024-05-21,21187.65,22529.05,ss
2024-05-22,21237.75,22597.8,ss
2024-05-23,21489.55,22967.65,ss
2024-05-24,21483.75,22957.1,ss
2024-05-27,21493.0,22932.45,ss
2024-05-28,21387.35,22888.15,ss
2024-05-29,21256.3,22704.7,ss
2024-05-30,21038.55,22488.65,ss
2024-05-31,21103.3,22530.7,ss
2024-06-03,21797.4,23263.9,ss
2024-06-04,20323.85,21884.5,ss
2024-06-05,21054.4,22620.35,ss
2024-06-06,21365.0,22821.4,ss
2024-06-07,21764.15,23290.15,ss
2024-06-10,21808.25,23259.2,ss
2024-06-11,21852.0,23264.85,ss
2024-06-12,21960.95,23322.95,ss
2024-06-13,22074.3,23398.9,ss
2024-06-14,22214.3,23465.6,ss
2024-06-18,22329.6,23557.9,ss
2024-06-19,22224.9,23516.0,ss
2024-06-20,22305.1,23567.0,ss
2024-06-21,22236.2,23501.1,ss
2024-06-24,22289.1,23537.85,ss
2024-06-25,22370.65,23721.3,ss
2024-06-26,22436.8,23868.8,ss
2024-06-27,22537.4,24044.5,ss
2024-06-28,22559.7,24010.6,ss
2024-07-01,22727.6,24141.95,ss
2024-07-02,22677.8,24123.85,ss
2024-07-03,22851.2,24286.5,ss
2024-07-04,22914.2,24302.15,ss
2024-07-05,22987.65,24323.85,ss
2024-07-08,22971.15,24320.55,ss
2024-07-09,23067.35,24433.2,ss
2024-07-10,22977.65,24324.45,ss
2024-07-11,23005.25,24315.95,ss
2024-07-12,23095.45,24502.15,ss
2024-07-15,23209.85,24586.7,ss
2024-07-16,23204.25,24613.0,ss
2024-07-18,23210.05,24800.85,ss
2024-07-19,22853.6,24530.9,ss
2024-07-22,22942.65,24509.25,ss
2024-07-23,22865.2,24479.05,ss
2024-07-24,22921.45,24413.5,ss
2024-07-25,22917.25,24406.1,ss
2024-07-26,23292.05,24834.85,ss
2024-07-29,23394.2,24836.1,ss
2024-07-30,23440.9,24857.3,ss
2024-07-31,23530.8,24951.15,ss
2024-08-01,23506.6,25010.9,ss
2024-08-02,23259.45,24717.7,ss
2024-08-05,22542.45,24055.6,ss
2024-08-06,22443.3,23992.55,ss
2024-08-07,22848.9,24297.5,ss
2024-08-08,22705.7,24117.0,ss
2024-08-09,22923.5,24367.5,ss
2024-08-12,22915.85,24347.0,ss
2024-08-13,22705.8,24139.0,ss
2024-08-14,22672.65,24143.75,ss
2024-08-16,23056.5,24541.15,ss
2024-08-19,23139.75,24572.65,ss
2024-08-20,23280.35,24698.85,ss
2024-08-21,23368.65,24770.2,ss
2024-08-22,23440.7,24811.5,ss
2024-08-23,23418.65,24823.15,ss
2024-08-26,23561.75,25010.6,ss
2024-08-27,23604.85,25017.75,ss
2024-08-28,23615.95,25052.35,ss
2024-08-29,23631.4,25151.95,ss
2024-08-30,23734.55,25235.9,ss
2024-09-02,23760.7,25278.7,ss
2024-09-03,23788.45,25279.85,ss
2024-09-04,23748.9,25198.7,ss
2024-09-05,23762.8,25145.1,ss
2024-09-06,23477.7,24852.15,ss
2024-09-09,23502.15,24936.4,ss
2024-09-10,23643.65,25041.1,ss
2024-09-11,23531.25,24918.45,ss
2024-09-12,23907.35,25388.9,ss
2024-09-13,23928.2,25356.5,ss
2024-09-16,23968.2,25383.75,ss
2024-09-17,23969.9,25418.55,ss
2024-09-18,23898.65,25377.55,ss
2024-09-19,23853.95,25415.8,ss
2024-09-20,24193.8,25790.95,ss
2024-09-23,24379.2,25939.05,ss
2024-09-24,24389.7,25940.4,ss
2024-09-25,24371.25,26004.15,nse
2024-09-26,24496.9,26216.05,nse
2024-09-27,24489.55,26178.95,ss
2024-09-30,24245.2,25810.85,nse
2024-10-01,24271.3,25796.9,nse
2024-10-03,23755.45,25250.1,nse
2024-10-04,23534.95,25014.6,ss
2024-10-07,23181.95,24795.75,nse
2024-10-08,23512.55,25013.15,nse
2024-10-09,23599.6,24981.95,nse
2024-10-10,23598.15,24998.45,nse
2024-10-11,23611.25,24964.25,ss
2024-10-14,23727.05,25127.95,nse
2024-10-15,23735.7,25057.35,nse
2024-10-16,23673.15,24971.3,nse
2024-10-17,23377.0,24749.85,nse
2024-10-18,23440.7,24854.05,ss
2024-10-21,23263.25,24781.1,nse
2024-10-22,22814.45,24472.1,nse
2024-10-23,22841.1,24435.5,nse
2024-10-24,22787.85,24399.4,nse
2024-10-25,22499.05,24180.8,ss
2024-10-28,22649.95,24339.15,nse
2024-10-29,22795.05,24466.85,nse
2024-10-30,22749.8,24340.85,nse
2024-10-31,22689.35,24205.35,nse
2024-11-01,22823.55,24304.35,ss
2024-11-04,22518.3,23995.35,nse
2024-11-05,22679.85,24213.3,nse
2024-11-06,23031.2,24484.05,nse
2024-11-07,22806.25,24199.35,nse
2024-11-08,22645.65,24148.2,ss
2024-11-11,22591.4,24141.3,nse
2024-11-12,22331.05,23883.45,nse
2024-11-13,21914.95,23559.05,nse
2024-11-14,21963.1,23532.7,ss
2024-11-18,21899.4,23453.8,nse
2024-11-19,22004.35,23518.5,nse
2024-11-21,21820.85,23349.9,nse
2024-11-22,22225.55,23907.25,ss
2024-11-25,22553.5,24221.9,nse
2024-11-26,22562.45,24194.5,nse
2024-11-27,22691.7,24274.9,nse
2024-11-28,22514.35,23914.15,nse
2024-11-29,22687.0,24131.1,ss
2024-12-02,22835.85,24276.05,nse
2024-12-03,23020.85,24457.15,nse
2024-12-04,23099.5,24467.45,nse
2024-12-05,23277.95,24708.4,nse
2024-12-06,23312.1,24677.8,ss
2024-12-09,23292.0,24619.0,nse
2024-12-10,23314.9,24610.05,nse
2024-12-11,23358.15,24641.8,nse
2024-12-12,23256.4,24548.7,nse
2024-12-13,23358.95,24768.3,ss
2024-12-16,23352.45,24668.25,nse
2024-12-17,23095.75,24336.0,nse
2024-12-18,22934.4,24198.85,nse
2024-12-19,22752.15,23951.7,nse
2024-12-20,22319.4,23587.5,ss
2024-12-23,22412.3,23753.45,nse
2024-12-24,22402.7,23727.65,nse
2024-12-26,22430.35,23750.2,nse
2024-12-27,22445.2,23813.4,ss
2024-12-30,22357.15,23644.9,nse
2024-12-31,22375.4,23644.8,nse
2025-01-01,22481.8,23742.9,nse
2025-01-02,22819.75,24188.65,nse
2025-01-03,22708.15,24004.75,ss
2025-01-06,22225.4,23616.05,nse
2025-01-07,22341.65,23707.9,nse
2025-01-08,22231.8,23688.95,nse
2025-01-09,22046.55,23526.5,nse
2025-01-10,21799.0,23431.5,ss
2025-01-13,21243.45,23085.95,nse
2025-01-14,21481.05,23176.05,nse
2025-01-15,21551.2,23213.2,nse
2025-01-16,21714.55,23311.8,nse
2025-01-17,21680.25,23203.2,ss
2025-01-20,21809.0,23344.75,nse
2025-01-21,21433.2,23024.65,nse
2025-01-22,21396.55,23155.35,nse
2025-01-23,21538.05,23205.35,nse
2025-01-24,21318.9,23092.2,ss
2025-01-27,20910.95,22829.15,nse
2025-01-28,20924.75,22957.25,nse
2025-01-29,21245.5,23163.1,nse
2025-01-30,21297.5,23249.5,nse
2025-01-31,21580.9,23508.4,nse
2025-02-01,21581.75,23482.15,ss
2025-02-03,21402.55,23361.05,nse
2025-02-04,21727.45,23739.25,nse
2025-02-05,21784.25,23696.3,nse
2025-02-06,21672.45,23603.35,nse
2025-02-07,21646.15,23559.95,ss
2025-02-10,21371.3,23381.6,nse
2025-02-11,20950.45,23071.8,nse
2025-02-12,20907.85,23045.25,nse
2025-02-13,20904.35,23031.4,nse
2025-02-14,20633.1,22929.25,ss
2025-02-17,20652.35,22959.5,nse
2025-02-18,20611.4,22945.3,nse
2025-02-19,20731.45,22932.9,nse
2025-02-20,20831.1,22913.15,nse
2025-02-21,20690.25,22795.9,ss
2025-02-24,20468.45,22553.35,nse
2025-02-25,20418.75,22547.55,nse
2025-02-27,20315.55,22545.05,nse
2025-02-28,19880.9,22124.7,ss
2025-03-03,19896.95,22119.3,nse
2025-03-04,19917.85,22082.65,nse
2025-03-05,20256.5,22337.3,nse
2025-03-06,20447.1,22544.7,nse
2025-03-07,20443.4,22552.5,ss
2025-03-10,20266.5,22460.3,nse
2025-03-11,20302.5,22497.9,nse
2025-03-12,20264.35,22470.5,nse
2025-03-13,20176.05,22397.2,ss
2025-03-17,20288.3,22508.75,nse
2025-03-18,20657.2,22834.3,nse
2025-03-19,20864.5,22907.6,nse
2025-03-20,21070.05,23190.65,nse
2025-03-21,21273.9,23350.4,ss
2025-03-24,21538.1,23658.35,nse
2025-03-25,21437.75,23668.65,nse
2025-03-26,21275.45,23486.85,nse
2025-03-27,21407.95,23591.95,nse
2025-03-28,21339.55,23519.35,ss
2025-04-01,21070.75,23165.7,nse
2025-04-02,21265.65,23332.35,nse
2025-04-03,21243.4,23250.1,nse
2025-04-04,20805.35,22904.45,ss
2025-04-07,20105.7,22161.6,nse
2025-04-08,20480.8,22535.85,nse
2025-04-09,20356.75,22399.15,nse
2025-04-11,20752.85,22828.55,ss
2025-04-15,21279.4,23328.55,nse
2025-04-16,21404.35,23437.2,nse
2025-04-17,21681.55,23851.65,ss
2025-04-21,22005.75,24125.55,nse
2025-04-22,22085.15,24167.25,nse
2025-04-23,22237.6,24328.95,nse
2025-04-24,22180.65,24246.7,nse
2025-04-25,21848.15,24039.35,ss
2025-04-28,22101.85,24328.5,nse
2025-04-29,22112.4,24335.95,nse
2025-04-30,22030.05,24334.2,nse
2025-05-02,22006.0,24346.7,ss
2025-05-05,22195.15,24461.15,nse
2025-05-06,21956.6,24379.6,nse
2025-05-07,22072.45,24414.4,nse
2025-05-08,21843.05,24273.8,nse
2025-05-09,21675.55,24008.0,ss
2025-05-12,22511.4,24924.7,nse
2025-05-13,22349.4,24578.35,nse
2025-05-14,22499.5,24666.9,nse
2025-05-15,22788.8,25062.1,nse
2025-05-16,22870.9,25019.8,ss
2025-05-19,22865.8,24945.45,nse
2025-05-20,22585.6,24683.9,nse
2025-05-21,22730.65,24813.45,nse
2025-05-22,22595.0,24609.7,nse
2025-05-23,22781.05,24853.15,ss
2025-05-26,22908.3,25001.15,nse
2025-05-27,22816.5,24826.2,nse
2025-05-28,22779.4,24752.45,nse
2025-05-29,22861.35,24833.6,nse
2025-05-30,22801.95,24750.7,ss
2025-06-02,22834.5,24716.6,nse
2025-06-03,22711.3,24542.5,nse
2025-06-04,22807.85,24620.2,nse
2025-06-05,22934.5,24750.9,nse
2025-06-06,23165.1,25003.05,ss
2025-06-09,23330.55,25103.2,nse
2025-06-10,23339.95,25104.25,nse
2025-06-11,23337.85,25141.4,nse
2025-06-12,23046.45,24888.2,nse
2025-06-13,22906.2,24718.6,ss
2025-06-16,23095.05,24946.5,nse
2025-06-17,22981.5,24853.4,nse
2025-06-18,22925.2,24812.05,nse
2025-06-19,22763.5,24793.25,nse
2025-06-20,23041.1,25112.4,ss
2025-06-23,23001.5,24971.9,nse
2025-06-24,23113.2,25044.35,nse
2025-06-25,23296.85,25244.75,nse
2025-06-26,23517.55,25549.0,nse
2025-06-27,23620.15,25637.8,ss
2025-06-30,23617.2,25517.05,nse
2025-07-01,23615.45,25541.8,nse
2025-07-02,23547.25,25453.4,nse
2025-07-03,23521.85,25405.3,nse
2025-07-04,23562.45,25461.0,ss
2025-07-07,23551.2,25461.3,nse
2025-07-08,23572.55,25522.5,nse
2025-07-09,23557.45,25476.1,nse
2025-07-10,23471.4,25355.25,nse
2025-07-11,23282.7,25149.85,ss
2025-07-14,23309.05,25082.3,nse
2025-07-15,23449.15,25195.8,nse
2025-07-16,23472.5,25212.05,nse
2025-07-17,23419.7,25111.45,nse
2025-07-18,23275.15,24968.4,ss
2025-07-21,23378.45,25090.7,nse
2025-07-22,23320.9,25060.9,nse
2025-07-23,23428.4,25219.9,nse
2025-07-24,23301.1,25062.1,nse
2025-07-25,23014.8,24837.0,ss
2025-07-28,22846.95,24680.9,nse
2025-07-29,23007.35,24821.1,nse
2025-07-30,23033.55,24855.05,nse
2025-07-31,22914.95,24768.35,nse
2025-08-01,22673.65,24565.35,ss
2025-08-04,22860.4,24722.75,nse
2025-08-05,22798.5,24649.55,nse
2025-08-06,22666.85,24574.2,nse
2025-08-07,22694.1,24596.15,nse
2025-08-08,22443.15,24363.3,ss
2025-08-11,22633.45,24585.05,nse
2025-08-12,22568.6,24487.4,nse
2025-08-13,22698.1,24619.35,nse
2025-08-14,22680.25,24631.3,ss
2025-08-18,22931.5,24876.95,nse
2025-08-19,23066.6,24980.65,nse
2025-08-20,23143.15,25050.55,nse
2025-08-21,23137.15,25083.75,nse
2025-08-22,22991.3,24870.1,ss
2025-08-25,23052.0,24967.75,nse
2025-08-26,22768.65,24712.05,nse
2025-08-28,22541.65,24500.9,nse
2025-08-29,22462.95,24426.85,ss
2025-09-01,22713.55,24625.05,nse
2025-09-02,22724.4,24579.6,nse
2025-09-03,22864.65,24715.05,nse
2025-09-04,22819.65,24734.3,nse
2025-09-05,22829.15,24741.0,ss
2025-09-08,22878.65,24773.15,nse
2025-09-09,22949.1,24868.6,nse
2025-09-10,23074.15,24973.1,nse
2025-09-11,23102.65,25005.5,nse
2025-09-12,23190.25,25114.0,ss
2025-09-15,23215.85,25069.2,nse
2025-09-16,23369.3,25239.1,nse
2025-09-17,23445.2,25330.25,nse
2025-09-18,23518.9,25423.6,nse
2025-09-19,23486.65,25327.05,ss
2025-09-22,23381.45,25202.35,nse
2025-09-23,23325.25,25169.5,nse
2025-09-24,23178.25,25056.9,nse
2025-09-25,23022.4,24890.85,nse
2025-09-26,22713.15,24654.7,ss
2025-09-29,22739.1,24634.9,nse
2025-09-30,22734.1,24611.1,nse
2025-10-01,22928.3,24836.3,nse
2025-10-03,23027.7,24894.25,ss
2025-10-06,23169.65,25077.65,ss
2025-10-07,23209.5,25108.3,ss
2025-10-08,23109.35,25046.15,ss
2025-10-09,23241.75,25181.8,ss
2025-10-10,23337.55,25285.35,ss
2025-10-13,23294.8,25227.35,ss
2025-10-14,23184.05,25145.5,ss
2025-10-15,23377.35,25323.55,ss
2025-10-16,23563.8,25585.3,ss
2025-10-17,23598.05,25709.85,ss
2025-10-20,23716.1,25843.15,ss
2025-10-21,23759.2,25868.6,ss
2025-10-23,23755.9,25891.4,ss
2025-10-24,23686.6,25795.15,ss
2025-10-27,23840.9,25966.05,ss
2025-10-28,23812.55,25936.2,ss
2025-10-29,23952.4,26053.9,ss
2025-10-30,23841.3,25877.85,ss
2025-10-31,23710.4,25722.1,ss
2025-11-03,23810.7,25763.35,ss
2025-11-04,23675.45,25597.65,ss
2025-11-06,23513.15,25509.7,ss
2025-11-07,23521.5,25492.3,ss
2025-11-10,23596.9,25574.35,ss
2025-11-11,23682.65,25694.95,ss
2025-11-12,23836.9,25875.8,ss
2025-11-13,23816.0,25879.15,ss
2025-11-14,23836.35,25910.05,ss
2025-11-17,23954.55,26013.45,ss
2025-11-18,23824.65,25910.05,ss
2025-11-19,23906.3,26052.65,ss
2025-11-20,23975.45,26192.15,ss
2025-11-21,23790.25,26068.15,ss
2025-11-24,23674.55,25959.5,ss
2025-11-25,23655.05,25884.8,ss
2025-11-26,23955.2,26205.3,ss
2025-11-27,23947.75,26215.55,ss
2025-11-28,23933.2,26202.95,ss
2025-12-01,23922.45,26175.75,ss
2025-12-02,23822.25,26032.2,ss
2025-12-03,23716.3,25986.0,ss
2025-12-04,23741.1,26033.75,ss
2025-12-05,23835.25,26186.45,ss
2025-12-08,23526.2,25960.55,ss
2025-12-09,23516.25,25839.65,ss
2025-12-10,23408.8,25758.0,ss
2025-12-11,23550.85,25898.55,ss
2025-12-12,23726.2,26046.95,ss
2025-12-15,23725.2,26027.3,ss
2025-12-16,23570.15,25860.1,ss
2025-12-17,23496.05,25818.55,ss
2025-12-18,23491.5,25815.55,ss
2025-12-19,23677.55,25966.4,ss
2025-12-22,23867.65,26172.4,ss
2025-12-23,23895.15,26177.15,ss
2025-12-24,23850.25,26142.1,ss
2025-12-26,23780.25,26042.3,ss
2025-12-29,23682.1,25942.1,ss
2025-12-30,23668.8,25938.85,ss
2025-12-31,23871.55,26129.6,ss
2026-01-01,23909.55,26146.55,ss
2026-01-02,24099.0,26328.55,ss
2026-01-05,24058.45,26250.3,ss
2026-01-06,24010.5,26178.7,ss
2026-01-07,24016.6,26140.75,ss
2026-01-08,23680.1,25876.85,ss
2026-01-09,23467.35,25683.3,ss
2026-01-12,23510.45,25790.25,ss
2026-01-13,23480.65,25732.3,ss
2026-01-14,23475.85,25665.6,ss
2026-01-16,23485.3,25694.35,ss
2026-01-19,23373.75,25585.5,ss
2026-01-20,22946.65,25232.5,ss
2026-01-21,22835.15,25157.5,ss
2026-01-22,23008.75,25289.9,ss
2026-01-23,22706.2,25048.65,ss
2026-01-27,22819.25,25175.4,ss
2026-01-28,23082.1,25342.75,ss
2026-01-29,23134.8,25418.9,ss
2026-01-30,23079.5,25320.65,ss
2026-02-01,22611.3,24825.45,ss
2026-02-02,22837.0,25088.4,ss
2026-02-03,23446.3,25727.55,ss
2026-02-04,23534.95,25776.0,ss
2026-02-05,23411.7,25642.8,ss
2026-02-06,23434.0,25693.7,ss
2026-02-09,23683.4,25867.3,ss
2026-02-10,23753.75,25935.15,ss
2026-02-11,23783.05,25953.85,ss
2026-02-12,23651.55,25807.2,ss
2026-02-13,23313.15,25471.1,ss
2026-02-16,23472.45,25682.75,ss
2026-02-17,23540.05,25725.4,ss
2026-02-18,23645.8,25819.35,ss
2026-02-19,23297.45,25454.35,ss
2026-02-20,23395.0,25571.25,ss
2026-02-23,23484.95,25713.0,ss
2026-02-24,23304.6,25424.65,ss
2026-02-25,23403.8,25482.5,ss
2026-02-26,23448.5,25496.55,ss
2026-02-27,23166.85,25178.65,ss
2026-03-02,22835.95,24865.7,ss
2026-03-04,22409.8,24480.5,ss
2026-03-05,22697.8,24765.9,ss
2026-03-06,22481.3,24450.45,ss
2026-03-09,22056.55,24028.05,ss
2026-03-10,22342.95,24261.6,ss
2026-03-11,22042.3,23866.85,ss
2026-03-12,21897.5,23639.15,ss
2026-03-13,21391.2,23151.1,ss
2026-03-16,21498.8,23408.8,ss
2026-03-17,21669.3,23581.15,ss
2026-03-18,21917.4,23777.8,ss
2026-03-19,21225.8,23002.15,ss
2026-03-20,21327.9,23114.5,ss
2026-03-23,20664.25,22512.65,ss
2026-03-24,21067.0,22912.4,ss
2026-03-25,21478.2,23306.45,ss
2026-03-27,21020.15,22819.6,ss
2026-03-30,20528.05,22331.4,ss
2026-04-01,20935.15,22679.4,ss
2026-04-02,20938.35,22713.1,ss
2026-04-06,21194.05,22968.25,ss
2026-04-07,21296.45,23123.65,ss
2026-04-08,22137.1,23997.35,ss
2026-04-09,22037.5,23775.1,ss
2026-04-10,22346.75,24050.6,ss
2026-04-13,22179.05,23842.65,ss
2026-04-15,22595.55,24231.3,ss
2026-04-16,22656.3,24196.75,ss
2026-04-17,22869.4,24353.55,ss
2026-04-20,22865.8,24364.85,ss
2026-04-21,23042.35,24576.6,ss
2026-04-22,22991.5,24378.1,ss
2026-04-23,22810.85,24173.05,ss
2026-04-24,22570.05,23897.95,ss
2026-04-27,22821.4,24092.7,ss
2026-04-28,22765.6,23995.7,ss
2026-04-29,22871.0,24177.65,ss
2026-04-30,22683.55,23997.55,ss
2026-05-04,22830.75,24119.3,ss
2026-05-05,22808.25,24032.8,ss
2026-05-06,23133.4,24330.95,ss
2026-05-07,23214.0,24326.65,ss
2026-05-08,23115.65,24176.15,ss
2026-05-11,22795.75,23815.85,ss
2026-05-12,22299.9,23379.55,ss
2026-05-13,22377.35,23412.6,ss
2026-05-14,22613.1,23689.6,ss
2026-05-15,22531.15,23643.5,ss
2026-05-18,22461.05,23649.95,ss
2026-05-19,22521.75,23618.0,ss
2026-05-20,22578.15,23659.0,ss
2026-05-21,22602.85,23654.7,ss
2026-05-22,22651.3,23719.3,ss
2026-05-25,22929.45,24031.7,ss
2026-05-26,22897.2,23913.7,ss
2026-05-27,22967.4,23907.15,ss
2026-05-29,22657.0,23547.75,ss
2026-06-01,22437.95,23382.6,ss
2026-06-02,22521.1,23483.55,ss
2026-06-03,22451.85,23405.6,ss
2026-06-04,22497.7,23416.55,ss
2026-06-05,22465.35,23366.7,ss
2026-06-08,22173.7,23123.0,ss
2026-06-09,22370.15,23242.1,ss
2026-06-10,22233.85,23214.95,ss
2026-06-11,22114.45,23161.6,ss
2026-06-12,22599.8,23622.9,ss
2026-06-15,22891.3,23853.9,ss
2026-06-16,22997.25,23989.15,ss
2026-06-17,23109.7,24085.7,ss
2026-06-18,23206.45,24168.0,ss
2026-06-19,23144.2,24013.1,ss
2026-06-22,23261.85,24102.9,ss
2026-06-23,23010.95,23824.1,ss
2026-06-24,23126.3,24021.65,ss
2026-06-25,23113.7,24056.0,ss
2026-06-29,23000.0,23946.25,ss
2026-06-30,22995.65,23865.75,ss
2026-07-01,23111.65,24005.85,ss
2026-07-02,23264.8,24175.7,ss
2026-07-03,23301.15,24270.85,ss
2026-07-06,23433.95,24430.35,ss
2026-07-07,23368.85,24398.7,ss
2026-07-08,22908.05,23882.05,ss
2026-07-09,23081.15,23962.8,ss
2026-07-10,23348.4,24206.9,ss
2026-07-13,23347.05,24211.0,ss
2026-07-14,23199.45,24052.05,ss
2026-07-15,23263.9,24078.5,ss
2026-07-16,23232.65,24072.75,ss
2026-07-17,23336.3,24334.3,ss
2026-07-20,23338.05,24238.5,ss
2026-07-21,23352.15,24187.7,ss
2026-07-22,23145.05,23996.25,ss
2026-07-23,22982.4,23869.6,ss
2026-07-24,22913.3,23767.45,ss
2026-07-27,23153.1,23995.95,ss
2026-07-28,23114.9,23985.35,ss
2026-07-29,23352.6,24250.2,ss
2026-07-30,23353.55,24317.15,ss
2026-07-31,23460.7,24383.6,ss
2026-08-03,23802.85,24774.3,ss
2026-08-04,23690.15,24614.9,ss
2026-08-05,23735.55,24624.65,ss
2026-08-06,23729.45,24636.0,ss
2026-08-07,23712.1,24570.65,ss
2026-08-10,23743.2,24583.8,ss
2026-08-11,23681.15,24471.7,ss
2026-08-12,23672.45,24435.95,ss
2026-08-13,23658.1,24395.85,ss
2026-08-14,23594.9,24366.0,ss
2026-08-17,23564.45,24287.65,ss
2026-08-18,23472.4,24154.9,ss
2026-08-19,23386.2,24078.3,ss
2026-08-20,23512.95,24231.85,ss
2026-08-21,23530.3,24252.0,ss
2026-08-24,23511.75,24219.05,ss
2026-08-25,23611.6,24334.55,ss
2026-08-26,23559.2,24207.75,ss
2026-08-27,23482.0,24090.85,ss
2026-08-28,23528.55,24175.65,ss
2026-08-31,23450.35,24080.4,ss
2026-09-01,23339.9,24055.8,ss
2026-09-02,23222.8,23914.45,ss
2026-09-03,23254.05,23873.45,ss
2026-09-04,23254.15,23897.7,ss
2026-09-07,23156.2,23779.15,ss
2026-09-08,23106.1,23635.1,ss
2026-09-09,22958.75,23431.5,ss
2026-09-10,22952.35,23477.8,ss
2026-09-11,22866.5,23398.1,ss
2026-09-15,22477.45,23118.6,ss
2026-09-16,22532.0,23217.6,ss
2026-09-17,22654.65,23270.6,ss
2026-09-18,22840.55,23346.4,ss
2026-09-21,22860.05,23414.3,nse
2026-09-22,22794.2,23329.0,nse
2026-09-23,22935.1,23446.8,nse
2026-09-24,22552.6,23063.1,nse
2026-09-25,22603.5,23140.5,nse
2026-09-28,22232.15,22780.25,nse
2026-09-29,22101.0,22716.2,nse
2026-09-30,22072.1,22620.45,nse
2026-10-01,21857.75,22421.95,nse
