Symbol,ATH,ATHDate,AsOf
360ONE,1297.15,2025-01-03,2026-10-09
AADHARHFC,556.5,2026-07-06,2026-10-09
AARTIIND,1007.18,2021-10-08,2026-10-09
AARTIPHARM,975.0,2026-10-06,2026-10-09
AAVAS,3068.5,2022-02-18,2026-10-09
ABB,9020.0,2024-06-14,2026-10-09
ABBOTINDIA,34940.0,2025-06-27,2026-10-09
ABCAPITAL,424.7,2026-08-05,2026-10-09
ABDL,723.45,2026-09-28,2026-10-09
ABFRL,124.74,2024-09-27,2026-10-09
ABLBL,160.02,2025-06-27,2026-10-09
ABREL,3052.8,2024-10-18,2026-10-09
ABSLAMC,1199.0,2026-06-23,2026-10-09
ACC,2720.4,2024-02-16,2026-10-09
ACE,1573.85,2024-04-05,2026-10-09
ACI,801.2,2024-08-23,2026-10-09
ACMESOLAR,458.65,2026-09-22,2026-10-09
ACUTAAS,3694.8,2026-07-03,2026-10-09
ADANIENSOL,4094.75,2022-09-16,2026-10-09
ADANIENT,3897.14,2022-11-18,2026-10-09
ADANIGREEN,2882.8,2022-04-22,2026-10-09
ADANIPORTS,1883.2,2026-07-02,2026-10-09
ADANIPOWER,248.91,2026-05-27,2026-10-09
ADVENZYMES,538.05,2024-09-20,2026-10-09
AEGISLOG,1486.0,2026-09-21,2026-10-09
AEGISVOPAK,318.3,2026-09-21,2026-10-09
AEQUS,288.15,2026-10-07,2026-10-09
AEROFLEX,573.5,2026-09-08,2026-10-09
AETHER,1799.8,2026-10-06,2026-10-09
AFCONS,545.55,2024-12-06,2026-10-09
AFFLE,2146.7,2025-09-22,2026-10-09
AIAENG,5081.4,2026-06-30,2026-10-09
AIIL,667.9,2026-01-13,2026-10-09
AJANTPHARM,3718.2,2026-08-17,2026-10-09
AKUMS,1066.65,2024-08-16,2026-10-09
ALKEM,6366.25,2024-09-13,2026-10-09
ALKYLAMINE,4386.45,2021-07-30,2026-10-09
AMAGI,674.7,2026-08-04,2026-10-09
AMBER,8842.5,2026-05-07,2026-10-09
AMBUJACEM,686.4,2024-07-26,2026-10-09
ANANDRATHI,2229.5,2026-09-08,2026-10-09
ANANTRAJ,899.5,2025-01-17,2026-10-09
ANGELONE,379.6,2024-01-12,2026-10-09
ANTHEM,957.8,2026-09-08,2026-10-09
ANURAS,1376.0,2026-05-15,2026-10-09
APARINDS,18945.0,2026-09-21,2026-10-09
APLAPOLLO,2280.8,2026-02-11,2026-10-09
APOLLO,450.05,2026-07-03,2026-10-09
APOLLOHOSP,9069.0,2026-09-23,2026-10-09
APOLLOTYRE,550.4,2024-07-26,2026-10-09
APTUS,382.2,2022-03-17,2026-10-09
ARE&M,1694.65,2024-07-05,2026-10-09
ARVIND,587.1,2026-06-30,2026-10-09
ARVINDFASN,775.1,2019-03-29,2026-10-09
ASAHIINDIA,1066.4,2025-12-02,2026-10-09
ASHAPURMIN,902.45,2026-01-07,2026-10-09
ASHOKA,305.4,2025-01-03,2026-10-09
ASHOKLEY,211.92,2026-02-26,2026-10-09
ASIANPAINT,3576.3,2022-01-07,2026-10-09
ASTERDM,869.7,2026-08-07,2026-10-09
ASTRAL,2406.25,2024-07-05,2026-10-09
ASTRAMICRO,1861.6,2026-07-31,2026-10-09
ATGL,3918.9,2023-01-20,2026-10-09
ATHERENERG,1725.6,2026-09-01,2026-10-09
ATLANTAELE,2151.5,2026-06-04,2026-10-09
ATUL,10535.2,2021-10-08,2026-10-09
AUBANK,1128.6,2026-08-25,2026-10-09
AURIONPRO,1932.5,2024-08-30,2026-10-09
AUROPHARMA,1734.0,2026-09-18,2026-10-09
AVALON,2537.7,2026-09-18,2026-10-09
AVANTIFEED,1503.4,2026-04-20,2026-10-09
AVL,668.55,2026-06-29,2026-10-09
AWL,809.95,2022-09-23,2026-10-09
AXISBANK,1403.0,2026-02-25,2026-10-09
AXISCADES,2307.3,2026-10-01,2026-10-09
AZAD,3062.6,2026-10-06,2026-10-09
BAGMANE,111.2,2026-09-25,2026-10-09
BAJAJ-AUTO,12666.4,2024-09-27,2026-10-09
BAJAJCON,670.25,2026-07-10,2026-10-09
BAJAJFINSV,2176.6,2025-10-23,2026-10-09
BAJAJHFL,163.73,2024-09-20,2026-10-09
BAJAJHLDNG,14251.0,2025-06-06,2026-10-09
BAJFINANCE,1158.8,2026-08-05,2026-10-09
BALAMINES,4780.95,2021-09-17,2026-10-09
BALKRISIND,3292.35,2024-08-02,2026-10-09
BALRAMCHIN,767.1,2026-08-20,2026-10-09
BALUFORGE,842.55,2024-10-18,2026-10-09
BANCOINDIA,875.05,2025-10-06,2026-10-09
BANDHANBNK,703.9,2018-08-17,2026-10-09
BANKBARODA,324.45,2026-02-26,2026-10-09
BANKINDIA,207.85,2017-11-17,2026-10-09
BATAINDIA,2156.75,2021-11-12,2026-10-09
BBOX,1078.2,2026-06-04,2026-10-09
BDL,2015.5,2025-05-30,2026-10-09
BECTORFOOD,423.14,2024-09-20,2026-10-09
BEL,468.45,2026-03-06,2026-10-09
BELRISE,261.35,2026-08-12,2026-10-09
BEML,2529.98,2024-07-05,2026-10-09
BERGEPAINT,711.87,2021-07-23,2026-10-09
BHARATCOAL,42.55,2026-06-18,2026-10-09
BHARATFORG,2265.2,2026-08-07,2026-10-09
BHARTIARTL,2162.7,2025-11-21,2026-10-09
BHARTIHEXA,1960.1,2025-06-27,2026-10-09
BHEL,452.0,2026-10-06,2026-10-09
BIOCON,481.95,2020-12-24,2026-10-09
BIRET,369.0,2026-02-27,2026-10-09
BIRLACORPN,1717.7,2024-02-16,2026-10-09
BLACKBUCK,733.5,2025-10-21,2026-10-09
BLS,504.9,2025-01-03,2026-10-09
BLUEJET,1010.2,2025-07-18,2026-10-09
BLUESTARCO,2337.55,2025-01-03,2026-10-09
BLUESTONE,930.4,2026-09-22,2026-10-09
BORORENEW,780.15,2022-04-22,2026-10-09
BOSCHLTD,50000.0,2026-08-31,2026-10-09
BPCL,388.3,2026-02-09,2026-10-09
BRIGADE,1060.88,2024-09-27,2026-10-09
BRITANNIA,6268.8,2024-09-27,2026-10-09
BSE,4403.3,2026-05-26,2026-10-09
BSOFT,846.35,2024-02-02,2026-10-09
CAMPUS,598.5,2022-10-07,2026-10-09
CAMS,1037.64,2024-12-13,2026-10-09
CANBK,158.93,2026-02-25,2026-10-09
CANFINHOME,950.2,2026-02-09,2026-10-09
CANHLIFE,157.23,2026-09-04,2026-10-09
CAPILLARY,732.15,2025-11-25,2026-10-09
CAPLIPOINT,2867.4,2026-09-24,2026-10-09
CARBORUNIV,1773.95,2024-06-14,2026-10-09
CARTRADE,3268.0,2025-11-17,2026-10-09
CASTROLIND,266.3,2024-08-23,2026-10-09
CCAVENUE,47.74,2018-09-14,2026-10-09
CCL,1229.7,2026-07-13,2026-10-09
CDSL,1943.5,2024-12-13,2026-10-09
CEATLTD,4302.7,2025-10-23,2026-10-09
CEIGALL,400.95,2024-08-23,2026-10-09
CELLO,979.35,2024-07-12,2026-10-09
CEMPRO,1639.6,2026-07-21,2026-10-09
CENTRALBK,115.95,2017-05-19,2026-10-09
CENTUM,4920.7,2026-09-29,2026-10-09
CERA,10420.45,2024-08-09,2026-10-09
CESC,199.9,2024-09-27,2026-10-09
CGCL,279.9,2026-09-04,2026-10-09
CGPOWER,976.5,2026-07-01,2026-10-09
CHALET,1055.8,2025-09-18,2026-10-09
CHAMBLFERT,695.1,2025-05-02,2026-10-09
CHENNPETRO,1626.4,2026-09-10,2026-10-09
CHOICEIN,850.3,2026-01-02,2026-10-09
CHOLAFIN,1940.0,2026-08-06,2026-10-09
CHOLAHLDNG,2118.1,2025-07-18,2026-10-09
CIEINDIA,612.15,2024-07-05,2026-10-09
CIPLA,1672.5,2024-09-27,2026-10-09
CLEAN,2593.35,2022-01-07,2026-10-09
CLEANMAX,1494.0,2026-06-22,2026-10-09
CMPDI,277.5,2026-07-03,2026-10-09
CMRGREEN,258.95,2026-06-24,2026-10-09
CMSINFO,593.1,2024-10-04,2026-10-09
COALINDIA,538.85,2024-08-23,2026-10-09
COCHINSHIP,2837.6,2024-07-05,2026-10-09
COFORGE,2014.6,2026-08-28,2026-10-09
COHANCE,1327.15,2024-11-01,2026-10-09
COLPAL,3764.05,2024-09-27,2026-10-09
CONCOR,911.88,2024-06-14,2026-10-09
CONCORDBIO,2601.1,2024-09-20,2026-10-09
COROMANDEL,2590.4,2025-08-01,2026-10-09
CPPLUS,4185.2,2026-10-09,2026-10-09
CRAFTSMAN,11851.0,2026-09-10,2026-10-09
CRAMC,350.6,2025-10-27,2026-10-09
CREDITACC,1729.1,2024-01-05,2026-10-09
CRISIL,6108.15,2025-01-03,2026-10-09
CROMPTON,492.2,2021-09-09,2026-10-09
CSBBANK,557.45,2026-01-05,2026-10-09
CUB,238.48,2026-09-07,2026-10-09
CUMMINSIND,6027.5,2026-05-27,2026-10-09
CUPID,366.1,2026-10-09,2026-10-09
CYIENT,2388.1,2023-12-22,2026-10-09
DABUR,667.55,2024-09-20,2026-10-09
DALBHARAT,2448.2,2025-09-18,2026-10-09
DATAMATICS,1010.35,2025-08-29,2026-10-09
DATAPATTNS,4932.3,2026-09-08,2026-10-09
DBL,1181.95,2018-04-06,2026-10-09
DBREALTY,245.49,2024-03-07,2026-10-09
DCBBANK,240.75,2019-06-07,2026-10-09
DEEPAKFERT,1709.9,2025-07-04,2026-10-09
DEEPAKNTR,3095.95,2024-08-02,2026-10-09
DELHIVERY,667.9,2022-07-22,2026-10-09
DEVYANI,222.45,2023-09-08,2026-10-09
DIACABS,394.75,2026-09-16,2026-10-09
DIVISLAB,9624.0,2026-09-23,2026-10-09
DIXON,18397.65,2025-01-03,2026-10-09
DLF,922.95,2024-03-02,2026-10-09
DMART,5323.75,2021-10-14,2026-10-09
DOMS,2995.85,2024-11-29,2026-10-09
DRREDDY,1406.27,2024-08-30,2026-10-09
DYNAMATECH,14279.0,2026-10-06,2026-10-09
E2E,723.3,2026-10-07,2026-10-09
EBGNG,731.35,2026-10-07,2026-10-09
ECLERX,2473.5,2026-02-03,2026-10-09
EDELWEISS,187.79,2018-06-08,2026-10-09
EICHERMOT,8190.0,2026-02-26,2026-10-09
EIDPARRY,1204.6,2025-08-01,2026-10-09
EIEL,325.45,2025-01-03,2026-10-09
EIHOTEL,485.8,2024-05-10,2026-10-09
ELECON,695.3,2024-09-27,2026-10-09
ELECTCAST,230.91,2024-09-13,2026-10-09
ELGIEQUIP,737.85,2024-07-05,2026-10-09
ELLEN,601.45,2025-07-11,2026-10-09
EMAMILTD,832.7,2024-09-06,2026-10-09
EMBASSY,471.96,2020-03-06,2026-10-09
EMBDL,253.6,2018-01-12,2026-10-09
EMCURE,2009.6,2026-08-12,2026-10-09
EMIL,240.19,2024-06-14,2026-10-09
EMMVEE,365.35,2026-07-16,2026-10-09
ENDURANCE,3029.5,2026-08-21,2026-10-09
ENGINERSIN,315.65,2026-09-25,2026-10-09
ENRIN,3872.1,2026-05-29,2026-10-09
ENTERO,1898.4,2026-09-07,2026-10-09
EPL,293.6,2020-08-21,2026-10-09
EQUITASBNK,114.55,2024-01-05,2026-10-09
ERIS,1808.4,2025-08-01,2026-10-09
ESCORTS,4334.5,2024-06-21,2026-10-09
ETERNAL,354.35,2025-10-15,2026-10-09
EXIDEIND,569.7,2024-06-21,2026-10-09
FACT,1134.45,2024-06-21,2026-10-09
FEDERALBNK,371.7,2026-08-03,2026-10-09
FEDFINA,176.39,2026-01-14,2026-10-09
FIEMIND,2645.9,2026-08-12,2026-10-09
FINCABLES,1666.5,2024-07-05,2026-10-09
FINPIPE,350.3,2024-06-07,2026-10-09
FIRSTCRY,682.4,2024-10-11,2026-10-09
FIVESTAR,889.5,2024-10-18,2026-10-09
FLUOROCHEM,4786.3,2026-09-10,2026-10-09
FORCEMOT,25776.0,2026-02-17,2026-10-09
FORTIS,1097.9,2025-10-21,2026-10-09
FRACTAL,1101.55,2026-05-07,2026-10-09
FSL,401.25,2025-01-03,2026-10-09
GABRIEL,1587.7,2026-08-05,2026-10-09
GAEL,204.48,2024-02-23,2026-10-09
GAIL,237.69,2024-08-30,2026-10-09
GALLANTT,927.1,2026-04-16,2026-10-09
GENUSPOWER,447.94,2024-08-30,2026-10-09
GESHIP,1719.6,2026-05-21,2026-10-09
GICRE,501.0,2024-12-20,2026-10-09
GILLETTE,11258.0,2025-07-18,2026-10-09
GLAND,4287.2,2021-08-13,2026-10-09
GLAXO,3439.6,2025-06-27,2026-10-09
GLENMARK,2515.0,2026-08-28,2026-10-09
GMDCLTD,746.75,2026-04-16,2026-10-09
GMRAIRPORT,114.98,2026-07-07,2026-10-09
GMRP&UI,158.7,2024-09-27,2026-10-09
GNFC,883.05,2022-04-08,2026-10-09
GODFRYPHLP,3691.0,2025-09-05,2026-10-09
GODREJAGRO,839.1,2025-07-25,2026-10-09
GODREJCP,1491.3,2024-09-13,2026-10-09
GODREJIND,1417.7,2026-07-10,2026-10-09
GODREJPROP,3281.7,2024-07-05,2026-10-09
GOKEX,1200.4,2024-12-13,2026-10-09
GOKULAGRO,252.85,2026-08-25,2026-10-09
GOLDIAM,394.01,2025-01-17,2026-10-09
GPIL,305.85,2026-05-20,2026-10-09
GPPL,232.55,2024-08-23,2026-10-09
GRANULES,909.3,2026-09-11,2026-10-09
GRAPHITE,1106.95,2018-08-10,2026-10-09
GRASIM,3380.5,2026-08-10,2026-10-09
GRAVITA,2583.9,2024-09-27,2026-10-09
GREAVESCOT,288.75,2025-02-07,2026-10-09
GRINDWELL,2856.35,2024-07-05,2026-10-09
GROWW,221.56,2026-05-05,2026-10-09
GRSE,3287.6,2025-06-20,2026-10-09
GRWRHITECH,7409.5,2026-08-05,2026-10-09
GSFC,318.1,2024-01-20,2026-10-09
GUJALKALI,994.0,2022-04-29,2026-10-09
GVT&D,5533.5,2026-06-19,2026-10-09
HAL,5552.0,2024-07-05,2026-10-09
HAPPSTMNDS,1503.05,2021-09-03,2026-10-09
HAPPYFORGE,2420.4,2026-09-01,2026-10-09
HAVELLS,2048.1,2024-09-20,2026-10-09
HBLENGINE,1098.8,2025-11-10,2026-10-09
HCC,46.62,2024-07-26,2026-10-09
HCG,771.53,2025-10-29,2026-10-09
HCLTECH,1995.1,2025-01-10,2026-10-09
HDBFS,845.65,2025-07-11,2026-10-09
HDFCAMC,2941.75,2025-09-23,2026-10-09
HDFCBANK,1009.5,2025-11-27,2026-10-09
HDFCLIFE,806.95,2025-06-27,2026-10-09
HEGAM,318.47,2018-11-22,2026-10-09
HERITGFOOD,661.25,2024-06-07,2026-10-09
HEROMOTOCO,6350.5,2025-12-05,2026-10-09
HEXT,870.1,2025-06-27,2026-10-09
HFCL,271.9,2026-10-07,2026-10-09
HGINFRA,1763.35,2024-06-28,2026-10-09
HINDALCO,1149.7,2026-05-27,2026-10-09
HINDCOPPER,760.05,2026-01-29,2026-10-09
HINDPETRO,499.05,2025-12-31,2026-10-09
HINDUNILVR,2849.77,2024-09-20,2026-10-09
HINDZINC,742.65,2024-05-24,2026-10-09
HOMEFIRST,1479.0,2025-07-25,2026-10-09
HONASA,531.0,2024-09-06,2026-10-09
HONAUT,57926.8,2024-06-14,2026-10-09
HSCL,800.9,2026-07-21,2026-10-09
HUDCO,334.0,2024-07-12,2026-10-09
HYUNDAI,2809.3,2025-09-19,2026-10-09
ICICIAMC,3538.5,2026-05-29,2026-10-09
ICICIBANK,1477.1,2025-07-25,2026-10-09
ICICIGI,2261.7,2024-09-06,2026-10-09
ICICIPRULI,789.5,2024-09-27,2026-10-09
ICIL,476.55,2026-09-23,2026-10-09
IDBI,116.01,2026-02-27,2026-10-09
IDEA,72.25,2017-02-23,2026-10-09
IDFCFIRSTB,95.5,2023-09-29,2026-10-09
IEX,295.25,2021-12-10,2026-10-09
IFBIND,2270.65,2024-10-18,2026-10-09
IFCI,102.51,2026-09-07,2026-10-09
IGIL,615.2,2025-01-03,2026-10-09
IGL,285.03,2021-07-09,2026-10-09
IIFL,696.4,2026-08-24,2026-10-09
IIFLCAPS,444.55,2024-10-18,2026-10-09
IKS,2005.6,2024-12-27,2026-10-09
IMFA,1653.9,2026-04-29,2026-10-09
INDGN,699.95,2024-10-18,2026-10-09
INDHOTEL,872.45,2025-01-03,2026-10-09
INDIACEM,478.55,2026-01-16,2026-10-09
INDIAGLYCO,382.7,2026-10-07,2026-10-09
INDIAMART,4890.45,2021-02-05,2026-10-09
INDIANB,991.55,2026-02-26,2026-10-09
INDIGO,6086.5,2025-08-22,2026-10-09
INDIGOPNTS,2633.8,2021-06-11,2026-10-09
INDUSINDBK,2015.85,2018-08-03,2026-10-09
INDUSTOWER,477.75,2026-02-18,2026-10-09
INFY,1999.7,2024-12-13,2026-10-09
INOXINDIA,2295.8,2026-09-10,2026-10-09
INOXWIND,250.72,2024-09-20,2026-10-09
INTELLECT,1198.0,2025-11-03,2026-10-09
IOB,71.1,2024-02-09,2026-10-09
IOC,187.47,2026-02-27,2026-10-09
IONEXCHANG,720.85,2024-08-23,2026-10-09
IPCALAB,2009.6,2026-09-18,2026-10-09
IRB,38.43,2024-06-07,2026-10-09
IRCON,336.8,2024-07-12,2026-10-09
IRCTC,1108.95,2024-05-24,2026-10-09
IREDA,284.26,2024-07-12,2026-10-09
IRFC,217.43,2024-07-12,2026-10-09
ITC,489.98,2024-09-27,2026-10-09
ITCHOTELS,254.75,2025-07-18,2026-10-09
ITI,457.1,2025-01-03,2026-10-09
IXIGO,335.55,2025-10-16,2026-10-09
J&KBANK,192.65,2026-07-10,2026-10-09
JAIBALAJI,248.11,2024-03-02,2026-10-09
JAINREC,571.5,2026-05-08,2026-10-09
JAMNAAUTO,151.77,2026-10-07,2026-10-09
JAYNECOIND,115.24,2026-05-04,2026-10-09
JBMA,1102.48,2024-02-23,2026-10-09
JINDALSAW,372.75,2024-09-27,2026-10-09
JINDALSTEL,1288.8,2026-04-21,2026-10-09
JIOFIN,381.75,2024-04-26,2026-10-09
JKCEMENT,7051.0,2025-08-08,2026-10-09
JKPAPER,576.15,2024-07-05,2026-10-09
JKTYRE,604.9,2026-02-11,2026-10-09
JMFINANCIL,193.02,2025-08-22,2026-10-09
JPPOWER,23.63,2025-07-11,2026-10-09
JSFB,728.2,2024-06-21,2026-10-09
JSL,865.65,2026-01-05,2026-10-09
JSLL,829.1,2025-09-23,2026-10-09
JSWCEMENT,159.17,2025-09-03,2026-10-09
JSWENERGY,782.35,2024-09-20,2026-10-09
JSWINFRA,367.6,2026-09-22,2026-10-09
JSWSTEEL,1341.0,2026-08-26,2026-10-09
JUBLFOOD,881.92,2021-10-14,2026-10-09
JUBLINGREA,859.2,2025-01-03,2026-10-09
JUBLPHARMA,1264.0,2024-11-01,2026-10-09
JUSTDIAL,1309.35,2024-08-23,2026-10-09
JWL,730.0,2024-07-05,2026-10-09
JYOTHYLAB,556.9,2024-09-13,2026-10-09
JYOTICNC,1370.0,2025-01-03,2026-10-09
KAJARIACER,1503.3,2024-09-20,2026-10-09
KALYANKJIL,777.8,2025-01-03,2026-10-09
KANSAINER,434.33,2021-01-22,2026-10-09
KARURVYSYA,354.35,2026-08-26,2026-10-09
KAYNES,7593.0,2025-10-07,2026-10-09
KEC,1236.7,2024-12-20,2026-10-09
KEI,5873.0,2026-08-17,2026-10-09
KFINTECH,1511.45,2024-12-27,2026-10-09
KIMS,850.65,2026-07-03,2026-10-09
KIRLOSBROS,2603.15,2024-07-05,2026-10-09
KIRLOSENG,2563.6,2026-06-24,2026-10-09
KIRLPNU,1045.75,2026-06-22,2026-10-09
KISSHT,383.1,2026-10-06,2026-10-09
KITEX,297.96,2025-05-30,2026-10-09
KMEW,3256.7,2026-10-08,2026-10-09
KNRCON,388.7,2024-06-14,2026-10-09
KOTAKBANK,445.12,2025-10-23,2026-10-09
KPIGREEN,709.33,2024-08-09,2026-10-09
KPIL,1458.4,2026-10-07,2026-10-09
KPITTECH,1865.55,2024-07-12,2026-10-09
KPRMILL,1306.25,2025-05-09,2026-10-09
KRBL,657.8,2017-11-03,2026-10-09
KRN,1660.2,2026-09-08,2026-10-09
KSB,1001.15,2024-07-26,2026-10-09
KSCL,1506.0,2025-04-17,2026-10-09
KTKBANK,343.05,2026-09-23,2026-10-09
KWIL,48.63,2026-08-24,2026-10-09
LALPATHLAB,2058.7,2021-09-09,2026-10-09
LATENTVIEW,697.6,2021-11-26,2026-10-09
LAURUSLABS,2052.8,2026-10-07,2026-10-09
LEMONTREE,175.37,2025-09-12,2026-10-09
LENSKART,707.2,2026-09-18,2026-10-09
LGEINDIA,1780.3,2026-10-07,2026-10-09
LICHSGFIN,796.8,2024-06-28,2026-10-09
LICI,592.18,2024-07-26,2026-10-09
LINDEINDIA,9481.45,2024-05-18,2026-10-09
LLOYDSENGG,102.2,2026-10-05,2026-10-09
LLOYDSENT,83.5,2026-08-07,2026-10-09
LLOYDSME,2101.2,2026-08-07,2026-10-09
LODHA,1594.8,2024-06-21,2026-10-09
LOTUSDEV,244.73,2026-10-06,2026-10-09
LT,4418.1,2026-02-23,2026-10-09
LTF,335.6,2026-07-06,2026-10-09
LTFOODS,503.9,2025-07-18,2026-10-09
LTM,7332.0,2021-12-31,2026-10-09
LTTS,5806.45,2024-04-05,2026-10-09
LUMAXIND,6703.0,2026-02-11,2026-10-09
LUMAXTECH,2116.4,2026-09-22,2026-10-09
LUPIN,2514.8,2026-07-21,2026-10-09
LXCHEM,549.35,2021-10-08,2026-10-09
M&M,3802.4,2026-01-02,2026-10-09
M&MFIN,412.3,2026-08-10,2026-10-09
MAHABANK,93.85,2026-06-29,2026-10-09
MANAPPURAM,371.85,2026-07-31,2026-10-09
MANKIND,2937.55,2025-01-03,2026-10-09
MANORAMA,2132.9,2026-09-08,2026-10-09
MANYAVAR,1469.1,2022-10-07,2026-10-09
MAPMYINDIA,2531.5,2024-06-21,2026-10-09
MARICO,885.35,2026-07-30,2026-10-09
MARKSANS,347.6,2026-09-23,2026-10-09
MARUTI,17292.0,2026-01-06,2026-10-09
MASTEK,3313.7,2022-04-01,2026-10-09
MAXHEALTH,1298.2,2025-07-04,2026-10-09
MAZDOCK,3522.4,2025-05-16,2026-10-09
MBAPL,170.63,2026-09-30,2026-10-09
MCX,3441.7,2026-05-20,2026-10-09
MEDANTA,1508.9,2026-08-27,2026-10-09
MEDPLUS,1225.65,2022-01-21,2026-10-09
MEESHO,240.19,2026-09-22,2026-10-09
METROPOLIS,860.23,2021-12-31,2026-10-09
MFSL,1870.0,2026-02-23,2026-10-09
MGL,1946.6,2024-09-27,2026-10-09
MIDHANI,525.3,2024-02-02,2026-10-09
MINDACORP,745.25,2026-08-18,2026-10-09
MMTC,107.23,2024-08-02,2026-10-09
MOIL,551.05,2024-05-18,2026-10-09
MOTHERSON,170.68,2026-08-31,2026-10-09
MOTILALOFS,1091.3,2025-10-28,2026-10-09
MPHASIS,3396.7,2021-12-31,2026-10-09
MRF,162295.0,2025-10-23,2026-10-09
MRPL,251.5,2024-05-03,2026-10-09
MSTCLTD,1031.9,2024-01-20,2026-10-09
MSUMI,52.05,2026-01-05,2026-10-09
MTARTECH,8374.5,2026-06-19,2026-10-09
MUTHOOTFIN,4091.7,2026-01-29,2026-10-09
NAM-INDIA,1251.0,2026-08-21,2026-10-09
NATCOPHARM,1582.5,2024-09-13,2026-10-09
NATIONALUM,441.5,2026-04-28,2026-10-09
NAUKRI,1805.1,2025-01-03,2026-10-09
NAVA,730.4,2026-05-11,2026-10-09
NAVINFLUOR,8775.5,2026-09-09,2026-10-09
NAZARA,392.85,2026-09-30,2026-10-09
NBCC,127.72,2025-06-06,2026-10-09
NCC,344.15,2024-08-02,2026-10-09
NEOGEN,2488.4,2026-09-18,2026-10-09
NEPHROPLUS,765.35,2026-09-11,2026-10-09
NESTLEIND,1540.0,2026-08-07,2026-10-09
NETWEB,5601.0,2026-08-21,2026-10-09
NETWORK18,127.65,2024-01-20,2026-10-09
NEULANDLAB,23995.0,2026-09-08,2026-10-09
NEWGEN,1690.15,2025-01-03,2026-10-09
NFL,152.72,2024-07-12,2026-10-09
NH,2263.2,2025-06-27,2026-10-09
NHPC,113.02,2024-07-12,2026-10-09
NIACL,356.43,2018-03-28,2026-10-09
NIVABUPA,95.02,2024-12-06,2026-10-09
NLCINDIA,370.9,2026-05-14,2026-10-09
NMDC,96.04,2026-06-03,2026-10-09
NORTHARC,325.3,2026-07-10,2026-10-09
NSLNISP,70.9,2024-02-02,2026-10-09
NTPC,436.9,2024-09-27,2026-10-09
NTPCGREEN,144.13,2024-12-13,2026-10-09
NUVAMA,1980.1,2026-07-24,2026-10-09
NUVOCO,560.85,2021-09-03,2026-10-09
NYKAA,405.8,2021-11-26,2026-10-09
OBEROIRLTY,2315.8,2024-12-27,2026-10-09
OFSS,12646.6,2024-12-27,2026-10-09
OIL,741.0,2024-08-30,2026-10-09
OLAELEC,133.08,2024-08-16,2026-10-09
OLECTRA,2034.2,2024-02-23,2026-10-09
OMNI,732.6,2026-08-05,2026-10-09
ONESOURCE,2194.0,2025-06-27,2026-10-09
ONGC,332.55,2024-08-09,2026-10-09
OSWALPUMPS,873.8,2025-08-22,2026-10-09
PAGEIND,53453.2,2022-10-07,2026-10-09
PAISALO,95.45,2024-03-02,2026-10-09
PARADEEP,224.77,2025-08-08,2026-10-09
PARAS,1527.3,2026-08-18,2026-10-09
PARKHOSPS,299.3,2026-06-30,2026-10-09
PATANJALI,657.7,2025-04-17,2026-10-09
PAYTM,1849.9,2026-09-18,2026-10-09
PCBL,573.45,2024-09-27,2026-10-09
PCJEWELLER,58.74,2018-01-19,2026-10-09
PDSL,627.25,2023-10-27,2026-10-09
PERSISTENT,6563.5,2025-12-22,2026-10-09
PETRONET,372.4,2024-07-26,2026-10-09
PFC,555.15,2024-07-12,2026-10-09
PFOCUS,357.45,2026-09-22,2026-10-09
PGEL,1016.65,2025-01-03,2026-10-09
PGHL,7379.45,2021-02-12,2026-10-09
PGIL,1329.1,2026-09-25,2026-10-09
PHOENIXLTD,2154.0,2026-07-13,2026-10-09
PICCADIL,985.1,2024-12-27,2026-10-09
PIDILITIND,1701.5,2026-08-12,2026-10-09
PIIND,4716.0,2024-09-20,2026-10-09
PINELABS,250.89,2025-11-14,2026-10-09
PIRAMALFIN,2310.5,2026-09-09,2026-10-09
PNB,207.8,2017-11-03,2026-10-09
PNBHOUSING,1361.19,2017-06-16,2026-10-09
PNCINFRA,559.3,2024-05-24,2026-10-09
PNGJL,769.2,2024-12-06,2026-10-09
POLICYBZR,2215.85,2025-01-03,2026-10-09
POLYCAB,10083.0,2026-06-19,2026-10-09
POLYMED,3128.9,2024-11-01,2026-10-09
POONAWALLA,542.5,2025-10-15,2026-10-09
POWERGRID,358.25,2024-08-02,2026-10-09
POWERICA,661.85,2026-06-24,2026-10-09
POWERINDIA,38445.0,2026-05-29,2026-10-09
POWERMECH,3444.15,2024-08-23,2026-10-09
PPLPHARMA,281.95,2024-11-01,2026-10-09
PRAJIND,836.35,2025-01-03,2026-10-09
PRECWIRE,516.6,2026-10-07,2026-10-09
PREMIERENE,1324.7,2025-01-03,2026-10-09
PRESTIGE,1983.2,2024-06-21,2026-10-09
PRICOLLTD,806.55,2026-08-17,2026-10-09
PRIVISCL,3750.8,2026-07-02,2026-10-09
PTC,243.95,2024-02-02,2026-10-09
PTCIL,24685.0,2026-10-07,2026-10-09
PURVA,527.6,2024-07-05,2026-10-09
PVRINOX,2144.25,2022-07-29,2026-10-09
PWL,155.24,2025-11-18,2026-10-09
QPOWER,1648.8,2026-10-06,2026-10-09
QUESS,573.97,2018-06-15,2026-10-09
RADICO,4732.9,2026-08-18,2026-10-09
RAILTEL,596.9,2024-07-12,2026-10-09
RAIN,447.95,2018-01-12,2026-10-09
RAINBOW,1649.75,2024-11-14,2026-10-09
RALLIS,379.45,2025-08-14,2026-10-09
RAMCOCEM,1204.9,2026-02-09,2026-10-09
RATEGAIN,990.05,2026-08-21,2026-10-09
RATNAMANI,3822.9,2023-12-01,2026-10-09
RAYMONDLSL,2725.55,2024-09-06,2026-10-09
RBA,180.9,2020-12-24,2026-10-09
RBLBANK,687.35,2019-05-31,2026-10-09
RCF,228.36,2024-07-12,2026-10-09
RECLTD,637.35,2024-07-12,2026-10-09
REDINGTON,412.75,2026-10-05,2026-10-09
REFEX,573.75,2024-09-27,2026-10-09
RELAXO,1436.2,2021-11-04,2026-10-09
RELIANCE,1596.73,2024-07-12,2026-10-09
RELIGARE,309.45,2024-12-20,2026-10-09
RENUKA,63.5,2022-10-14,2026-10-09
RESPONIND,351.15,2023-09-29,2026-10-09
RHIM,865.4,2023-01-13,2026-10-09
RITES,395.93,2024-03-02,2026-10-09
RKFORGE,1020.9,2024-10-18,2026-10-09
ROUTE,2223.1,2021-10-14,2026-10-09
RPOWER,69.18,2025-06-27,2026-10-09
RRKABEL,2928.4,2026-08-31,2026-10-09
RTNPOWER,19.15,2024-05-31,2026-10-09
RUBICON,1860.6,2026-09-08,2026-10-09
RVNL,626.75,2024-07-12,2026-10-09
SAFARI,2715.05,2024-12-13,2026-10-09
SAGILITY,54.58,2025-10-30,2026-10-09
SAIL,206.06,2026-05-27,2026-10-09
SAILIFE,1675.4,2026-09-09,2026-10-09
SAMHI,245.82,2025-07-18,2026-10-09
SAMMAANCAP,1242.57,2018-01-25,2026-10-09
SANDUMA,264.71,2026-01-02,2026-10-09
SANSERA,4662.4,2026-09-25,2026-10-09
SAPPHIRE,372.75,2024-09-27,2026-10-09
SARDAEN,612.7,2026-04-27,2026-10-09
SAREGAMA,608.0,2024-10-04,2026-10-09
SBFC,119.02,2025-07-11,2026-10-09
SBICARD,1139.85,2021-10-08,2026-10-09
SBILIFE,2109.6,2026-02-23,2026-10-09
SBIN,1227.8,2026-02-23,2026-10-09
SCHAEFFLER,4825.6,2024-06-14,2026-10-09
SCHNEIDER,1501.0,2026-07-06,2026-10-09
SCI,345.65,2024-07-12,2026-10-09
SEDEMAC,3547.8,2026-09-28,2026-10-09
SENCO,732.15,2024-09-27,2026-10-09
SENORES,1550.9,2026-08-19,2026-10-09
SFL,1938.23,2022-04-13,2026-10-09
SGMART,842.3,2026-08-26,2026-10-09
SHADOWFAX,294.85,2026-10-09,2026-10-09
SHAILY,3457.9,2026-08-11,2026-10-09
SHAKTIPUMP,1277.9,2025-01-10,2026-10-09
SHARDACROP,1256.0,2026-02-13,2026-10-09
SHAREINDIA,392.87,2024-02-23,2026-10-09
SHILCTECH,6007.75,2025-06-06,2026-10-09
SHILPAMED,1073.7,2026-10-06,2026-10-09
SHREECEM,31748.75,2021-04-09,2026-10-09
SHREEJISPG,811.8,2026-10-09,2026-10-09
SHRIPISTON,4749.2,2026-09-29,2026-10-09
SHRIRAMFIN,1141.0,2026-08-06,2026-10-09
SHYAMMETL,1105.8,2026-09-23,2026-10-09
SIEMENS,4521.89,2024-07-05,2026-10-09
SIGMAADV,1130.6,2026-10-05,2026-10-09
SIGNATURE,1588.3,2024-09-27,2026-10-09
SJS,2561.7,2026-08-24,2026-10-09
SJVN,150.69,2024-07-12,2026-10-09
SKIPPER,622.55,2024-12-13,2026-10-09
SKYGOLD,921.0,2026-10-09,2026-10-09
SMLMAH,6825.5,2026-09-25,2026-10-09
SOBHA,2122.99,2024-06-14,2026-10-09
SOLARINDS,22455.0,2026-09-08,2026-10-09
SONACOMS,833.0,2026-09-23,2026-10-09
SONATSOFTW,839.35,2024-02-23,2026-10-09
SOUTHBANK,49.95,2026-09-25,2026-10-09
SPARC,516.05,2018-01-12,2026-10-09
SPLPETRO,892.1,2024-07-19,2026-10-09
SRF,3230.5,2025-07-04,2026-10-09
STAR,1235.1,2026-09-21,2026-10-09
STARHEALTH,906.85,2021-12-10,2026-10-09
STLTECH,1016.8,2026-10-07,2026-10-09
STYLAMIND,3736.4,2026-08-18,2026-10-09
SUBROS,1194.2,2025-09-29,2026-10-09
SUDARSCHEM,1523.8,2025-09-23,2026-10-09
SUDEEPPHRM,1344.2,2026-09-08,2026-10-09
SUMICHEM,630.65,2025-08-01,2026-10-09
SUNDARMFIN,5581.5,2026-03-05,2026-10-09
SUNDRMFAST,1434.25,2024-10-11,2026-10-09
SUNFLAG,474.4,2026-10-07,2026-10-09
SUNPHARMA,2001.1,2026-07-30,2026-10-09
SUNTECK,625.5,2024-08-23,2026-10-09
SUNTV,1077.1,2018-01-12,2026-10-09
SUPREMEIND,6039.75,2024-07-05,2026-10-09
SUPRIYA,1052.5,2026-06-01,2026-10-09
SURYAROSNI,402.48,2024-01-12,2026-10-09
SUVEN,392.05,2026-08-31,2026-10-09
SUZLON,83.45,2024-09-20,2026-10-09
SWANCORP,787.15,2024-12-13,2026-10-09
SWIGGY,597.45,2024-12-20,2026-10-09
SWSOLAR,820.65,2024-05-18,2026-10-09
SYNGENE,940.8,2024-11-29,2026-10-09
SYRMA,1782.9,2026-09-30,2026-10-09
TANLA,2061.7,2022-01-14,2026-10-09
TARC,266.1,2024-10-04,2026-10-09
TARIL,619.6,2025-01-03,2026-10-09
TATACAP,382.7,2026-08-06,2026-10-09
TATACHEM,1315.25,2024-03-07,2026-10-09
TATACOMM,2126.45,2024-09-27,2026-10-09
TATACONSUM,1271.0,2026-05-11,2026-10-09
TATAELXSI,10238.05,2022-08-12,2026-10-09
TATAINVEST,1058.0,2025-10-01,2026-10-09
TATAPOWER,485.5,2024-09-27,2026-10-09
TATASTEEL,221.13,2026-05-14,2026-10-09
TATATECH,1242.2,2023-12-15,2026-10-09
TBOTEK,1902.9,2024-06-28,2026-10-09
TCS,4553.75,2024-08-30,2026-10-09
TDPOWERSYS,821.1,2026-10-07,2026-10-09
TECHM,1796.4,2024-12-13,2026-10-09
TECHNOE,1731.4,2024-10-18,2026-10-09
TEGA,2182.1,2024-11-08,2026-10-09
TEJASNET,1439.1,2024-07-05,2026-10-09
TENNIND,651.35,2026-05-06,2026-10-09
TEXRAIL,287.67,2024-07-12,2026-10-09
THANGAMAYL,7309.5,2026-07-27,2026-10-09
THELEELA,602.45,2026-10-07,2026-10-09
THERMAX,5631.05,2024-07-05,2026-10-09
THOMASCOOK,257.41,2024-07-05,2026-10-09
THYROCARE,649.35,2026-08-11,2026-10-09
TI,601.5,2026-09-23,2026-10-09
TIINDIA,4624.55,2024-10-25,2026-10-09
TIMETECHNO,246.75,2024-12-13,2026-10-09
TIMEX,735.5,2026-10-05,2026-10-09
TIMKEN,4579.35,2024-06-14,2026-10-09
TIPSMUSIC,925.1,2024-11-14,2026-10-09
TITAGARH,1859.85,2024-06-28,2026-10-09
TITAN,5169.2,2026-08-28,2026-10-09
TMB,942.45,2026-09-03,2026-10-09
TMCV,505.3,2026-02-27,2026-10-09
TMPV,675.59,2024-07-26,2026-10-09
TORNTPHARM,5122.8,2026-07-31,2026-10-09
TORNTPOWER,1973.65,2024-10-18,2026-10-09
TRANSRAILL,799.3,2025-09-19,2026-10-09
TRENT,5489.97,2024-10-11,2026-10-09
TRIDENT,64.8,2022-01-14,2026-10-09
TRITURBINE,810.0,2024-08-16,2026-10-09
TTKPRESTIG,1141.44,2021-11-04,2026-10-09
TTML,263.2,2022-01-07,2026-10-09
TVSMOTOR,4466.2,2026-08-10,2026-10-09
TVSSCS,230.9,2023-09-08,2026-10-09
UBL,2235.8,2025-02-01,2026-10-09
UCOBANK,60.6,2024-02-16,2026-10-09
UJJIVANSFB,72.47,2026-08-14,2026-10-09
ULTRACEMCO,13052.0,2026-02-18,2026-10-09
UNIMECH,1873.1,2026-10-06,2026-10-09
UNIONBANK,202.27,2026-02-27,2026-10-09
UNITDSPR,1682.45,2025-01-03,2026-10-09
UNOMINDA,1366.3,2025-10-07,2026-10-09
UPL,805.35,2026-01-01,2026-10-09
URBANCO,186.73,2025-09-22,2026-10-09
USHAMART,535.05,2026-09-23,2026-10-09
UTIAMC,1431.6,2025-07-18,2026-10-09
UTLSOLAR,483.95,2026-08-19,2026-10-09
V2RETAIL,256.4,2026-06-04,2026-10-09
VAIBHAVGBL,996.7,2021-05-07,2026-10-09
VAML,495.9,2026-06-15,2026-10-09
VBL,670.66,2024-07-26,2026-10-09
VEDL,354.7,2026-05-27,2026-10-09
VEDPOWER,48.64,2026-07-02,2026-10-09
VESUVIUS,602.75,2025-06-06,2026-10-09
VGUARD,524.15,2024-08-16,2026-10-09
VIJAYA,1570.7,2026-09-23,2026-10-09
VIKRAMSOLR,378.8,2025-09-10,2026-10-09
VIPIND,741.4,2022-04-01,2026-10-09
VISL,42.65,2026-07-02,2026-10-09
VIYASH,303.45,2021-07-16,2026-10-09
VMART,1117.36,2024-10-11,2026-10-09
VMM,152.59,2025-09-12,2026-10-09
VOGL,44.59,2026-07-02,2026-10-09
VOLTAMP,14457.6,2024-08-23,2026-10-09
VOLTAS,1928.4,2024-09-20,2026-10-09
VTL,666.25,2026-07-03,2026-10-09
WAAREEENER,3634.2,2025-09-12,2026-10-09
WAAREERTL,2748.45,2024-04-26,2026-10-09
WABAG,2277.9,2026-09-11,2026-10-09
WAKEFIT,215.8,2026-02-11,2026-10-09
WEBELSOLAR,177.08,2025-01-03,2026-10-09
WELCORP,2842.0,2026-09-29,2026-10-09
WELENT,823.35,2026-09-18,2026-10-09
WELSPUNLIV,239.17,2026-10-01,2026-10-09
WESTLIFE,985.5,2023-09-08,2026-10-09
WEWORK,755.4,2026-08-07,2026-10-09
WHIRLPOOL,2672.55,2021-01-22,2026-10-09
WIPRO,357.68,2021-12-31,2026-10-09
WOCKPHARMA,2329.7,2026-09-23,2026-10-09
YATHARTH,1162.2,2026-09-23,2026-10-09
YESBANK,393.2,2018-08-17,2026-10-09
ZAGGLE,562.15,2025-01-03,2026-10-09
ZEEL,600.35,2018-01-19,2026-10-09
ZENSARTECH,967.75,2025-02-01,2026-10-09
ZENTEC,2533.45,2025-01-03,2026-10-09
ZFCVINDIA,2903.44,2024-05-31,2026-10-09
ZYDUSLIFE,1300.9,2024-08-09,2026-10-09
ZYDUSWELL,602.5,2026-07-20,2026-10-09
