index,date,action,side,name,reason
NIFTY_NEXT_50,2020-06-26,OUT,nse,Vodafone Idea Ltd.,"same event, company named differently in the two sources"
NIFTY_NEXT_50,2020-06-26,OUT,mine,Idea Cellular Ltd.,"same event, company named differently in the two sources"
NIFTY_500,2010-04-08,IN,nse,JSW Holdings Ltd.,"same event, company named differently in the two sources"
NIFTY_500,2010-04-15,OUT,nse,Zee Media Corporation Ltd.,"same event, company named differently in the two sources"
NIFTY_500,2010-09-17,OUT,nse,Future Retail Ltd.,"same event, company named differently in the two sources"
NIFTY_500,2011-01-20,OUT,nse,Next Mediaworks Ltd.,"NSE's workbook names Next Mediaworks; the press release ind_prs18012011 (ex-date 2011-01-20, scheme of arrangement) names Mid-Day Multimedia. The press release is followed."
NIFTY_500,2011-03-25,IN,nse,Future Retail Ltd.,"same event, company named differently in the two sources"
NIFTY_500,2011-03-25,IN,nse,Pipavav Defence and Offshore Engineering Company Ltd.,"same event, company named differently in the two sources"
NIFTY_500,2011-05-18,OUT,nse,Essar Ports Ltd.,"same event, company named differently in the two sources"
NIFTY_500,2011-11-22,IN,nse,Future Consumer Enterprise Ltd.,"same event, company named differently in the two sources"
NIFTY_500,2012-04-09,OUT,nse,Zuari Global Ltd.,"same event, company named differently in the two sources"
NIFTY_500,2012-04-27,OUT,nse,Paper Products Ltd.,"same event, company named differently in the two sources"
NIFTY_500,2013-04-01,IN,nse,Dr. Datsons Labs Ltd.,"same event, company named differently in the two sources"
NIFTY_500,2013-06-11,OUT,nse,Future Consumer Enterprise Ltd.,"same event, company named differently in the two sources"
NIFTY_500,2014-09-19,OUT,nse,Polaris Financial Technology Ltd.,"same event, company named differently in the two sources"
NIFTY_500,2016-09-30,IN,nse,Infibeam Incorporation Ltd.,"same event, company named differently in the two sources"
NIFTY_500,2017-09-05,OUT,nse,Reliance Capital Ltd.,the workbook lists this event twice on 2017-09-05; the reconstruction has it once (ind_prs29082017 rescheduled it from 2017-09-29)
NIFTY_500,2017-09-05,IN,nse,Max Financial Services Ltd.,the workbook lists this event twice on 2017-09-05; the reconstruction has it once (ind_prs29082017 rescheduled it from 2017-09-29)
NIFTY_500,2018-04-02,IN,nse,Security and Intelligence Services (India) Ltd.,"same event, company named differently in the two sources"
NIFTY_500,2019-09-27,IN,nse,IIFL Finance Ltd.,"same event, company named differently in the two sources"
NIFTY_500,2019-12-27,IN,nse,Westlife Development Ltd.,"same event, company named differently in the two sources"
NIFTY_500,2012-04-09,OUT,mine,Zuari Industries Limited,"same event, company named differently in the two sources"
NIFTY_500,2013-06-11,OUT,mine,Future Ventures India Limited,"same event, company named differently in the two sources"
NIFTY_500,2011-03-25,IN,mine,Pantaloon Retail (India) Ltd.,"same event, company named differently in the two sources"
NIFTY_500,2011-03-25,IN,mine,Pipavav Shipyard Ltd.,"same event, company named differently in the two sources"
NIFTY_500,2010-04-15,OUT,mine,Zee News Limited,"same event, company named differently in the two sources"
NIFTY_500,2011-05-18,OUT,mine,Essar Shipping Ports & Logistics Limited,"same event, company named differently in the two sources"
NIFTY_500,2016-09-30,IN,mine,Infibeam Avenues Ltd.,"same event, company named differently in the two sources"
NIFTY_500,2013-04-01,IN,mine,Aanjaneya Lifecare Ltd.,"same event, company named differently in the two sources"
NIFTY_500,2012-04-27,OUT,mine,Huhtamaki PPL Ltd.,"same event, company named differently in the two sources"
NIFTY_500,2010-09-17,OUT,mine,Pantaloon Retail (India) Ltd.,"same event, company named differently in the two sources"
NIFTY_500,2019-12-27,IN,mine,Westlife Foodworld Ltd.,"same event, company named differently in the two sources"
NIFTY_500,2019-09-27,IN,mine,IIFL Holdings Ltd.,"same event, company named differently in the two sources"
NIFTY_500,2011-11-22,IN,mine,Future Ventures India Limited,"same event, company named differently in the two sources"
NIFTY_500,2011-01-20,OUT,mine,Mid-Day Multimedia Ltd.,"same event, company named differently in the two sources"
NIFTY_500,2014-09-19,OUT,mine,Polaris Consulting & Services Ltd.,"same event, company named differently in the two sources"
NIFTY_500,2018-04-02,IN,mine,SIS Ltd.,"same event, company named differently in the two sources"
NIFTY_500,2010-04-08,IN,mine,Jindal SouthWest Hold Ltd.,"same event, company named differently in the two sources"
