symbol,company,industry,confidence,basis,source_url
3IINFOTECH,3i Infotech Ltd.,Information Technology,high,IT services and software,
8KMILES,8K Miles Soft Services Ltd.,Information Technology,medium,cloud computing / IT services,
ABGSHIP,ABG Shipyard Ltd.,Capital Goods,high,shipbuilding,
ABIRLANUVO,Aditya Birla Nuvo Ltd.,Diversified,high,"conglomerate (rayon, insulators, telecom, financial services)",
ACLGATI,Allcargo Gati Ltd.,Services,high,express logistics,
ADVANTA,Advanta Ltd.,Fast Moving Consumer Goods,medium,hybrid seeds (agri products),https://www.dealstreetasia.com/stories/india-agri-seed-company-adavanta-to-merge-with-group-company-upl-20672
AFTEK,Aftek Ltd.,Information Technology,medium,software services,
AGCNET,AGC Networks Ltd.,Information Technology,medium,ICT solutions and systems integration,https://www.morningstar.com/stocks/xnse/agcnet/quote
AKSHOPTFBR,Aksh Optifibre Ltd.,Telecommunication,high,optical fibre / telecom equipment,
ALBK,Allahabad Bank,Financial Services,high,public sector bank,
ALFALAVAL,Alfa Laval (India) Limited,Capital Goods,high,"industrial equipment (heat exchangers, separators)",
ALOKTEXT,Alok Industries Ltd.,Textiles,high,integrated textiles,
AMTEKAUTO,Amtek Auto Ltd.,Automobile and Auto Components,high,"auto components (forgings, castings)",
ANDHRABANK,Andhra Bank,Financial Services,high,public sector bank,
ANDPAPER,Andhra Paper Ltd.,Forest Materials,high,paper manufacturing (Andhra Paper),
ANSALAPI,Ansal Properties & Infrastructure Ltd.,Realty,high,real estate developer,
ARSHIYA,Arshiya International Ltd.,Services,high,logistics / FTWZ,
ARSSINFRA,ARSS Infrastructure Projects Ltd.,Construction,high,civil construction EPC,
ASIANELEC,Asian Electronics Ltd.,Capital Goods,medium,energy-efficient lighting systems,https://www.indiainfoline.com/company/asian-electronics-ltd/summary
ATFL,Agro Tech Foods Ltd.,Fast Moving Consumer Goods,high,edible oils and packaged foods,
BALLARPUR,Ballarpur Industries Ltd.,Forest Materials,high,paper manufacturing,
BARBEQUE,Barbeque Nation Hospitality Ltd.,Consumer Services,high,restaurants,
BHARATFIN,Bharat Financial Inclusion Ltd.,Financial Services,high,microfinance NBFC,
BINANICEM,Binani Cement Ltd.,Construction Materials,high,cement,
BRFL,Bombay Rayon Fashions Ltd.,Textiles,high,fabrics and garments,
CAIRN,Cairn India Ltd.,Oil Gas & Consumable Fuels,high,oil and gas exploration and production,
CAPF,Capital First Ltd.,Financial Services,high,NBFC,
CAROLINFO,Carol Info Services Limited,Fast Moving Consumer Goods,low,Wockhardt promoter-group co; nutrition contract manufacturing,https://www.zaubacorp.com/CAROL-INFO-SERVICES-LIMITED-U74999MH1979PLC021942
CASTEXTECH,Castex Technologies Ltd.,Automobile and Auto Components,high,iron castings for automobiles (ex-Amtek India),https://www.investing.com/equities/amtek-india-company-profile
CASTROL,Castrol (India) Ltd.,Oil Gas & Consumable Fuels,high,lubricants,
CHEMPLAST,Chemplast Sanmar Limited,Chemicals,high,PVC and chemicals,
CLNINDIA,Clariant Chemicals (India) Ltd.,Chemicals,high,specialty chemicals,
CMC,CMC Ltd.,Information Technology,high,IT services (Tata group),
COREEDUTEC,CORE Education & Technologies Ltd.,Consumer Services,medium,education technology / services,
CORPBANK,Corporation Bank,Financial Services,high,public sector bank,
COX&KINGS,Cox & Kings Ltd.,Consumer Services,high,tour and travel services,
DALMIABHA,Dalmia Bharat Ltd.,Construction Materials,high,cement (holding co of Dalmia cement),
DCHL,Deccan Chronicle Holdings Limited,Media Entertainment & Publication,high,newspaper publishing,
DENABANK,Dena Bank,Financial Services,high,public sector bank,
DFMFOODS,DFM Foods Ltd.,Fast Moving Consumer Goods,high,packaged snack foods,
DHANI,Dhani Services Ltd.,Financial Services,high,financial services (Indiabulls Ventures),
DHFL,Dewan Housing Finance Corporation Ltd.,Financial Services,high,housing finance,
DISHMAN,Dishman Pharmaceuticals & Chemicals Ltd.,Healthcare,high,pharma CRAMS / APIs,
DRDATSONS,Dr. Datsons Labs Ltd.,Healthcare,medium,pharma APIs / formulations,
DSKULKARNI,D. S. Kulkarni Developers Ltd.,Realty,high,real estate developer,
EDUCOMP,Educomp Solutions Ltd.,Consumer Services,medium,education services / edtech,
ELDERPHARM,Elder Pharmaceuticals Ltd.,Healthcare,high,pharmaceuticals,
EQUITAS,Equitas Holdings Ltd.,Financial Services,high,holding co of small finance bank / microfinance,
ERAINFRA,Era Infra Engineering Ltd.,Construction,high,infrastructure EPC,
EROSMEDIA,Eros Intl Media Ltd.,Media Entertainment & Publication,high,film production and distribution,
ESSAROIL,Essar Oil Ltd.,Oil Gas & Consumable Fuels,high,oil refining and marketing,
ESSARSHIP,Essar Shipping Ports & Logistics Limited,Services,high,"shipping, ports and logistics",
ESSDEE,Ess Dee Aluminium Ltd.,Capital Goods,medium,aluminium foil pharma packaging (NSE Packaging is under Capital Goods),https://www.indiainfoline.com/company/ess-dee-aluminium-ltd/summary
EXCELCROP,Excel Crop Care Ltd.,Chemicals,high,agrochemicals,
FCONSUMER,Future Consumer Ltd.,Fast Moving Consumer Goods,high,FMCG and food brands,
FEL,Future Enterprises Ltd.,Consumer Services,medium,"retail (Future group, retail infrastructure)",
FIRSTLEASE,First Leasing Co. of India Ltd.,Financial Services,high,NBFC leasing,
FKONCO,Fresenius Kabi Oncology Limited,Healthcare,high,oncology pharmaceuticals,
FLEXITUFF,Flexituff International Ltd.,Textiles,medium,technical textiles / FIBC bags,
FLFL,Future Lifestyle Fashions Ltd.,Consumer Services,high,fashion retail,
FRETAIL,Future Retail Ltd.,Consumer Services,high,retail chains (Big Bazaar),
FUTUREVENT,Future Ventures India Limited,Fast Moving Consumer Goods,medium,Future group consumer brands (later Future Consumer),
GAMMNINFRA,Gammon Infrastructure Projects Ltd.,Construction,high,infrastructure project developer,
GAMMONIND,Gammon India Ltd.,Construction,high,EPC construction,
GARDENSILK,Garden Silk Mills Ltd.,Textiles,high,polyester yarn and fabrics,
GDL,Gateway Distriparks Ltd.,Services,high,container freight stations / logistics,
GEODESIC,Geodesic Ltd.,Information Technology,medium,software products,
GEOMETRIC,Geometric Ltd.,Information Technology,high,engineering software services,
GITANJALI,Gitanjali Gems Ltd.,Consumer Durables,high,gems and jewellery,
GLOBOFFS,Global Offshore Services Ltd.,Oil Gas & Consumable Fuels,medium,offshore support vessels for oil and gas (NSE oil equipment & services),https://trendlyne.com/equity/about/467/GLOBOFFS/global-offshore-services-ltd/
GOODYEAR,Goodyear India Ltd.,Automobile and Auto Components,high,tyres,
GRAUWEIL,Grauer & Weil (India) Ltd.,Chemicals,medium,"surface finishing chemicals, paints, lubricants",
GRUH,Gruh Finance Ltd.*,Financial Services,high,housing finance,
GSKCONS,GlaxoSmithkline Consumer Healthcare Ltd.*,Fast Moving Consumer Goods,high,health food drinks (Horlicks),
GTOFFSHORE,GOL Offshore Ltd.,Oil Gas & Consumable Fuels,medium,offshore oilfield vessels and services,
GUJFLUORO,Gujarat Fluorochemicals Ltd.,Chemicals,high,fluorochemicals and refrigerants,
GUJNRECOKE,Gujarat NRE Coke Ltd.,Oil Gas & Consumable Fuels,medium,met coke and coking coal mining (NSE Coal covers coke),https://www.bloomberg.com/profile/company/GNC:IN
GUJRATGAS,Gujarat Gas Co. Ltd.,Oil Gas & Consumable Fuels,high,city gas distribution,
HCL-INSYS,HCL Infosystems Ltd.,Information Technology,high,IT hardware and services,
HDFC,Housing Development Finance Corporation Ltd.,Financial Services,high,housing finance,
HEXAWARE,Hexaware Technologies Ltd.*,Information Technology,high,IT services,
HIL,HIL Ltd.,Construction Materials,medium,fibre cement roofing sheets and building products (kaggle 2024 basic industry is home furnishing),https://www.hil-limited.in/company-profile.html
HIMACHLFUT,Himachal Futuristic Communications,Telecommunication,high,telecom equipment and services (HFCL),
HINDMOTOR,Hindustan Motors Ltd.,Automobile and Auto Components,high,passenger cars (Ambassador),
HINVDIR,HSBC Invest Direct (India) Limited,Financial Services,high,stockbroking,
HOTELEELA,Hotel Leela Venture Ltd.,Consumer Services,high,hotels,
ICSA,ICSA (India) Ltd.,Information Technology,medium,IT solutions for power utilities,
IDFC,IDFC Ltd.,Financial Services,high,infrastructure finance / holding company,
IL&FSTRANS,IL&FS Transportation Networks Ltd.,Construction,high,road BOT developer,
INDIABULLS,Indiabulls Financial Services Limited,Financial Services,high,NBFC,
INEOSSTYRO,INEOS Styrolution India Ltd.,Chemicals,high,styrenics / ABS polymers,
INFINITE,Infinite Computer Solutions (India) Ltd,Information Technology,high,IT services,
INGVYSYABK,ING Vysya Bank Ltd.,Financial Services,high,private bank,
INNOIND,Innoventive Industries Ltd.,Metals & Mining,medium,"precision steel tubes, CR coils, auto components",https://in.investing.com/equities/innoventive-industries-ltd-company-profile
INOXLEISUR,Inox Leisure Ltd.,Media Entertainment & Publication,high,multiplex cinemas (NSE film exhibition),
ISEC,ICICI Securities Ltd.,Financial Services,high,stockbroking,
IVRCLINFRA,IVRCL Ltd.,Construction,high,EPC construction,
JBFIND,JBF Industries Ltd.,Textiles,medium,polyester yarn and PET chips,
JETAIRWAYS,Jet Airways (India) Ltd.,Services,high,airline,
JMCPROJECT,JMC Projects (India) Ltd.,Construction,high,civil construction,
JMTAUTOLTD,JMT Auto Ltd.,Automobile and Auto Components,high,auto components,
JPINFRATEC,Jaypee Infratech Ltd.,Construction,medium,Yamuna Expressway and land/real estate development (Realty also plausible),https://en.wikipedia.org/wiki/Jaypee_Infratech
JSLHISAR,Jindal Stainless (Hisar) Ltd.,Metals & Mining,high,stainless steel,
JSWISPAT,JSW ISPAT Steel Limited,Metals & Mining,high,steel,
JSWISPL,JSW Ispat Special Products Ltd.,Metals & Mining,high,sponge iron and steel (ex-Monnet Ispat),
KEMROCK,Kemrock Industries and Exports Ltd.,Capital Goods,medium,FRP/GRP composite products,https://www.indiainfoline.com/company/kemrock-industries-exports-ltd/summary
KENNAMET,Kennametal India Ltd.,Capital Goods,high,cutting tools and machine tools,
KGL,Karuturi Global Ltd.,Fast Moving Consumer Goods,medium,cut roses floriculture and agriculture,https://www.ide.go.jp/English/Data/Africa_file/Company/ethiopia03.html
KIRLFER,Kirloskar Ferrous Industries Ltd.,Metals & Mining,medium,pig iron and grey iron castings,
KIRLOSOIL,Kirloskar Oil Engines Limited,Capital Goods,high,"diesel engines, gensets",
KOHINOOR,Kohinoor Foods Ltd.,Fast Moving Consumer Goods,high,basmati rice and packaged foods,
KOUTONS,Koutons Retail India Ltd.,Textiles,medium,"apparel brands and retail (Koutons, Charlie Outlaw)",
KPIT,KPIT Technologies Ltd.,Information Technology,high,"IT services (old KPIT, later Birlasoft)",
KSK,KSK Energy Ventures Ltd.,Power,high,thermal power developer,
KSOILS,K S Oils Limited,Fast Moving Consumer Goods,high,edible oils,
KWALITY,Kwality Ltd.,Fast Moving Consumer Goods,high,dairy products,
LAKSHMIEFL,Lakshmi Energy & Foods Ltd.,Fast Moving Consumer Goods,medium,"rice milling/processing, biomass power",
LAKSHVILAS,Lakshmi Vilas Bank Ltd.,Financial Services,high,private sector bank,
LITL,Lanco Infratech Ltd.,Construction,medium,EPC/infrastructure contractor with power assets,
MAHINDUGIN,Mahindra Ugine Steel Co. Ltd.,Metals & Mining,high,alloy steel,
MANDHANA,Mandhana Industries Ltd.,Textiles,high,fabrics and garments,
MANGCHEFER,Mangalore Chemicals & Fertilizers Ltd.,Chemicals,high,fertilisers,
MANPASAND,Manpasand Beverages Ltd.,Fast Moving Consumer Goods,high,fruit beverages,
MAXINDIA,Max India Ltd.,Healthcare,medium,"2016-20 holding co of Max Healthcare, Max Bupa health insurance, Antara senior care",https://www.screener.in/company/MAXIND/consolidated/
MERCATOR,Mercator Ltd.,Services,medium,"shipping (tankers, bulk), dredging; plus coal mining",https://en.wikipedia.org/wiki/Mercator_(company)
METALFORGE,Metalyst Forgings Ltd.,Automobile and Auto Components,high,"auto forgings (Metalyst, ex-Amtek group)",
MICRO,Micro Inks Limited,Chemicals,high,printing inks (later Hubergroup India),https://www.printweek.in/article/micro-inks-renamed-hubergroup-india/4pkj4vvqvxt2xrjmjaa8sxyd5r
MID-DAY,Mid-Day Multimedia Ltd.,Media Entertainment & Publication,high,newspaper publishing,
MINDTREE,MindTree Ltd.,Information Technology,high,IT services,
MONNETISPA,Monnet Ispat and Energy Ltd.,Metals & Mining,high,"sponge iron, steel",
MONSANTO,Monsanto India Ltd.,Chemicals,high,agrochemicals (herbicides) and seeds,
MOSERBAER,Moser Baer India Ltd.,Information Technology,medium,"optical storage media, solar (NSE: computer hardware)",
MTEDUCARE,MT Educare Ltd.,Consumer Services,high,education/coaching,
MVL,MVL Ltd.,Realty,high,"real estate developer, Gurgaon",https://www.indiainfoline.com/company/mvl-ltd/summary
MYSOREBANK,State Bank of Mysore,Financial Services,high,public sector bank (SBI associate),
NAGARFERT,Nagarjuna Fertilizers & Chemicals Ltd.,Chemicals,high,fertilisers,
NIRMA,Nirma Ltd.,Fast Moving Consumer Goods,high,"detergents, soaps (also soda ash)",
NITINFIRE,Nitin Fire Protection Industries Ltd.,Capital Goods,medium,"fire detection/suppression systems, extinguishers",https://www.screener.in/company/NITINFIRE/consolidated/
NOIDATOLL,Noida-Toll Bridge Co. Ltd.,Construction,high,toll road asset (NSE road assets under Construction),
NOVARTIND,Novartis India Ltd.,Healthcare,high,pharmaceuticals,
OCCL,Oriental Carbon & Chemicals Ltd.,Chemicals,high,"insoluble sulphur, sulphuric acid",
OCL,OCL India Ltd.,Construction Materials,high,cement (also refractories),
ONELIFECAP,Onelife Capital Advisors Ltd.,Financial Services,high,stockbroking/advisory,
ONIDA,,Consumer Durables,medium,Onida TVs/appliances (MIRC Electronics),
OPTOCIRCUI,Opto Circuits (I) Ltd.,Healthcare,high,medical devices,
ORBITCORP,Orbit Corporation Ltd.,Realty,high,Mumbai real estate developer,
ORCHIDPHAR,,Healthcare,high,Orchid Chemicals & Pharmaceuticals - antibiotic APIs,
ORIENTBANK,Oriental Bank of Commerce,Financial Services,high,public sector bank,
PATNI,Patni Computer Systems Ltd.,Information Technology,high,IT services,
PEL,Piramal Enterprises Ltd.,Healthcare,medium,Piramal Enterprises: pharma + financial services (lending larger by 2018-20); was in Nifty Pharma,
POLARIS,Polaris Consulting & Services Ltd.,Information Technology,high,IT services/banking software,
PRICOL,Pricol Ltd.,Automobile and Auto Components,high,auto instruments/components,
PROVOGE,Provogue (India) Ltd.,Textiles,medium,apparel brand and retail,
PSL,PSL Ltd.,Metals & Mining,medium,welded steel pipes,
PUNJLLOYD,Punj Lloyd Ltd.,Construction,high,EPC contractor,
RANBAXY,Ranbaxy Laboratories Ltd.,Healthcare,high,pharmaceuticals,
RASOYPR,Rasoya Proteins Ltd.,Fast Moving Consumer Goods,medium,"soya processing, edible oil",
REIAGROLTD,Rei Agro Ltd.,Fast Moving Consumer Goods,high,basmati rice,
RELCAPITAL,Reliance Capital Ltd.,Financial Services,high,"financial services holding (AMC, insurance, lending)",
RELMEDIA,Reliance MediaWorks Ltd.,Media Entertainment & Publication,high,"film processing, cinemas, post-production",
RNAVAL,Reliance Naval and Engineering Ltd.,Capital Goods,high,shipbuilding/defence,
RNRL,Reliance Natural Resources Ltd.,Oil Gas & Consumable Fuels,medium,gas supply/transport business (merged into RPower 2010),
ROLTA,Rolta India Ltd.,Information Technology,high,IT/geospatial software,
RUCHISOYA,Ruchi Soya Industries Ltd.,Fast Moving Consumer Goods,high,"edible oils, soya foods",
SBBJ,State Bank of Bikaner & Jaipur Ltd.,Financial Services,high,public sector bank (SBI associate),
SBT,State Bank of Travancore,Financial Services,high,public sector bank (SBI associate),
SEINV,S.E. Investments Ltd.,Financial Services,medium,"NBFC, Agra",https://www.zaubacorp.com/S-E-INVESTMENT-LIMITED-U65921UP1992PLC014135
SFCL,Star Ferro & Cement Ltd.,Construction Materials,medium,holding co of Star Cement (ferro alloys demerged 2014),https://www.business-standard.com/article/news-cm/board-of-star-ferro-and-cement-approves-demerger-of-ferro-alloys-division-114082600460_1.html
SHASUNPHAR,Shasun Pharmaceuticals Ltd.,Healthcare,high,pharma APIs,
SHILPI,Shilpi Cable Tech Ltd.,Capital Goods,high,wires and cables,
SHLAKSHMI,Shri Lakshmi Cotsyn Ltd.,Textiles,high,cotton yarn/fabric,
SHREEASHTA,Shree Ashtavinayak Cine Vision Ltd.,Media Entertainment & Publication,high,film production/distribution,
SHRENUJ,Shrenuj & Co. Ltd.,Consumer Durables,medium,diamonds and jewellery,
SHRIRAMCIT,Shriram City Union Finance Ltd.,Financial Services,high,NBFC,
SINTEX,Sintex Industries Ltd.,Capital Goods,medium,plastics/building products until 2017 demerger; textiles after,
SIRPAPER,Sirpur Paper Mills Ltd.,Forest Materials,high,paper,
SITINET,Siti Networks Ltd.,Media Entertainment & Publication,high,cable TV distribution,
SKUMARSYNF,S. Kumars Nationwide Ltd.,Textiles,high,suiting fabrics/apparel,
SONASTEER,Sona Koyo Steering Systems Ltd.,Automobile and Auto Components,high,steering systems,
SPICEJET,Spicejet Ltd.,Services,high,airline,
SPTL,Sintex Plastics Technology Ltd.,Capital Goods,medium,"plastic products (water tanks, custom moulding)",
SREINFRA,SREI Infrastructure Finance Ltd.,Financial Services,high,infrastructure finance NBFC,
SRIPIPES,Srikalahasthi Pipes Ltd.,Metals & Mining,medium,"ductile iron pipes, pig iron",
STER,Sterlite Industries (India) Ltd.,Metals & Mining,high,"copper, zinc, aluminium (Vedanta group)",
STERLINBIO,Sterling Biotech Ltd,Healthcare,high,"gelatin, pharma APIs",
SUJANATOW,Sujana Towers Ltd.,Capital Goods,medium,galvanised steel transmission/telecom towers,https://in.marketscreener.com/quote/stock/SUJANA-TOWERS-LIMITED-9059896/company/
SUNCLAYLTD,Sundaram Clayton Ltd.,Automobile and Auto Components,high,aluminium die castings; TVS Motor parent,
SUPPETRO,Supreme Petrochem Ltd.,Chemicals,high,"polystyrene, petrochemicals",
SYNDIBANK,Syndicate Bank,Financial Services,high,public sector bank,
TATACOFFEE,Tata Coffee Ltd.,Fast Moving Consumer Goods,high,"coffee and tea plantations, instant coffee",
TATAMETALI,Tata Metaliks Ltd.,Metals & Mining,high,"pig iron, ductile iron pipes",
TATAMTRDVR,Tata Motors Ltd DVR,Automobile and Auto Components,high,Tata Motors DVR shares,
TATASTLBSL,Tata Steel BSL Ltd.,Metals & Mining,high,steel (ex-Bhushan Steel),
TATASTLLP,Tata Steel Long Products Ltd.,Metals & Mining,high,steel long products/sponge iron,
TCNSBRANDS,TCNS Clothing Co. Ltd.,Textiles,high,women apparel brands,
TECHNO,Techno Electric & Engineering Co. Ltd.,Construction,medium,power transmission/substation EPC; wind assets,https://www.screener.in/company/TECHNOE/consolidated/
TIDEWATER,Tide Water Oil (India) Ltd.,Oil Gas & Consumable Fuels,high,lubricants (Veedol),
TINPLATE,Tinplate Company of India Ltd.,Metals & Mining,high,tinplate,
TREEHOUSE,Tree House Education & Accessories Ltd.,Consumer Services,high,preschools/education,
TUBEINVEST,Tube Investments of India Ltd.,Automobile and Auto Components,medium,"old Tube Investments: bicycles, auto components, tubes (renamed Cholamandalam Financial Holdings 2017)",
TULIP,Tulip Telecom Ltd.,Telecommunication,high,enterprise data connectivity,
TV-18,Television Eighteen India Limited,Media Entertainment & Publication,high,TV news broadcasting,
TV18BRDCST,TV18 Broadcast Ltd.,Media Entertainment & Publication,high,TV broadcasting,
UBHOLDINGS,United Breweries (Holdings) Ltd.,Financial Services,low,"UB group holding company (investments, engineering)",
UJJIVAN,Ujjivan Financial Services Ltd.,Financial Services,high,microfinance/SFB holding,
UNITEDBNK,United Bank of India,Financial Services,high,public sector bank,
UNITY,Unity Infraprojects Ltd.,Construction,high,infrastructure contractor,
UTTAMSTL,Uttam Galva Steels Ltd.,Metals & Mining,high,galvanised/cold rolled steel,
UTVSOF,UTV Software Communications Limited,Media Entertainment & Publication,high,films and TV,
VARUNSHIP,Varun Shipping Co. Ltd.,Services,high,"shipping (LPG, tankers)",
VIDEOIND,Videocon Industries Ltd.,Consumer Durables,medium,consumer electronics/appliances; also oil & gas E&P,
VIJAYABANK,Vijaya Bank,Financial Services,high,public sector bank,
VIVIDHA,Visagar Polytex Ltd.,Textiles,high,garments/fabrics,
WYETH,Wyeth Limited,Healthcare,high,pharmaceuticals,
YAARII,,Services,low,"ex-Indiabulls Wholesale/Integrated Services: maintenance, equipment hire, later fintech app",https://www.investing.com/equities/indiabulls-wholesale-services-company-profile
ZEENEWS,Zee News Limited,Media Entertainment & Publication,high,TV news (now Zee Media),
ZUARIAGRO,Zuari Industries Limited,Chemicals,high,fertilisers (Zuari Industries pre-2012),
