Symbol,Rank,Score,3M Return,6M Return
CUPID,1,2.9024791804412495,1.3446705987976317,2.3494502758992657
WELCORP,2,2.4840116339137217,0.4781177761050104,1.382870659794785
LAURUSLABS,3,2.4451420746288286,0.37278679164870976,0.7580742672522893
DIACABS,4,2.427400813717074,0.9080387135080132,1.6397404696119526
SHILPAMED,5,2.3536688442350453,0.7003359753275449,1.4625913694281052
RUBICON,6,2.3206217290334656,0.8112766008535404,1.2739848607332651
STLTECH,7,2.3068505594761164,0.5359090053909568,3.0878121532613063
ANANDRATHI,8,2.250771613153069,0.2272283064115439,0.4617050423103213
SANSERA,9,2.2417440568262976,0.6703865840517242,0.7748367850982381
HFCL,10,2.2322117878430867,0.6392726858832665,2.103266061147027
SONACOMS,11,2.173502615963199,0.453423772540146,0.5511294050480215
RRKABEL,12,2.1222000489183634,0.4302608632717295,0.9634965218559783
RADICO,13,2.075200102197803,0.3596095571161291,0.6930010400621405
UTLSOLAR,14,2.067681117711156,0.7510909557033656,1.1320335659512604
ATHERENERG,15,2.011120293399639,0.6091613815567958,1.0108442339245882
PARAS,16,1.9740224163844886,1.0540650580353188,1.3811973662198684
BLUESTONE,17,1.9681058462889882,0.7694959129982133,0.9575786760389668
SKYGOLD,18,1.9616652158914334,0.7877725803516877,1.0903805834002922
QUESS,19,1.9216587355997432,0.7108096894116258,0.6652240416816149
AVALON,20,1.804111040207419,0.6350796525009492,1.040653780946458
AETHER,21,1.7863709760116238,0.47035609734573436,0.6531868588030783
SYRMA,22,1.784665634265607,0.5467116401693133,0.7279808878967586
AKUMS,23,1.7493419531314909,0.44421873523318434,0.5386546168647575
DIVISLAB,24,1.7423592216437027,0.25959864117688536,0.3701529991198338
HONASA,25,1.7363803028288556,0.361952585191583,0.5733951520533587
ALIVUS,26,1.7253893340410889,0.3180137970794277,0.5469915050410519
LENSKART,27,1.7141536984943173,0.31328086552657486,0.28600802787675783
CPPLUS,28,1.7118202854447444,0.3740876190853448,1.1187210734349895
NEULANDLAB,29,1.6986398703055807,0.4297213561811186,0.7138811500657416
ASTRAMICRO,30,1.6916280665188632,0.608719719049639,0.9111620535876852
VARROC,31,1.6667331223084292,0.5390152259479581,0.49073866798100196
KTKBANK,32,1.6549628551602216,0.2812435086530558,0.5110970247325617
SAILIFE,33,1.653266936349988,0.2885893541526281,0.5226668584747756
SUDEEPPHRM,34,1.6473446740786675,0.6966412318986346,0.6304682604412946
RBA,35,1.6403851190349064,0.5411573850422982,0.6396678781104155
AEGISLOG,36,1.6096956985165147,0.9726978296343567,0.952911111223282
EMIL,37,1.6067964879576255,0.626532700114389,0.8572679349190753
MARKSANS,38,1.5940347612318193,0.49641577613823196,0.79768150631334
HSCL,39,1.566491854991518,0.41406433288062816,0.6555704593142957
BOSCHLTD,40,1.562612155984005,0.3223307018352406,0.3764168588858119
FEDERALBNK,41,1.5301791502991429,0.25979189661800994,0.22990518969851315
AZAD,42,1.5072713936907831,0.48469064513879645,0.6602805975097459
KRN,43,1.4969258654773991,0.40049334519384416,0.9396354435518661
OFSS,44,1.4769141717591965,0.24610724345007173,0.7960947943307719
GLAND,45,1.4661931491835059,0.33706808753856277,0.5590814376168163
APARINDS,46,1.4616056714741221,0.41632384400197475,0.6906305244549205
SHRIPISTON,47,1.4178900842762268,0.3389233039966839,0.5031877975555159
PRICOLLTD,48,1.396525906353807,0.43916546288862834,0.3195031460274327
GRANULES,49,1.3872972802414734,0.16593449459055032,0.46432486337724677
CRAFTSMAN,50,1.3853699278804192,0.29872944741257945,0.3692340159144796
BAJAJ-AUTO,51,1.366986447442089,0.1586993739666409,0.18406770437760867
TI,52,1.3570249976393947,0.3786018436970928,0.3004344530908081
MOTHERSON,53,1.3568666958407132,0.322528109249818,0.275417654922395
RKFORGE,54,1.3508497047699173,0.33737604800164434,0.3714606963460565
MINDACORP,55,1.3384675129718415,0.4397664787607505,0.26607573410850005
TITAN,56,1.3180253239662818,0.21631941380821051,0.1937314611697083
GRWRHITECH,57,1.287742215693791,0.3189916455456683,0.6506638277719012
INOXINDIA,58,1.2859094052030315,0.39971244674742,0.7042357455026511
TDPOWERSYS,59,1.2759951358717605,0.19235308871750867,0.818379476201528
PGIL,60,1.2618585358928114,0.48775029327106356,0.4907329460473464
ASKAUTOLTD,61,1.2604048377781158,0.4239807224476748,0.44929731208188683
AUROPHARMA,62,1.2548211754894674,0.09050319815269914,0.41109010286182035
AJANTPHARM,63,1.252503001902271,0.16476899294972358,0.26394681600410985
ACMESOLAR,64,1.2212947843691813,0.33617558724467145,0.5946391186917497
RATEGAIN,65,1.2161885608248129,0.4425568309709178,0.6506302289051367
NEOGEN,66,1.2037167199076941,0.36616225865440466,0.7481212998941349
CHENNPETRO,67,1.180891613000106,0.48359477342056123,0.625410287410459
FLUOROCHEM,68,1.1697343479424136,0.26079307078089053,0.3723814460323427
NETWEB,69,1.1624659729489006,0.4026497305051484,0.5820962558854268
TVSMOTOR,70,1.1554443009021207,0.32108787460118515,0.12295296313632642
FINCABLES,71,1.1459472664099848,0.29918371781692543,0.6209293333656909
VIJAYA,72,1.1419596350454766,0.1598095973047835,0.48508524435748
ADANIENSOL,73,1.1351858086951323,0.20853722037003575,0.5499663266487154
ABB,74,1.1159029763144281,0.1970576531322017,0.31067390186466404
CEMPRO,75,1.1148273323972477,0.5088853978311509,1.190381857084565
EXIDEIND,76,1.1121723834658372,0.3648291658054532,0.3696230607027917
ACUTAAS,77,1.1116395467293403,0.21271118629958674,0.583846620630954
BHEL,78,1.0988569796956555,0.08279858251496308,0.6359943524208307
MTARTECH,79,1.095187084887673,0.00696153575697922,0.9118825100133512
HEG,80,1.092964514070908,0.22328076940826524,0.34017310838372117
SOLARINDS,81,1.092713306261378,0.12109046579930327,0.5097854536056265
JLHL,82,1.0926547689814163,0.19055623278296263,0.2919417222020626
STYL,83,1.0872402854318053,0.49414209285903654,0.5886232234253657
NAZARA,84,1.0867826078630012,0.18932922988723755,0.2856626414286487
ZENTEC,85,1.0752209473702472,0.27681438664097624,0.4909254264290186
ANTHEM,86,1.0709303217145254,0.1311661574835412,0.29990595094294203
LLOYDSME,87,1.0662337660282353,0.14298427582629158,0.601253475799522
MSTCLTD,88,1.0512695666472351,0.680249231757299,0.48974608051296764
CAPLIPOINT,89,1.027427397610047,0.2774865569669598,0.482451587913576
TMB,90,1.0260359403733879,0.2539157293767611,0.2429657537240022
THYROCARE,91,1.0248177127398475,0.3675267911694713,0.48065514049040114
ACE,92,1.024462636305158,0.34638969215427284,0.3203807740112494
LLOYDSENGG,93,0.9913765378603766,0.36288374427666636,0.8060702961280828
TORNTPHARM,94,0.9842728948480869,0.13911428279047455,0.18859286590522117
MANORAMA,95,0.9790768609698249,0.3820954929014233,0.3343900263496806
GABRIEL,96,0.9767075838926533,0.38116655581611125,0.5175992712195223
KIRLOSENG,97,0.9750108575331801,0.25270183862466045,0.505534967273799
LALPATHLAB,98,0.9729112272343913,0.15911700311620192,0.35770501494290485
TATATECH,99,0.9699117090587904,0.34235587432561587,0.3966093020306427
GAEL,100,0.9649972908791078,0.09680212586833936,0.2762013870689086
DATAPATTNS,101,0.9608693748032188,0.254287316907829,0.6239387113228947
ATLANTAELE,102,0.9600175342088677,0.08304481821860699,0.9425770077124762
PRUDENT,103,0.9592473449991392,0.22172452496967887,0.26756113537097814
STARHEALTH,104,0.9544035421142912,0.16893513383784264,0.23310809221643902
GLAXO,105,0.9524649063014727,0.2117263686678892,0.12074601587844658
CORONA,106,0.9511604574152087,0.17075417352136024,0.34177476382513894
TBOTEK,107,0.9413820830836224,0.5007073818108974,0.22178239885219453
THANGAMAYL,108,0.9410781877867427,0.5523014267809292,0.515304250260523
QPOWER,109,0.9393674288777757,0.25772530720679243,0.5059521875597905
PAYTM,110,0.9357672508896858,0.4038549078706579,0.29326446814596707
BALRAMCHIN,111,0.9331379724091758,0.21308455743926213,0.4033137881647515
WABAG,112,0.9320555695104901,0.439331464492166,0.5224230263165321
IIFL,113,0.930660939058797,0.3731490705846099,0.22279745979760635
SHAILY,114,0.9247314010741101,0.2522759755146313,0.606904481433403
KALYANKJIL,115,0.924023885433001,0.7441491296406271,0.442758205592638
AEQUS,116,0.9200968755847734,0.32966466283271534,0.7659256677341284
UJJIVANSFB,117,0.9192141703605459,0.3307478398528845,0.14181582731238596
REDINGTON,118,0.9167576819063342,0.5189052435836876,0.28471263450305573
ICIL,119,0.911553629015046,0.48533596390384814,0.4600836204337757
GNFC,120,0.9060306433947869,0.17800044068537146,0.30718259075848375
NAUKRI,121,0.8950242657381038,0.47275352345305666,0.22102486929678888
MEDANTA,122,0.8928690106801749,0.16463175188390688,0.23025457007391137
BLUEJET,123,0.8919193196912,0.4478090327975006,0.6963961742923528
IPCALAB,124,0.8878550495770429,0.15140512576462095,0.27167472542571547
NYKAA,125,0.8875477546824815,0.18573520949471534,0.1869539320366107
HAL,126,0.878145278369601,0.1798041854160124,0.2007297568885007
POWERINDIA,127,0.8740701094839487,0.07774390243902429,0.4998514998514998
KEI,128,0.8600190437982088,0.13598394077633458,0.2546398060568753
CONCORDBIO,129,0.8505709380061194,0.3937381415564607,0.36439365108940946
NAVINFLUOR,130,0.8486935878802464,0.19507790745360332,0.2920089698009811
RBLBANK,131,0.8356156943830675,0.1824144803795631,0.18168870253373193
PIDILITIND,132,0.8297937115661776,0.1584682664149013,0.12790233988300703
ENDURANCE,133,0.8127534643178075,0.20039503549168214,0.2241839591879906
APOLLOHOSP,134,0.8124586457029822,0.09859056722775628,0.15217328910130856
ARVIND,135,0.8065008590366055,0.11288617311577043,0.3943531155517477
BHARATFORG,136,0.8049295169169848,0.1092782060647437,0.18417353756700838
JINDALSAW,137,0.8023303722072835,0.2201992870457421,0.4386530406254565
SAREGAMA,138,0.8018055542983442,0.3104371515631168,0.48234111392985546
PNBHOUSING,139,0.7992598002763712,0.10403338051253685,0.33372132299165047
SIEMENS,140,0.7920079341469568,0.12911046207069443,0.2520839382698823
EMCURE,141,0.7771039264203154,0.11493301769664854,0.2850307587149692
WELSPUNLIV,142,0.7722250403353024,0.2903832899161236,0.29234035082998977
BELRISE,143,0.770327419329705,0.14766890453369586,0.27687905201012275
BALAMINES,144,0.7700751636326271,0.20229691168444996,0.9203201065866111
ELGIEQUIP,145,0.7659818082350724,0.16032135747104626,0.15211449259482457
ZYDUSLIFE,146,0.7534324094863949,0.12955821219244568,0.23015784790256633
ASTERDM,147,0.7515753161062915,0.08560082676473013,0.30879109262552906
PVRINOX,148,0.7512122202542917,0.19267779191172463,0.1451843683939631
JSFB,149,0.7452167268551865,0.23252538470078088,0.45534682230800216
PPLPHARMA,150,0.7423093903972335,0.20087958533883832,0.26626119309509444
LUMAXTECH,151,0.7420238826435726,0.24322437962732657,0.19778894521856816
KAJARIACER,152,0.7170810182412092,0.17449413238663203,0.22966225708086507
THELEELA,153,0.7150483895339725,0.24761099453784463,0.16674210906568154
UNITDSPR,154,0.6984755187731401,0.16984303999889305,0.08041731999198354
GRASIM,155,0.6970883175779697,0.11788158739684906,0.12169196009925609
ETERNAL,156,0.6965104456716733,0.32042256859660223,0.1492698503169767
KARURVYSYA,157,0.6940315810027687,0.15100605471806894,0.03096247446209066
EICHERMOT,158,0.6903686592925913,0.18083274249234638,0.019176871771213744
ADANIENT,159,0.689304949284788,0.12549370047501496,0.3690996392698265
APOLLO,160,0.684047731475699,0.2411575562700965,0.6366334111120728
TMCV,161,0.6805367394350234,0.2551904022372806,-0.024710933279589842
RAIN,162,0.6796879717804597,0.34858837518529073,0.3605314819422909
IFCI,163,0.676762566848213,0.31307292917415386,0.3032238088248571
ENTERO,164,0.6766640806314717,0.18727969628071706,0.27869151564978734
SUMICHEM,165,0.6748548118838248,0.2604538525050113,0.36932362004656594
PARKHOSPS,166,0.6747261926669943,0.1564129301355579,0.5412196394501407
KPIL,167,0.668659281997302,0.14310642672837415,0.2632508141455756
IDEA,168,0.6673687097866313,0.10575432711193078,0.23010378467618664
COFORGE,169,0.6650225838053965,0.31873985182400855,0.2950125105535044
EMMVEE,170,0.6592126918921021,0.26148970521397197,0.4720976641543879
SHRIRAMFIN,171,0.6542135116677374,0.19748214761616945,0.03892323626839933
WEWORK,172,0.6533337813593044,0.43918562943442296,0.2618465278476714
SKFINDUS,173,0.650449449719046,0.30192518678384217,0.1140679491523573
NUVAMA,174,0.6502525041462981,0.2104056887683523,0.33553324972154086
VMART,175,0.64837320082973,0.267239735856597,0.3428644228952422
SMLMAH,176,0.6481804753024054,0.5246738615707118,0.04448019280289861
CASTROLIND,177,0.6401715427609215,0.06083847606824033,0.05652018672897752
OBEROIRLTY,178,0.6375539231983973,0.17481818329646082,0.2216035617063854
IDFCFIRSTB,179,0.6177825382775687,0.2608317681222687,0.007205052707126569
AVL,180,0.6125859501263843,0.1157160635770822,0.25489597938700137
BECTORFOOD,181,0.6086478948451128,0.4472815223051889,0.1971414132518161
CARTRADE,182,0.5972506585002259,0.5748556637074713,0.38675286759199756
CARBORUNIV,183,0.5859865590087284,0.027803356773906884,0.34235340390587266
HEROMOTOCO,184,0.5843601422330762,0.17263710031202106,0.03947821807855312
UNIONBANK,185,0.5760377840451318,0.20615526925941463,-0.007581154340223661
JSWINFRA,186,0.5651062238374589,0.22627927154427074,0.2795032691594139
GRINDWELL,187,0.5545157552157307,0.14331869684737164,0.28719561095807644
AARTIIND,188,0.5540515388569024,0.15080222452758307,0.1534282452243123
NESTLEIND,189,0.544968018849692,0.02600233234433169,0.12916238842390015
SMARTWORKS,190,0.5430238332631201,0.20662140940546148,0.16006409879225303
ABCAPITAL,191,0.542570651461907,0.1491002021691452,0.1509083159552067
HINDALCO,192,0.5352346231382409,-0.003517270115531823,0.16696799332953582
J&KBANK,193,0.5308108342438536,0.1866227811461525,0.4387716428216051
RAINBOW,194,0.5288033176759144,0.08476128015435136,0.21173677151544212
M&MFIN,195,0.5279795056372039,0.24327484551836043,0.02582302979622808
SKIPPER,196,0.5250340049654585,0.19674122873333788,0.3980318117799988
MCX,197,0.5237856249558067,-0.09186473016568808,0.29876563678803825
TRAVELFOOD,198,0.5221896025108929,0.269711499468803,0.10982417323034399
ZFCVINDIA,199,0.51799489781917,0.12015809880807593,0.03382592577081689
NAM-INDIA,200,0.5123344549797605,0.10248858293740093,0.2201678372650684
LODHA,201,0.5117876367590485,0.4298964209109595,0.1067938584055046
EPL,202,0.5105371202326514,0.147875427252532,0.12106079053272967
CGCL,203,0.5023917297628818,0.21256033384886686,0.2654043720036614
CREDITACC,204,0.502071092540588,0.17462266571551832,0.1950493535656801
AARTIPHARM,205,0.49891704229129036,0.24533008810454993,0.20979352548824326
CGPOWER,206,0.4877328748797199,0.10411129793759666,0.2567025931287581
KIMS,207,0.48724725847049666,0.12150385657738227,0.147762150326594
INDGN,208,0.48343163449721616,0.11625221435064503,0.1462571479443575
AIAENG,209,0.47292295167373005,0.1513918932588758,0.1118239948557751
GOKULAGRO,210,0.47268417479925573,-0.012594034770429419,0.437666362026486
SCHNEIDER,211,0.4724211903992503,0.05836314795672215,0.3811385456895613
INDUSINDBK,212,0.4713287262768256,0.13797196243302334,0.07472787872834008
PTCIL,213,0.4700467755350641,0.21560423332512912,0.08567346265867992
MAHABANK,214,0.46951941370724826,0.05322159444458263,0.1877178310124783
CHOLAFIN,215,0.4661344489556747,0.22992337269745988,0.09446706533015425
LTF,216,0.4642082392890654,0.175567492785087,0.0913886860249522
ANANTRAJ,217,0.46292584256375746,0.3197502464673021,0.13014666131106312
MANAPPURAM,218,0.4625120472696526,0.1321232869521658,0.11911060068156831
DYNAMATECH,219,0.46031396812346637,0.10998485369493993,0.1505855086490111
ETHOSLTD,220,0.4451816326725641,0.27351818037293363,0.15198724258495622
AUBANK,221,0.44406329014356233,0.09933005807278339,0.05302491998784631
PIRAMALFIN,222,0.44356380451409066,0.09431811121706546,0.1858329638857672
SOUTHBANK,223,0.44024894322041414,0.1912055168779856,0.11212128392208931
WOCKPHARMA,224,0.4372683759583346,0.184346135012329,0.2984511786461608
HCG,225,0.4314959010357309,0.12930011862396196,0.1960800492493735
NATIONALUM,226,0.42344758886965983,-0.028717691720420158,0.1361357467273432
UNOMINDA,227,0.4230387548424215,0.19730140586985323,0.05764271153561218
APLAPOLLO,228,0.4227584856449745,0.12468011852012251,-0.05971745881357593
WESTLIFE,229,0.4210703159168374,0.26849286127987115,0.14812313036765423
TATACAP,230,0.4170914196817298,0.1997224967902782,0.02237961175458869
ADANIPOWER,231,0.41704682875737425,-0.05827632741200017,0.42930304118669005
VOLTAMP,232,0.4150168323600532,0.10366811821505983,0.2035983028564181
SUDARSCHEM,233,0.41274421164455766,0.32260505159435704,0.23571963960114606
INDIGOPNTS,234,0.412215714238467,0.20550792413613928,0.1903540277065161
BAJFINANCE,235,0.40943245651296595,0.19490230713191514,0.07503855692028338
AEGISVOPAK,236,0.40609543555569544,0.39413888874269243,0.2451883723327235
WELENT,237,0.4042940688807155,0.1802206542386826,0.15160712938332566
ENRIN,238,0.39541658024190074,0.17587481864140964,0.286046096122923
DIXON,239,0.3930735010638833,0.3173469387755101,0.23304680038204384
CUMMINSIND,240,0.38681193553968807,0.025516199725610367,0.1497943029056792
PFOCUS,241,0.3854463941661637,0.21988527154419724,0.008288318993050714
POLYMED,242,0.38399980393569594,0.22786120061981663,0.3632262810290041
DEEPAKFERT,243,0.38354896513472514,0.16158438513125284,0.43244808107796673
PRIVISCL,244,0.3822584974074284,0.1126566641015685,0.20196115269431014
LLOYDSENT,245,0.37634329786414766,0.14742396429041205,0.3496459753674017
TECHM,246,0.36915069854898325,0.14099817277221272,0.08428189099635097
INDIAGLYCO,247,0.36771387837524777,0.13472782961661478,0.2003965833254493
KPRMILL,248,0.36475774920116355,0.23804702432918567,0.24583442178441173
USHAMART,249,0.35849110365058895,0.06977782198422378,0.2009408242274595
SHAREINDIA,250,0.3507378821635326,0.278045725009737,0.25393845933136183
HONAUT,251,0.3483205854426418,0.2762145319949483,0.16679565126003593
URBANCO,252,0.34545404934746876,0.17953545063068566,0.2026520082530563
DEVYANI,253,0.3452140732014232,0.2267712976145877,0.07031137316828251
IKS,254,0.33539372724309857,0.15732731362605068,0.12619702617509154
KIRLOSBROS,255,0.32791995679193614,0.17650831689068114,0.17077761246522005
MANYAVAR,256,0.3276603889342509,0.24293004124542006,0.23321073427063754
YATHARTH,257,0.3233254606545426,0.05467470304888877,0.22983275529865121
AGARWALEYE,258,0.320049117767739,0.14015839865844182,0.11345560188033055
EQUITASBNK,259,0.3187677139548468,0.13500153468122367,0.11266154469236
VTL,260,0.3156254368465681,0.00033573177848289504,0.16933193239295008
GLENMARK,261,0.3124081560572527,-0.010214070405238584,0.14077433538659823
SHYAMMETL,262,0.3093240331772908,0.12170693711730807,0.11416731027903082
PHOENIXLTD,263,0.30917336734098155,0.12153541606929763,0.09252142142961417
POONAWALLA,264,0.3090918764262667,0.20197520736185592,0.01753671739508822
TEJASNET,265,0.3001464771069087,0.1906342973962014,0.544482464380823
MIDHANI,266,0.2999015281782077,0.09678230563455159,0.19851952636580195
OPTIEMUS,267,0.2976984332669105,0.3295591816407546,0.32254982161147727
KIRLPNU,268,0.29215393908018866,0.002410171344076728,0.37353319725430234
MARICO,269,0.2874759161444762,0.021381196731042884,0.06988694125115624
CUB,270,0.2854736774854957,0.20499331383815078,0.04348854928979162
IFBIND,271,0.28427883790504743,0.300487596144829,0.193733661974401
POLYCAB,272,0.2828339524357472,-0.0004704937782881169,0.16816022343702852
ICICIBANK,273,0.2828160290801855,0.14126513074603797,0.013944625187059634
CANHLIFE,274,0.28277537900317484,0.11501277991771053,-0.009833852352302164
PNB,275,0.28257213720323926,0.209986728880023,-0.060766315007454
PARADEEP,276,0.28178669114593263,0.22298472014219506,0.21764894699850723
SPARC,277,0.2817272802251431,0.19047038136627448,0.4607820518517194
LOTUSDEV,278,0.27230930395694525,0.21231833100861008,0.14886617487029974
CHOICEIN,279,0.2712659184138074,0.22739740482880277,0.012132214084372261
HINDCOPPER,280,0.26839561510808435,-0.022111393067650087,-0.0019319223286401455
AFFLE,281,0.2657321551280209,0.17497600423834303,0.12602829878249433
ASHOKLEY,282,0.2655653135158197,0.19296159944569102,-0.13456742643460884
HYUNDAI,283,0.26010601876017236,0.2387790979098976,-0.009076847157648782
PREMIERENE,284,0.2464632659970891,0.029790214461045794,0.3318259195873059
ASAHIINDIA,285,0.24623629853664777,0.20088451170773203,0.013937098800746117
ALKYLAMINE,286,0.24622788269003423,0.11755305738323463,0.24878100442557582
JYOTICNC,287,0.2335070740540544,0.3259736568818803,0.05589950418917922
SAPPHIRE,288,0.2325635558505264,0.2959347863837203,0.06363510206281542
ENGINERSIN,289,0.23201955825211065,0.03136180531481192,0.1498655437510965
ABSLAMC,290,0.2247510711033305,0.052056096243067174,0.14527186312705198
METROPOLIS,291,0.22420297409006393,0.09034366324840448,0.14780161806269954
PICCADIL,292,0.2118421163719755,0.19052130597668038,0.15460471650888286
PGEL,293,0.20470233916240987,0.3066942695694965,-0.04471542856497912
BERGEPAINT,294,0.19471243268600938,0.04865098046570959,0.1948790576957522
ABDL,295,0.19451905089226423,0.16810177091159817,0.1824452435590871
ARE&M,296,0.1876246970389533,0.16053137999748057,0.09945440806693617
BEML,297,0.18679351149373866,0.10693127660947344,0.10837368150834092
KRBL,298,0.18643063936177984,0.20006085872835722,0.038851574442595016
TANLA,299,0.18558136349007884,0.16481404568484015,0.2445578786054583
GRAPHITE,300,0.1848184592123561,-0.019774605191797745,0.07570377060083588
GRAVITA,301,0.17936423822706182,0.12145443697370184,0.12547079417837304
NIACL,302,0.17683008235091466,0.14224201025448102,0.2137582238677722
TIPSMUSIC,303,0.17125400158020976,0.02239219344273713,0.18598967821453205
BBOX,304,0.1647120392101887,-0.1708190739037706,0.4643565859361305
IGIL,305,0.16103811806712054,0.1203319938586902,0.05326331582895727
VIYASH,306,0.15102858280197995,0.12582052028357205,0.13341074572468448
SBIN,307,0.15034821820030717,0.12390890077596639,-0.11819596834600765
BAJAJFINSV,308,0.14947465472031563,0.15014491101250527,-0.02148939016167628
THERMAX,309,0.14742605851785542,-0.06365769879743954,0.3302824097999284
MAHSEAMLES,310,0.14731618563180868,-0.02913915881931195,0.1670128706278209
MOTILALOFS,311,0.14604587189213733,0.12417600160243802,0.20313006106177767
360ONE,312,0.1447548083808558,0.058919335819963115,0.04399563956148134
FIVESTAR,313,0.1341353556547155,0.19126139878977821,0.22420893205784242
INDHOTEL,314,0.12807451837801154,0.11325452110035883,0.03870127975573867
APLLTD,315,0.12668786578068061,0.1563018613655487,0.08038836198755495
NIVABUPA,316,0.12185226481879671,0.04763101999923891,0.09542487649356612
GODREJPROP,317,0.12054984318690312,0.19909078728556984,0.0726364633210943
OLECTRA,318,0.11923661307647984,0.10185114818244223,0.2902410200369485
JKPAPER,319,0.11142557858915149,0.04173959807524352,0.1280069757512734
TIINDIA,320,0.10982644370453269,0.05368233260809063,0.20027349322954002
CCL,321,0.1098016572822226,0.03998530320041627,0.1326973703703298
OLAELEC,322,0.10109731584155712,0.11107933106832268,0.3757533723087858
BALUFORGE,323,0.10036933832589795,0.1577310523662805,0.07262068086519302
DLF,324,0.10018477967864108,0.1870998177172769,0.059049359196597484
CEATLTD,325,0.09874788615157332,0.16503773348554351,-0.05896979776852773
MEESHO,326,0.09514174794805681,0.013655494678897817,0.2359118562625231
LGEINDIA,327,0.09216459109713623,0.08471682755932508,0.05880095548249131
INDIGO,328,0.09170100935888731,0.22085267010131981,0.048108606207203364
LXCHEM,329,0.09041544873487736,0.1577021325928991,0.2546063954591693
PNGJL,330,0.09015128167019733,0.11049977074736361,0.06508355321020232
ZEEL,331,0.08729790945700112,0.24654130955846676,0.11284698018781691
POLICYBZR,332,0.08357680492698245,0.0032030975402026485,0.16770973662720534
ADANIGREEN,333,0.07920953121559662,-0.03674218321995981,0.31856812655082467
CLEAN,334,0.07588514487781205,0.11387499085799058,0.09520055807240313
M&M,335,0.0747510555243623,0.12142496730487795,-0.020496211037308254
HAPPSTMNDS,336,0.07381306661118055,0.18679382928670263,0.09990656225957029
GOKEX,337,0.07372512930801833,0.21013895853057574,0.03582111762881146
DATAMATICS,338,0.07215492935368648,0.13220450468802913,0.12724204394597094
BAJAJHLDNG,339,0.0687397438369445,0.10520149890572861,0.003910001781959327
AARTIDRUGS,340,0.06813634246084184,0.12954357662518623,0.1043419847507514
MAZDOCK,341,0.06374430564710265,0.05805338931764181,0.08272621846977013
3MINDIA,342,0.05788965231889401,0.12407393808911515,-0.03457225142378173
LTFOODS,343,0.057106146992433465,0.05666740897492262,0.014054766551167885
SFL,344,0.05671716211948566,0.12009889974847043,0.16275729669176475
MRPL,345,0.05448530989865964,0.193942248614702,-0.04907147038231552
GVT&D,346,0.052379972771181726,-0.04920028334167581,0.12932653608800648
MPHASIS,347,0.05178048887832389,0.16679207769455284,0.02917026019550173
GODREJIND,348,0.051039902965417216,0.06828103885135128,0.2538828360412637
PCBL,349,0.04988917078605557,0.2394976321442135,0.055605207284145086
JSWENERGY,350,0.049597862590619594,0.04180735827378945,0.13350785257886733
ELLEN,351,0.04690412628204722,0.18671287321509222,0.27966936507882156
INDIANB,352,0.046771457790256356,0.10805035897476944,-0.043307846807624006
LT,353,0.043886021698247825,0.04956215625577132,-0.04945224657150471
SUPRIYA,354,0.0433291849346416,0.17105263157894735,0.16103779048318723
PETRONET,355,0.03983947661918516,0.08878918138819891,-0.05035376199346375
JUBLINGREA,356,0.034055165449633724,0.013588896432380926,0.1702868416642247
GREAVESCOT,357,0.03243414073787237,0.24830988830495326,0.20108381602189374
GMMPFAUDLR,358,0.02307614920037483,0.18138641698151803,0.04745385023805482
BDL,359,0.020929624542555262,0.0655362450566277,0.07373772508358978
SPLPETRO,360,0.016484789708860702,0.035175188775283805,0.12283178305267728
PRESTIGE,361,0.01439383829970952,0.18723792888997637,0.042511421080204004
DEEPAKNTR,362,0.0123566393013757,0.019792422643812868,0.08415341224104389
OIL,363,0.004609639182838242,-0.047722546149659095,0.06274116423766629
IMFA,364,-0.0008480045052865063,-0.018875089285276148,0.04456494146774115
REFEX,365,-0.002245282876502434,0.11717478230702438,0.23550123405157497
TEGA,366,-0.003980384613300184,0.11535989717223649,0.06505062902730896
SUNPHARMA,367,-0.006740388345344002,-0.012583177578736171,0.09128917788240054
AIIL,368,-0.009943215682706235,0.1198995465609296,0.11218686662853106
EDELWEISS,369,-0.014856021680655623,0.10670288601885147,-0.042476475186201124
BRIGADE,370,-0.015214800373911607,0.18286511041900977,0.060144386506275405
SONATSOFTW,371,-0.015543631275489248,0.21737279363568884,0.11546022916148346
BALKRISIND,372,-0.01607507428812102,0.12628895714544752,-0.06097484262773434
TITAGARH,373,-0.01818385105399028,0.10987186791154668,0.09762988354391022
TRITURBINE,374,-0.022444874462262843,-0.018855274515488407,0.20205343822189414
GROWW,375,-0.046938916982845566,0.055924264877028174,0.13270311281610936
CONCOR,376,-0.04747249832379323,0.0436228192234176,0.034145729498044064
PERSISTENT,377,-0.0476651587617641,0.11335774117977238,-0.002979089574322469
YESBANK,378,-0.04967872211834571,0.03438789630284811,0.06214687895708626
CERA,379,-0.0502668003473795,0.05604016394353062,0.12521069514747163
GAIL,380,-0.05674143631816643,0.07283733666229275,0.02737434641017633
TIMKEN,381,-0.057913704352970656,-0.038030061020435824,0.04485903195405516
JSWSTEEL,382,-0.058145662548732546,-0.01284931416827173,0.019971658156787253
BORORENEW,383,-0.05826210357583281,0.129087212810306,0.14470197602709933
ATGL,384,-0.05832852215352616,0.064705453791426,0.22330834770728347
ZYDUSWELL,385,-0.06202759395992353,0.005030082525360191,0.23993313289133789
GRSE,386,-0.06835745144753878,0.03691368115216753,0.06857737992041746
VGUARD,387,-0.07422687967310888,0.054768091648679906,0.016194721172494653
KFINTECH,388,-0.08223523095370854,0.19262014804337357,-0.06672003043734875
COHANCE,389,-0.08249632546328857,0.07137021184853465,0.40739603349225706
NMDC,390,-0.08322561658015357,-0.06390062319982603,0.053564753548349664
JSWDULUX,391,-0.09003691004680046,0.0784467358525276,0.030051469582230483
SAIL,392,-0.09566763869358465,-0.1117625370395573,0.07524649973207742
CRISIL,393,-0.1102564668396466,0.0899445141121944,-0.012492950178877527
HERITGFOOD,394,-0.1130842615147784,0.11435476845444681,0.022055336009536797
SCHAEFFLER,395,-0.11347446813617054,0.02523779630125289,0.05713446515177756
BIOCON,396,-0.11359871398469583,-0.014776201526004895,0.10819794104495162
ASIANPAINT,397,-0.1296749508382392,0.016509229993829422,0.09253532432932676
JAYNECOIND,398,-0.13001014806704467,-0.14008970490428307,0.08474781439015677
GODREJAGRO,399,-0.1320449477744143,0.07097345622017892,-0.05970229963874063
ATUL,400,-0.14119732958692632,-0.033105267236728575,0.002055854456380679
FEDFINA,401,-0.14429580916908583,0.003457833467136018,0.08553341385150359
RELAXO,402,-0.14787360304484584,0.3339715150846918,0.028444938352689464
JUBLFOOD,403,-0.148622647231054,0.10555335132379362,-0.03600295549264476
MGL,404,-0.15080475952020247,0.06908835180244943,0.0003922956554078816
CRAMC,405,-0.1518779336791278,0.10947056541450806,-0.0331129015997067
CIPLA,406,-0.15656687659432172,0.013911121017655459,0.07129941069608914
MANKIND,407,-0.15841328850270736,-0.04335455114348541,0.15026974738339272
FIEMIND,408,-0.15868550058019762,0.050262588485416204,-0.012348614361705867
POWERMECH,409,-0.15993027363255516,0.02932288820872908,0.126325430879906
APOLLOTYRE,410,-0.16009777531548944,0.16871429327613408,-0.0771561089106455
V2RETAIL,411,-0.1606532858785473,0.009985266408112592,0.08820034117049058
GMRAIRPORT,412,-0.1727623543981098,0.07575754291755143,0.018732535292791397
HOMEFIRST,413,-0.18143510353182,0.11249197686483892,0.005099066811630637
ASTRAL,414,-0.18458116556360096,-0.013524946430647722,-0.06831569135840931
DCBBANK,415,-0.1862812087801436,0.03954041218846727,-0.06477680941922581
AADHARHFC,416,-0.18638211884378855,0.05093694817112082,0.03444986130903005
MAHSCOOTER,417,-0.19458967183676706,0.11920803546747871,-0.04141641246010064
HAVELLS,418,-0.19833767637518135,0.0901070882621835,-0.09223583875760288
JAMNAAUTO,419,-0.19853087003500347,0.10713640669468671,-0.15386210122445243
PWL,420,-0.1987578538131831,0.09531572330591609,0.181258586237508
LTM,421,-0.2033516963798854,0.14546742044499017,-0.07650938728066992
HCLTECH,422,-0.208718285840105,0.14359991228240943,-0.08917984251088995
LUPIN,423,-0.21021088858049408,-0.004107794196945069,0.007386491392292527
SCI,424,-0.21113486719841915,-0.14882511312397462,0.0940413226544945
BLACKBUCK,425,-0.21278312048736708,0.11126926035021278,-0.06257498137736572
SAMMAANCAP,426,-0.2141384680359158,0.0906617281398232,0.025313113878913995
CESC,427,-0.21706456834166724,-0.047619014666257176,0.09041339659618197
MMTC,428,-0.22008563851146595,0.024890915502080224,0.00126319302138711
ADANIPORTS,429,-0.22177592401709223,-0.05083561921220303,0.09415850554722138
JPPOWER,430,-0.22787628992785475,-0.09028868148237745,0.15687586470505988
JUSTDIAL,431,-0.22908753799686354,0.27993820507293243,0.049948526198879684
ECLERX,432,-0.23282892836422317,0.21757997927685935,-0.015357613399453407
BLS,433,-0.2333146713401879,0.050176734162595826,-0.040258344920230504
CDSL,434,-0.23365387009777858,0.14827869292424345,0.0030181262030344325
GPPL,435,-0.23899451352708886,0.04933581885622074,-0.10061131000526802
ANGELONE,436,-0.2551294515229982,-0.03815974959329249,0.1362135581815127
CAMS,437,-0.2565293166218687,-0.009168738867916693,0.038964430560076924
COROMANDEL,438,-0.2569622509477774,0.12726674635698787,-0.12193064881894689
HEXT,439,-0.26357594140098933,0.1385152695680687,-0.012021561454256036
SARDAEN,440,-0.2652647413043906,-0.029076104759580668,0.02054423760067081
TVSSCS,441,-0.2673223826725437,0.10532035642472737,-0.014226838163895583
RITES,442,-0.26931979037887427,0.06670363538031832,-0.0013961337844331512
SENCO,443,-0.272677857573364,0.019969761281439125,-0.008047535010795914
PCJEWELLER,444,-0.2735189798036419,0.1825980145809325,-0.06219634068953894
SAMHI,445,-0.27600657739226264,0.11781494985464858,-0.013571551859362763
HINDZINC,446,-0.27751327134085735,-0.1190102120974077,-0.024356448155587684
ALKEM,447,-0.27926131883941424,0.0011484589377175336,0.009958080312781892
LTTS,448,-0.2845061957569052,0.004723287550031596,0.02039065559679165
ABREL,449,-0.28907825737960335,0.1230566581387389,0.017093936251632025
TRENT,450,-0.2903164892533354,0.10277299260911255,0.061977357226642216
BANCOINDIA,451,-0.2910467301303332,0.07883882242617357,-0.0352384676487979
FSL,452,-0.2919448326758572,0.12859098010649705,0.03774527271644357
DELHIVERY,453,-0.2950052387546708,-0.012397134166723833,0.04141599581424815
BANKINDIA,454,-0.29657676370211533,0.06748169854802488,-0.14490106275250492
EIEL,455,-0.298081648789372,0.054150795036142396,0.19110896264932986
CANBK,456,-0.2992089828536213,0.0707840056536746,-0.11977806439779937
BHARTIARTL,457,-0.3095228887674381,0.01765314692022435,-0.024476464829498612
LINDEINDIA,458,-0.3095881297879678,-0.06482029313910576,-0.006848609532578487
RELIGARE,459,-0.31351728909683674,0.059862399319990045,0.019638114864874767
ICICIAMC,460,-0.3158535762194706,-0.003838630170009294,0.015212370711947587
KSB,461,-0.3159292681163566,-0.05641516749036035,0.1003601074875402
STYRENIX,462,-0.3261065261226223,-0.04705879177676231,0.10125673728887041
RECLTD,463,-0.32741326215026373,0.036562881218557663,-0.04130325886042452
SUPREMEIND,464,-0.3326712400544554,0.03618389017444046,-0.07720960550990075
JBMA,465,-0.3363975970528689,-0.0017766883270896594,0.060301873231587866
AMBER,466,-0.33802671896622816,0.031383238973928806,-0.06536610083607808
LICI,467,-0.33882911901373847,0.06365980036488161,-0.0420162200892209
BRITANNIA,468,-0.34350512755462614,0.04065127061226881,-0.09338991501414606
TATACOMM,469,-0.3459163182348101,0.027721924312463342,0.034417963282809216
CHALET,470,-0.3469535536891375,0.051528788333301545,-0.046057583985115724
JSWCEMENT,471,-0.34700956103970076,0.04122356843219244,0.034568443077485744
AXISCADES,472,-0.3481489636738583,-0.19735205057894845,0.09454959759799975
REDTAPE,473,-0.35023733731250745,-0.00901156622878485,-0.0017116050935649385
PURVA,474,-0.3518782331113981,0.04585134310355077,-0.05036856930011202
MARUTI,475,-0.3539140143751864,0.06816556135762908,-0.08314149396570303
NSLNISP,476,-0.35728517316231856,-0.03995301512153193,0.027672917587951984
IEX,477,-0.35782392547655845,0.0032388787520558626,-0.0021420387814643504
PTC,478,-0.35864868308073744,-0.12853986261253414,0.04252282455532663
JSL,479,-0.35886862887083987,-0.017297818452843394,-0.029803476130488504
MSUMI,480,-0.36293098794548695,0.041409603583149934,-0.050337119406453246
PRAJIND,481,-0.3648545127093539,-0.06550239333665964,0.040804025822760215
GMDCLTD,482,-0.3656138243166735,-0.09307832571921026,-0.004768923755434362
COCHINSHIP,483,-0.37282639621599406,-0.014073372202263013,-0.02413185861174494
BANDHANBNK,484,-0.375024187983427,-0.08815011911610049,0.010606149681245514
SUNDARMFIN,485,-0.37702911142046575,-0.0008554997761411887,-0.10362747541962403
PFIZER,486,-0.3780113138842547,0.003278781933890196,-0.05331606158206681
AXISBANK,487,-0.3798915679557295,0.00853226793638484,-0.09334633108732315
KAYNES,488,-0.38110380063570354,0.1721506180597514,-0.09919901417128774
MASTEK,489,-0.38129190655943745,0.1120489848028754,0.0019157371850087035
CAPILLARY,490,-0.38391858691995523,-0.01223266400421219,-0.03726995211387241
BSE,491,-0.3957445200117051,-0.19493855247326874,0.1747226895709435
ASHAPURMIN,492,-0.39705552142311545,-0.06668751057486766,0.08417990266930242
PAGEIND,493,-0.4048174867900617,-0.020159808743117957,0.09895055972610667
INOXGREEN,494,-0.4061752402189167,0.0018896882705505824,0.030055482148018342
VAIBHAVGBL,495,-0.4070015387450221,0.07755546890781573,-0.08193224902166485
SBFC,496,-0.409585940433702,0.0356194819286737,-0.035143729522981615
AAVAS,497,-0.4112957024839296,0.03405025337429812,0.060661821938717164
BATAINDIA,498,-0.41380341635856577,0.12538309881869858,-0.08652972079439447
RATNAMANI,499,-0.41616759769039047,-0.02660538254092426,-0.03753191962080349
DALBHARAT,500,-0.42337685273441816,0.08257481812184087,-0.1291193747582522
HDBFS,501,-0.4246020019448295,0.03427394256828209,-0.03551585759904885
BPCL,502,-0.4297022270102363,0.11235761995049809,-0.17996846650409315
SANDUMA,503,-0.4312620118865761,-0.08833655627864956,-0.03421692147112998
ESCORTS,504,-0.43271052912586516,0.04566121097396847,-0.1241938512814923
GPIL,505,-0.43659011872296377,-0.0940172655115944,-0.048860943370750975
BHARTIHEXA,506,-0.4368840987299299,0.01714091134483131,-0.04586672382624846
TATAINVEST,507,-0.4384581794339918,-0.01357465728232643,0.015068459482080687
ULTRACEMCO,508,-0.43934303184948104,0.01767549543578051,-0.09857909272319176
FORTIS,509,-0.4508747079471318,-0.04581111477808608,0.003413167114701521
IIFLCAPS,510,-0.45409982740480564,-0.03279865911374591,0.03734702785834498
NHPC,511,-0.4556607747121538,-0.011973547836304888,0.005757647091127582
TRIDENT,512,-0.4558694952827721,0.03165079590500164,-0.045291219167726826
RENUKA,513,-0.4619578522984198,0.00345572030342578,-0.03928869937756385
SKFINDIA,514,-0.46223369441157414,0.005120688611729429,-0.02731573376328833
SAGILITY,515,-0.46521455693765934,0.02166773078511608,-0.07491011373671264
NAVA,516,-0.4655869105867569,-0.06200202054581028,-0.003968852041745574
TARIL,517,-0.47100511284238156,0.017951785880875315,-0.007037741798954333
BEL,518,-0.47247553593968117,-0.031387308685648985,-0.07310854496498553
DMART,519,-0.4731124207947607,-0.07278097864048949,0.019462595045514064
NEWGEN,520,-0.4798288539469724,0.16767906405340782,0.007866011448247834
ITI,521,-0.48119115096609816,-0.02110817941952503,-0.026417033294059866
GESHIP,522,-0.4819990452056047,-0.21907529769408418,0.026370138987604985
SRF,523,-0.48260538390818664,-0.0008704173370380763,-0.033986893090074966
JIOFIN,524,-0.4859122832481823,0.061888680086461534,-0.06464533788041871
TIMETECHNO,525,-0.48712939777417136,0.07124729643723904,-0.06127089260793006
KOTAKBANK,526,-0.4876623313035822,-0.0036426056509738514,-0.08438418394099934
TSFINV,527,-0.49383077928917263,0.08195352047109505,-0.03933841486373779
DBL,528,-0.5004080980923489,-0.03986332574031892,-0.06933096559869067
TATAPOWER,529,-0.5046061011507539,-0.053774624578832086,0.00791950901664995
NUVOCO,530,-0.5098843160043359,0.041706481531230466,-0.0548815694109156
UCOBANK,531,-0.5169154035672029,0.05105349324560571,-0.10629769550186197
KNRCON,532,-0.531050508221803,0.04393404212541885,-0.09125744218056431
JKCEMENT,533,-0.5338674784201077,-0.003416340930110895,-0.0873711164565194
JINDALSTEL,534,-0.5390571295490258,-0.10131518418663299,-0.09395976775269743
IONEXCHANG,535,-0.5402360104489392,-0.04449890435083126,-0.048793015659499006
CENTURYPLY,536,-0.5409629075760899,-0.026960305777677385,-0.02072569543764302
ITCHOTELS,537,-0.5425233777078518,0.0817333380578964,-0.08125117108342939
ERIS,538,-0.5436989749006917,0.0107649218911825,0.007908420552072526
MRF,539,-0.5518861951607471,0.03580673815074786,-0.09493088201972788
SUBROS,540,-0.5519133783495392,0.02557767641013675,-0.07980069485366958
ARVINDFASN,541,-0.5539069832543418,0.029575709016575136,-0.07818432382835461
HINDPETRO,542,-0.5546091790386164,0.07495755633196577,-0.1558861154095672
SWSOLAR,543,-0.5641352052677818,0.023519144557086147,-0.067982487991322
ABBOTINDIA,544,-0.5650773393282938,-0.024242478034719017,0.029781940350304126
CANFINHOME,545,-0.5743926545110695,-0.013829304062374037,-0.08071139892576995
JMFINANCIL,546,-0.5748437245271806,-0.011207827026982975,-0.10557971398917054
NH,547,-0.5761329410516353,-0.030757564801753956,-0.01914199117415527
APTUS,548,-0.5771266733778608,0.0015557910812469267,0.041508079446688884
THOMASCOOK,549,-0.5816793891884,0.10309946211618004,-0.07765677554853478
HDFCAMC,550,-0.5822555215765999,-0.019818734861863363,-0.08516184564816853
HCC,551,-0.5852852738679919,-0.05051934274820302,0.05287959207905102
MFSL,552,-0.5870407736748599,-0.013235906735443281,-0.13934873720975482
BLUEDART,553,-0.5889655965460677,0.037554852535973016,-0.12662142427626488
ELECTCAST,554,-0.5927974885507422,-0.0759364669553535,-0.027669046186427515
TENNIND,555,-0.5936111777749452,-0.07789042185544837,-0.006773231887723052
STAR,556,-0.6036740614797782,-0.17201384956692944,0.08692663836063375
IDBI,557,-0.6063041766695277,0.1702158536842402,-0.2826776874118957
EMBDL,558,-0.6088677190946981,-0.06542753198332951,-0.007422634601521372
PNCINFRA,559,-0.6095751480947362,0.011895156672502294,-0.0023269884644773198
COALINDIA,560,-0.610550724166731,-0.10571764124987881,-0.011368735367372595
SANOFICONR,561,-0.6263841212137818,-0.08121183271122823,0.07889431165954508
CHAMBLFERT,562,-0.6282668493741796,-0.037506048920933344,-0.04232270932957205
ONESOURCE,563,-0.6303309068335068,-0.14867776821535272,0.15626876741842977
VIPIND,564,-0.631212980423057,0.054881132238102426,-0.16812728886975348
KANSAINER,565,-0.6351443418267669,-0.06580063971918282,0.010000377233845503
NLCINDIA,566,-0.6355467546838292,-0.20508400157465967,0.04532577903682711
RELIANCE,567,-0.6384669520167916,-0.004551134836951132,-0.07734674064626357
WEBELSOLAR,568,-0.6417190462584069,-0.13535554646722248,0.30815533612786994
BSOFT,569,-0.6444923957087217,0.0018214865190493423,-0.1746569283348226
SURYAROSNI,570,-0.6552218829566354,-0.06620628695323394,-0.022474326414959278
ADVENZYMES,571,-0.6610662238978817,-0.16603937174733563,0.009998888728904864
INTELLECT,572,-0.6614245649501969,0.02540923423413388,0.01614684715911352
PINELABS,573,-0.6643366228717031,0.04851837707701634,-0.2067793317647285
DOMS,574,-0.6689262914407782,-0.02799200329313911,-0.05231912749179546
ANUP,575,-0.6709935804017091,-0.04947821937167296,0.019922548020104625
TATASTEEL,576,-0.6783143949950624,-0.10080462051748529,-0.0978794290379057
IOC,577,-0.6789131334577284,0.059660663000073555,-0.20871170284245477
CCAVENUE,578,-0.6813280062975999,0.1120943552398741,-0.20211639004896842
IXIGO,579,-0.6815838570204746,0.07420025674718045,-0.11365148506475053
NATCOPHARM,580,-0.6897616549192925,-0.23035347085094715,0.007411539119525523
FACT,581,-0.6908577953280522,-0.08121070507184402,-0.007735028758596441
ELECON,582,-0.6924344201230566,-0.10048029424815974,-0.00788573109295243
JKTYRE,583,-0.702667955050448,0.07591078354902003,-0.3185929942245397
CIEINDIA,584,-0.711939007662491,-0.09921895676406645,-0.09374523589790318
SUZLON,585,-0.7139357098948266,-0.10441317132940875,0.034714655431201
FORCEMOT,586,-0.7147461770071434,-0.06912607449856734,-0.2791139992867615
BAJAJELEC,587,-0.7148468707924016,0.006749342938873415,-0.06431841931249827
GALLANTT,588,-0.7157549440067575,-0.16195245207447817,-0.0011238319270836516
CHOLAHLDNG,589,-0.7158011162365041,-0.049091892111048696,-0.10959929745466379
JAIBALAJI,590,-0.7172549176387489,-0.1696550111874826,0.0032870345091886577
SHREECEM,591,-0.7229038764873419,0.01263554196624428,-0.06948546751101792
SWIGGY,592,-0.7307660195705392,0.08126719165867291,-0.1772720767871402
RCF,593,-0.7329925956180329,-0.00180817969930136,-0.09376148190807099
TEXRAIL,594,-0.7376769009042536,-0.04774851989957152,-0.07992650454788175
HEMIPROP,595,-0.7425039546221351,-0.09463902541583691,-0.04134390477614125
NTPCGREEN,596,-0.742998679908396,-0.13835657551524272,0.029372316579481916
GICRE,597,-0.7462733405879234,-0.081163830484273,-0.06542059036459003
TCS,598,-0.7466123190130256,0.023089034196241753,-0.1332083739872827
VOLTAS,599,-0.7551704887163453,0.005383451026987229,-0.1839157729909493
DCMSHRIRAM,600,-0.7631336989444141,-0.059922213159213644,-0.06544705318363142
ACI,601,-0.7655012126484105,-0.041203148634216924,-0.08554793223480295
WAAREERTL,602,-0.767322437251045,-0.04685157482535729,-0.004028463629768497
ROUTE,603,-0.7717507553495561,0.009265304816998388,-0.044717238286657746
RAMCOCEM,604,-0.7738999282886571,0.022123685202494858,-0.2023965544108457
MAXHEALTH,605,-0.7742367387848024,-0.04009960192960982,-0.06457763081667955
JWL,606,-0.7779469042311119,-0.0713626083912785,-0.1357536523690871
SAATVIKGL,607,-0.7788242768730185,-0.08182439305130884,-0.019818952438426796
MAPMYINDIA,608,-0.7820798698597234,0.07929516279964766,-0.12804024218193344
IOB,609,-0.7846648679264281,-0.002692197181163536,-0.0875752786743812
GHCL,610,-0.7946136526096123,2.800367447219898e-05,-0.10660724846395486
HUDCO,611,-0.7949382808212142,-0.057165116405224814,-0.030559230097345513
BAJAJHFL,612,-0.7960633298800404,0.008473553845505188,-0.04799461507101066
RAYMONDLSL,613,-0.7995137615766073,0.009206095421993687,-0.1988545571235052
PFC,614,-0.8129238403411306,-0.12168864792421796,-0.08610693323352658
INDIACEM,615,-0.8187650235755057,-0.07279028061589743,-0.12947468764883707
GODFRYPHLP,616,-0.8196430837644738,-0.07474232843984141,-0.13553737582415648
BANKBARODA,617,-0.819957850255215,-0.02962435698216681,-0.17304218772181135
INFY,618,-0.8216243147996338,-0.0015207749184351638,-0.16956934694096915
TECHNOE,619,-0.8335618038389278,-0.1466694875270078,-0.12125550863904266
AWL,620,-0.8396239617856212,-0.03445665383290919,-0.05017831467693035
ANURAS,621,-0.8409205417377006,-0.10969063950907842,-0.06076569935732845
TRIVENI,622,-0.844482541572187,-0.2531453048853448,-0.2868867250707928
VBL,623,-0.8479549778102398,-0.14215819318104173,-0.051537929266467164
RHIM,624,-0.8481230306354497,-0.004201616694398003,-0.21596192082617616
GSFC,625,-0.848401619829302,-0.05433952690643251,-0.08069978108211284
NCC,626,-0.8525081624493047,-0.06383014561423195,-0.04545179433056079
IRB,627,-0.8526318457208939,-0.053328170770256644,-0.09151863964374185
DRREDDY,628,-0.859145475145664,-0.10470966142200011,-0.06911623772659004
ZENSARTECH,629,-0.8626378952800966,0.02196728281677718,-0.14114828813610414
DBREALTY,630,-0.8712755091851861,-0.06900471962874999,-0.12995506108847232
JYOTHYLAB,631,-0.8733822163637895,-0.0006477225934862219,-0.11617432661643978
RTNINDIA,632,-0.8736848891485879,-0.07958271645337522,-0.07239416306644353
TARC,633,-0.8767571264569516,-0.056758989908156976,-0.24794153237804917
SUNTV,634,-0.8837913219683563,-0.06245800430045434,-0.16874026500690664
WAAREEENER,635,-0.8879867718608488,-0.09584655507193496,-0.08550416322525278
LEMONTREE,636,-0.8919324350994133,0.0012861680441982326,-0.11934392386485793
CYIENT,637,-0.8946769405067403,-0.021849534083341338,-0.15934497150924598
FINPIPE,638,-0.9002432949288116,-0.029521433977362177,-0.17003815375270026
MUTHOOTFIN,639,-0.9026953664371158,-0.11635112391934255,-0.1516709837465131
LICHSGFIN,640,-0.9244967232444213,-0.08285213582775497,-0.041750487965618754
NBCC,641,-0.9258708953148428,-0.03842137362955744,-0.09985401635322799
TMPV,642,-0.9268369352948638,-0.07464666808692133,-0.1464320220054317
SHAKTIPUMP,643,-0.9319594017625394,-0.004965075984682543,-0.13379426438219044
TATACONSUM,644,-0.9373893248470337,-0.12810255628697476,-0.08240928726940766
FIRSTCRY,645,-0.939067742677539,-0.05301737958528674,-0.04968767308648847
SBILIFE,646,-0.9461150463502616,-0.04337780702169369,-0.13469903118449467
NTPC,647,-0.9464454704969182,-0.1299252724065284,-0.0829261354481805
UTIAMC,648,-0.948410593152253,-0.013455525969388371,-0.1294141037354023
SUNTECK,649,-0.9568638839732114,-0.01077407613379655,-0.25595311562376777
SOBHA,650,-0.9798909316105081,-0.048350683028696495,-0.11559905968448747
CROMPTON,651,-0.9833678414574474,-0.15463179988970843,-0.09017141789901328
BAYERCROP,652,-0.9882408679768993,-0.031796209294827515,-0.1380915078077719
SAFARI,653,-0.9891808266690617,0.04271410347543503,-0.17439501712240013
UBL,654,-0.9909865081916147,0.013361635766133029,-0.1498833465680911
NFL,655,-0.9966116284535123,-0.04236480663679343,-0.130918487053986
EIDPARRY,656,-0.9966586311465411,-0.009409775720993885,-0.1493513404048048
JSLL,657,-0.9979418020913461,-0.19266712022533317,-0.28974503089048986
IGL,658,-1.001845698402037,-0.011606400118174154,-0.11187479401854727
TATACHEM,659,-1.0049452357190483,-0.08910286772980458,-0.035835272103029836
HBLENGINE,660,-1.0097199745337966,-0.1016358125953879,-0.0837606837606838
BIKAJI,661,-1.0191493079861376,-0.07476649293328574,-0.043137128541393066
WIPRO,662,-1.0426321769633673,-0.05689495121324606,-0.1449092249409255
GILLETTE,663,-1.0435281634481415,-0.029099844800827723,-0.133741057004385
INDUSTOWER,664,-1.0462511442252114,-0.0979394921197071,-0.18639903170367145
TTML,665,-1.0502479581300672,-0.0885528867015638,-0.12103678900830406
ICICIPRULI,666,-1.055662538793563,-0.02320314291791792,-0.22410247014510964
IREDA,667,-1.0575743004289975,-0.08777182122883265,-0.08974830521995847
GMRP&UI,668,-1.0583881565264126,-0.15190201442038986,-0.11587199199181375
HINDUNILVR,669,-1.0626765513870862,-0.08487655621032852,-0.11217078070926634
SIGNATURE,670,-1.0664189632187517,-0.04560044659445606,-0.2442090165592632
BBTC,671,-1.0679231867794419,-0.016435126171668646,-0.18381434792074458
AHLUCONT,672,-1.0804012514393997,-0.09625126944007667,-0.122802734375
CENTRALBK,673,-1.0842970052287273,-0.0811370960608987,-0.18294982375470925
EIHOTEL,674,-1.0955665342342815,-0.07644814011332002,-0.10583768356133794
VIKRAMSOLR,675,-1.0967589963601576,-0.11954842967791657,-0.19551980380447753
CAMPUS,676,-1.1061581312773512,-0.05513711756372153,-0.1950367865198568
RAILTEL,677,-1.1117416812772605,-0.1243916993981895,-0.1617675483167743
JUBLPHARMA,678,-1.1120257021993252,-0.13314366884492834,-0.015954881981312674
CSBBANK,679,-1.1219397593859413,-0.10596872488715992,-0.21584161437383975
ICICIGI,680,-1.1256284123605689,-0.09990479130154628,-0.16728444207037052
COLPAL,681,-1.1261841632114025,-0.10151568772855135,-0.12300036381985291
VEDL,682,-1.127736547423643,-0.18807339449541283,-0.601867162931758
POWERGRID,683,-1.1364194779489267,-0.09627377834491913,-0.10830141112962055
AFCONS,684,-1.139750038657995,-0.11307600837028042,-0.12885022270127233
AURIONPRO,685,-1.1436640561438567,-0.027774029154612023,-0.27099179777963
ORKLAINDIA,686,-1.1580613896799155,-0.13583286733161326,-0.007571544542525843
CELLO,687,-1.1590501019342667,-0.05602241672586339,-0.19749467751065675
BIRLACORPN,688,-1.1728585212181737,-0.1039849616016506,-0.13535952146392394
GODREJCP,689,-1.1813562045910582,-0.07258571213273757,-0.2235172772290217
SJVN,690,-1.1824053543504456,-0.09189106855866203,-0.12012798664740298
ONGC,691,-1.1900490881380539,-0.19397714262243737,-0.09467121116375887
KSCL,692,-1.194439722433917,-0.1662374801313241,-0.0792061322108264
RTNPOWER,693,-1.1963940411288134,-0.10855260784441056,-0.07823124764825207
EMAMILTD,694,-1.197050019149741,-0.049254057291533426,-0.17750690357451715
SBICARD,695,-1.2001618450678457,-0.009455167330228331,-0.21410782366625047
INDIASHLTR,696,-1.206543851072098,-0.14989460153860779,-0.09785085392458248
MOIL,697,-1.2096584722856107,-0.1462279856846288,-0.1619637771116662
NESCO,698,-1.2101721413243811,-0.15735956782945026,-0.11363905481935488
LATENTVIEW,699,-1.2138119177621487,-0.08762558225104844,-0.28287716385363626
SWANCORP,700,-1.21728787473678,-0.025107968196905528,-0.2566760227612541
BLUESTARCO,701,-1.2208312735864117,-0.07843801215307233,-0.2534099537480705
EUREKAFORB,702,-1.2349559082244055,-0.12458219540238913,-0.1727603872507566
ABFRL,703,-1.238854326919139,-0.11233052271327182,-0.2339833194665375
IRCON,704,-1.2440361761071617,-0.11981800126905207,-0.18538992257130937
STARCEMENT,705,-1.2472330413906405,-0.0645450142530779,-0.08748566269463975
SHARDACROP,706,-1.2492956080982764,-0.13523468958174756,-0.35757433599210176
ORIENTCEM,707,-1.2501819285334015,-0.02818975085897102,-0.18942758005638693
TATAELXSI,708,-1.264726485760658,-0.10153543199932769,-0.23587291260714416
SYNGENE,709,-1.269577015251001,-0.12728201352545931,-0.06049081475447071
AMBUJACEM,710,-1.2703080310382602,-0.038855306558397085,-0.20949065902503528
TRANSRAILL,711,-1.2768440918525394,-0.08245546811998172,-0.21756457785716543
WAKEFIT,712,-1.2817132152873445,-0.1497797312631115,-0.36500688496286193
UPL,713,-1.2920103424071347,-0.11141531997242604,-0.24191304000919223
TORNTPOWER,714,-1.2963253128730934,-0.16712852506393194,-0.1695270438466635
CRIZAC,715,-1.3679653598825845,-0.13822907172625365,-0.26324679964865805
JAINREC,716,-1.3734731432456242,-0.3589384005220484,-0.2129801162820778
VMM,717,-1.383048523708436,-0.1453588810689458,-0.1344712883519218
PIIND,718,-1.3852287205683875,-0.1846626666938881,-0.16509482122385155
NETWORK18,719,-1.3872290550626836,-0.08980890856954138,-0.24231179748691145
WHIRLPOOL,720,-1.392711902219655,-0.10170186673554404,-0.17477034346661835
KPITTECH,721,-1.4205195885296906,-0.14679447609734753,-0.2991455220058159
ACC,722,-1.428641936751296,-0.034235227409927016,-0.19965024451303115
AVANTIFEED,723,-1.4295989282575283,-0.3011293173716205,-0.35474252275482254
RPOWER,724,-1.4362362660018912,-0.15917602541416964,-0.18155302540396434
AWFIS,725,-1.4664107114660545,-0.17455391776570983,-0.16836018469884828
DABUR,726,-1.5021722312434007,-0.10500533661595957,-0.20009636096298478
PRSMJOHNSN,727,-1.5029328334713528,-0.1668117541575732,-0.15969674101256737
ASHOKA,728,-1.5241829367491242,-0.1048844472082966,-0.25183750848022013
KITEX,729,-1.524844709448862,-0.1592753694839466,-0.34039738301277833
HDFCBANK,730,-1.5333519310666088,-0.042510166555543516,-0.20409372518457558
ABLBL,731,-1.5388725240393393,-0.1362118331033546,-0.18029553389169384
IRCTC,732,-1.5438301605123212,-0.06928641022374782,-0.20158900924769363
INDIAMART,733,-1.5630952902126765,-0.07564623346347832,-0.17340425764870315
IRFC,734,-1.574962977208628,-0.11570758373974999,-0.22974892177636463
INOXWIND,735,-1.5805155655962262,-0.20812666195992746,-0.24112474264201755
MEDPLUS,736,-1.5839833815083608,-0.28566807714001885,-0.21703182507691665
RVNL,737,-1.5996599787581531,-0.18137974799599066,-0.26822513468253295
ZAGGLE,738,-1.6202646597817796,-0.24955444935979398,-0.3588912546019115
GODIGIT,739,-1.6563739496329672,-0.17097348249070654,-0.23751867548054462
OSWALPUMPS,740,-1.666369650114717,-0.1951713075830952,-0.16405152366001619
HGINFRA,741,-1.6692703676384653,-0.15287961166174147,-0.18095837291884753
RALLIS,742,-1.6827502758177073,-0.154166583530291,-0.26800398091379973
ALOKINDS,743,-1.6965616068660332,-0.12898336294209822,-0.23415612291367038
KEC,744,-1.7106703721877208,-0.110243895705875,-0.2802834890506224
CMSINFO,745,-1.7353882632453361,-0.17186459469789972,-0.21963419934175155
JKLAKSHMI,746,-1.8187363072452898,-0.1278249205251757,-0.21927977023974998
HDFCLIFE,747,-1.843030138804796,-0.10219201522837495,-0.25557982193733153
ITC,748,-1.991774568092668,-0.10441206436896111,-0.16448617853857284
KPIGREEN,749,-2.023866741405039,-0.26955486716431754,-0.23911964181237289
PATANJALI,750,-2.0919605122516383,-0.23043240284619593,-0.34451319174121875
